,team,season,offensive_points_per_drive,defensive_points_per_drive,total_offense_points,team_rush_yards,team_total_yards,team_passing_yards,league_avg_offensive_points_per_drive,league_avg_defensive_points_per_drive,team_offense_points,oline,team_points_for_skill_positions,rb,qb,wrte,M,dst,team_receiving_yards
11,atl,2013,1.85,2.38,353,1247,5490,4243,1.81375,1.81,101.9986216402481,46.36300983647641,55.635611803771695,7.513943652954624,12.511633719212439,35.61003443160463,1.3149171270718232,72.27935373044245,4243
33,buf,2013,1.48,1.68,339,2307,5410,3103,1.81375,1.81,81.59889731219849,37.09040786918113,44.50848944301736,11.285326838142094,8.63802227726757,24.5851403276077,0.9281767955801105,107.46020784004209,3103
44,car,2013,1.99,1.33,366,2026,5069,3043,1.81375,1.81,109.71743625086148,49.871561932209765,59.84587431865172,14.222381460872096,11.862108143022702,33.76138471475692,0.7348066298342542,131.30478129024218,3043
55,chi,2013,2.16,2.36,445,1828,6109,4281,1.81375,1.81,119.09028256374914,54.13194661988597,64.95833594386318,11.557447090992914,13.884231101746268,39.516657751123994,1.3038674033149171,73.15408746137278,4281
66,cin,2013,1.91,1.39,430,1755,5891,4136,1.81375,1.81,105.3066850447967,47.86667502036213,57.440010024434564,10.174745658945705,12.288968735027105,34.976295630461756,0.7679558011049723,126.71012361381615,4136
77,cle,2013,1.4,1.85,308,1383,5423,4040,1.81375,1.81,77.1881461061337,35.0855209573335,42.1026251488002,6.38429149507052,9.286766749969717,26.43156690375996,1.022099447513812,97.81394654322833,4040
143,clt,2013,1.97,1.72,391,1743,5468,3725,1.81375,1.81,108.61474844934529,49.37034020424785,59.24440824509743,11.22889973391381,12.484032212907744,35.531476298275884,0.9502762430939226,105.1024669150713,3725
0,crd,2013,1.71,1.53,379,1540,5542,4002,1.81375,1.81,94.27980702963474,42.854457740743065,51.425349288891674,8.496741511541593,11.161438022111021,31.76716975523906,0.8453038674033149,116.88513342721988,4002
88,dal,2013,2.18,2.25,439,1504,5458,3954,1.81375,1.81,120.19297036526535,54.633168347847885,65.55980201741747,10.741696934588004,14.252707321535661,40.5653977612938,1.2430939226519337,78.06752608962553,3954
99,den,2013,2.83,1.83,606,1873,7317,5444,1.81375,1.81,156.0303239145417,70.92287450660986,85.10744940793184,12.9536826874965,18.75997934731319,53.39378737312215,1.011049723756906,98.90106572472301,5444
110,det,2013,1.86,1.75,395,1792,6274,4482,1.81375,1.81,102.5499655410062,46.61362070045736,55.93634484054884,9.499670277997561,12.073535386263334,34.36313917628795,0.9668508287292817,103.3717442778216,4482
121,gnb,2013,2.15,2.19,417,2136,6404,4268,1.81375,1.81,118.53893866299104,53.88133575590502,64.65760290708602,12.8230247810059,13.476990312780831,38.35758781329929,1.2099447513812154,80.82696334418125,4268
132,htx,2013,1.29,1.91,276,1743,5556,3813,1.81375,1.81,71.12336319779463,32.328801453543015,38.79456174425162,7.2364731804188915,8.20510302659651,23.35298553723622,1.0552486187845302,94.61976801365307,3813
154,jax,2013,1.18,2.14,247,1260,4701,3441,1.81375,1.81,65.05858028945555,29.572081949752523,35.486498339703026,5.65541393709543,7.756081944677975,22.07500245792962,1.1823204419889504,83.1736975267207,3441
165,kan,2013,1.79,1.49,430,2056,5396,3340,1.81375,1.81,98.69055823569951,44.859344652590686,53.83121358310883,12.19568776065944,10.82523671383684,30.810289108612547,0.8232044198895028,119.57803403908191,3340
209,mia,2013,1.56,1.64,317,1440,5007,3567,1.81375,1.81,86.00964851826326,39.095294781028755,46.91435373723451,8.02253454026843,10.11187299121118,28.779946205754896,0.9060773480662982,109.87905942595337,3567
220,min,2013,1.87,2.22,391,2081,5508,3427,1.81375,1.81,103.1013094417643,46.86423156443832,56.23707787732598,12.63344667893255,11.336944111582293,32.26668708681114,1.2265193370165746,79.43979891493703,3427
242,nor,2013,2.29,1.6,414,1473,6391,4918,1.81375,1.81,126.25775327360441,57.38988785163836,68.86786542196604,9.437816045639483,15.451812837844907,43.97823653848166,0.8839779005524863,112.36360497237567,4918
231,nwe,2013,2.1,1.62,444,2065,6152,4087,1.81375,1.81,115.78221915920055,52.62828143600025,63.1539377232003,12.604485426690461,13.14285759709256,37.40659469941728,0.8950276243093923,111.1128163153946,4087
253,nyg,2013,1.33,1.59,294,1332,4920,3588,1.81375,1.81,73.32873880082701,33.331244909466825,39.997493891360186,6.438620967877493,8.7253069601055,24.833565963377193,0.8784530386740331,112.99558706000906,3588
264,nyj,2013,1.4,1.79,290,2158,5090,2932,1.81375,1.81,77.1881461061337,35.0855209573335,42.1026251488002,10.613626249479308,8.187139713823433,23.30185918549746,0.988950276243094,101.1111454057224,2932
330,oti,2013,1.85,1.83,362,1894,5390,3496,1.81375,1.81,101.9986216402481,46.36300983647641,55.635611803771695,11.624252482773699,11.44295342345948,32.56840589753852,1.011049723756906,98.90106572472301,3496
275,phi,2013,2.12,1.73,442,2566,6676,4110,1.81375,1.81,116.88490696071675,53.129503163962156,63.75540379675459,14.57062837082567,12.78804161074152,36.396733815187396,0.9558011049723757,104.52208347970493,4110
286,pit,2013,1.85,1.88,379,1383,5400,4017,1.81375,1.81,101.9986216402481,46.36300983647641,55.635611803771695,8.472317941649438,12.262456404151788,34.900837457970475,1.0386740331491713,96.20459621488186,4017
176,rai,2013,1.52,2.17,322,2000,5340,3340,1.81375,1.81,83.80427291523088,38.092851325104945,45.71142159012594,10.179686962068738,9.238251003294872,26.293483624762327,1.1988950276243093,81.7603177432085,3340
198,ram,2013,1.64,1.78,348,1752,4877,3125,1.81375,1.81,90.42039972432805,41.10018169287638,49.32021803145167,10.534824154216832,10.084202408081058,28.70119146915378,0.9834254143646408,101.67142591098144,3125
22,rav,2013,1.43,1.57,320,1328,4918,3590,1.81375,1.81,78.842177808408,35.83735354927636,43.00482425913164,6.904745642344119,9.386020440364756,26.714058176422764,0.8674033149171271,114.27314635605445,3590
187,sdg,2013,2.33,1.98,396,1965,6293,4328,1.81375,1.81,128.4631288766368,58.39233130756218,70.07079756907461,13.009566953032737,14.835919960170887,42.225310655870985,1.0939226519337015,91.01093811038564,4328
308,sea,2013,2.12,1.17,417,2188,5424,3236,1.81375,1.81,116.88490696071675,53.129503163962156,63.75540379675459,15.29204594774266,12.600473040743104,35.86288480826883,0.6464088397790054,145.02998536147712,3236
297,sfo,2013,1.96,1.41,406,2201,5180,2979,1.81375,1.81,108.06340454858719,49.1197293402669,58.943675208320286,14.891843060300976,11.45347635848502,32.59835578953429,0.7790055248618784,125.23412092002665,2979
319,tam,2013,1.41,1.99,288,1612,4432,2820,1.81375,1.81,77.7394900068918,35.33613182131445,42.403358185577346,9.170362320063635,8.640578925033566,24.59241694048015,1.0994475138121547,90.50501124406564,2820
341,was,2013,1.51,2.15,334,2164,5915,3751,1.81375,1.81,83.25292901447278,37.84224046112399,45.41068855334879,9.878284986168145,9.238424927466967,26.293978639713675,1.1878453038674033,82.7007580624438,3751
12,atl,2014,2.06,2.25,381,1498,6051,4553,1.835625,1.8328125,112.22335716717738,51.010616894171534,61.21274027300585,9.010469872914376,13.572590304023784,38.62968009606769,1.227621483375959,79.34809249786872,4553
34,buf,2014,1.58,1.37,343,1482,5096,3614,1.835625,1.8328125,86.07422540006809,39.124647909121855,46.94957749094623,8.118418391291584,10.09610136591021,28.73505773374444,0.7474850809889174,129.5167131038388,3614
45,car,2014,1.79,1.89,339,2036,5547,3511,1.835625,1.8328125,97.51447054817841,44.324759340081094,53.189711208097314,11.608288602230058,10.811169877525488,30.770252728341774,1.0312020460358056,96.9270008728129,3511
56,chi,2014,1.68,2.38,319,1441,5233,3792,1.835625,1.8328125,91.52196118488253,41.600891447673874,49.921069737208654,8.173688560688092,10.854319105895346,30.893062070625216,1.298550724637681,73.57692805383024,3792
67,cin,2014,1.84,1.72,365,2147,5568,3421,1.835625,1.8328125,100.23833844058562,45.5628811093571,54.67545733122852,12.535630978095138,10.95635485181468,31.183471501318706,0.9384484228473998,106.35701199716492,3421
78,cle,2014,1.44,1.68,299,1728,5193,3465,1.835625,1.8328125,78.44739530132789,35.65790695514904,42.78948834617885,8.46610139932828,8.924080606181148,25.39930634066942,0.9166240409207161,108.71678902539277,3465
144,clt,2014,2.18,1.67,458,1612,6506,4894,1.835625,1.8328125,118.76064010895473,53.98210914043397,64.77853096852076,9.5433978708536,14.361134605393461,40.8739984922737,0.9111679454390451,109.31622847655073,4894
1,crd,2014,1.52,1.55,310,1308,5116,3808,1.835625,1.8328125,82.80558392917943,37.63890178599065,45.16668214318879,6.8661984941381595,9.958125748753163,28.342357900297465,0.8456947996589941,116.83824388801804,3808
89,dal,2014,2.49,1.83,467,2354,6138,3784,1.835625,1.8328125,135.64862104187947,61.65846410994521,73.99015693193425,16.872307412358158,14.850640875089786,42.26720864448631,0.9984654731457802,100.15357060500607,3784
100,den,2014,2.31,1.72,482,1785,6446,4661,1.835625,1.8328125,125.84269662921348,57.20122574055158,68.6414708886619,11.302004015889816,14.908261386920742,42.43120548585134,0.9384484228473998,106.35701199716492,4661
111,det,2014,1.71,1.49,321,1422,5452,4030,1.835625,1.8328125,93.15628192032686,42.343764509239485,50.81251741108738,7.880166934467182,11.16241112392125,31.76993935269894,0.8129582267689685,120.85586382933684,4030
122,gnb,2014,2.63,1.84,486,1917,6178,4261,1.835625,1.8328125,143.27545114061968,65.12520506391803,78.15024607670165,14.418680400544282,16.570207075800916,47.16135860035645,1.003921568627451,99.60860906862746,4261
133,htx,2014,1.69,1.48,372,2161,5513,3352,1.835625,1.8328125,92.06673476336397,41.848515801529075,50.21821896183489,11.70439681089687,10.013593759243888,28.50022839169414,0.8075021312872975,121.54423465185134,3352
155,jax,2014,1.17,1.9,249,1633,4634,3001,1.835625,1.8328125,63.738508682328906,28.97204940105859,34.766459281270315,7.284698387587149,7.145257832357624,20.336503061325544,1.0366581415174765,96.39900081886302,3001
166,kan,2014,1.93,1.56,353,1918,5100,3182,1.835625,1.8328125,105.14130064691862,47.79150029405392,57.349800352864705,12.824229865868995,11.576648326618885,32.948922160376824,0.851150895140665,116.18644562758213,3182
210,mia,2014,1.99,1.99,388,1872,5601,3729,1.835625,1.8328125,108.40994211780728,49.277246417185125,59.13269570062215,11.75138097798377,12.319141827885979,35.0621728947524,1.085763000852515,91.76241528400742,3729
221,min,2014,1.64,1.83,325,1804,5048,3244,1.835625,1.8328125,89.34286687095675,40.61039403225307,48.732472838703686,10.35515474162886,9.978102705239456,28.399215391835373,0.9984654731457802,100.15357060500607,3244
243,nor,2014,2.3,2.3,401,1818,6582,4764,1.835625,1.8328125,125.29792305073202,56.95360138669637,68.34432166403565,11.224303338649921,14.85120476460029,42.26881356078544,1.2549019607843137,77.09865196078431,4764
232,nwe,2014,2.4,1.63,468,1727,5848,4121,1.835625,1.8328125,130.74565883554646,59.42984492524839,71.31581391029808,12.522521137778059,15.286256120855205,43.50703665166481,0.8893435635123614,111.75406415567026,4121
254,nyg,2014,1.93,1.88,380,1603,5875,4272,1.835625,1.8328125,105.14130064691862,47.79150029405392,57.349800352864705,9.304188886689484,12.491858981205556,35.55375248496966,1.0257459505541346,97.4577157701656,4272
265,nyj,2014,1.53,2.03,283,2280,5226,2946,1.835625,1.8328125,83.35035750766087,37.88652613984585,45.463831367815025,11.793763931949409,8.754217533325061,24.915849902540558,1.1075873827791987,89.7637958856706,2946
331,oti,2014,1.25,2.17,254,1447,4859,3412,1.835625,1.8328125,68.09669731018046,30.953044231900208,37.14365307828025,6.57699032775053,7.947332315137729,22.619330435391994,1.1839727195225915,83.03206678884739,3412
276,phi,2014,1.96,1.76,474,1992,6348,4356,1.835625,1.8328125,106.77562138236296,48.53437335561952,58.241248026743435,10.866859336518012,12.317341059458611,35.05704763076681,0.9602728047740836,104.054896693114,4356
287,pit,2014,2.23,2.09,436,1752,6577,4825,1.835625,1.8328125,121.48450800136193,55.22023090970997,66.26427709165196,10.495585748125668,14.499859749316837,41.26883159420946,1.1403239556692242,86.83099121175411,4825
177,rai,2014,1.21,2.12,253,1240,4515,3275,1.835625,1.8328125,65.91760299625469,29.962546816479403,35.95505617977528,5.871443133005715,7.8217393921600875,22.26187365460948,1.1566922421142372,85.39209779994852,3275
199,ram,2014,1.55,1.57,324,1635,5035,3400,1.835625,1.8328125,84.43990466462377,38.38177484755626,46.05812981706751,8.892943608362641,9.662948414263266,27.5022377944416,0.8566069906223359,115.53947530964754,3400
23,rav,2014,2.13,1.67,409,2019,5838,3819,1.835625,1.8328125,116.03677221654749,52.74398737115795,63.29278484538954,13.015096419833304,13.07219899064462,37.20548943491161,0.9111679454390451,109.31622847655073,3819
188,sdg,2014,1.87,1.88,348,1367,5465,4098,1.835625,1.8328125,101.87265917602996,46.305754170922704,55.56690500510725,8.264479617831388,12.298630600691725,35.00379478658414,1.0257459505541346,97.4577157701656,4098
309,sea,2014,2.13,1.39,394,2762,6012,3250,1.835625,1.8328125,116.03677221654749,52.74398737115795,63.29278484538954,17.289397683665328,11.960880662048297,34.042506499675916,0.7583972719522591,128.00864359663166,3250
298,sfo,2014,1.6,1.78,306,2176,5239,3063,1.835625,1.8328125,87.16377255703098,39.619896616832264,47.54387594019872,11.741566262435027,9.30860051621856,26.49370916154513,0.9711849957374254,102.92424740413995,3063
320,tam,2014,1.42,2.1,277,1375,4672,3297,1.835625,1.8328125,77.357848144365,35.162658247438635,42.19518989692636,7.3838653182965945,9.050944390443739,25.760380188186026,1.1457800511508953,86.34939029959808,3297
342,was,2014,1.58,2.13,301,1691,5738,4047,1.835625,1.8328125,86.07422540006809,39.124647909121855,46.94957749094623,8.226890346095644,10.067898657661154,28.654788487189435,1.1621483375959079,84.91635072583841,4047
13,atl,2015,1.84,1.94,339,1606,5985,4379,1.84,1.8415625,100.0,45.45454545454545,54.54545454545455,8.702838176522386,11.919080255922363,33.9235361130098,1.053453249618191,94.7902885500183,4379
35,buf,2015,1.95,1.81,379,2432,5775,3343,1.84,1.8415625,105.97826086956522,48.17193675889328,57.80632411067194,14.474644039861431,11.266236818410732,32.065443252399774,0.9828610215509928,101.72884118764374,3343
46,car,2015,2.4,1.45,500,2282,5871,3589,1.84,1.8415625,130.43478260869566,59.28853754940712,71.14624505928853,16.442827489016196,14.222888568270807,40.480529002001525,0.7873748515187511,124.13341259647623,3589
57,chi,2015,1.88,2.01,335,1854,5514,3660,1.84,1.8415625,102.17391304347825,46.44268774703557,55.73122529644268,11.141983635715006,11.593202831789196,32.99603882893848,1.0914644493466823,91.23678997047683,3660
68,cin,2015,2.26,1.44,419,1805,5728,3923,1.84,1.8415625,122.82608695652172,55.83003952569169,66.99604743083003,12.552907686651919,14.15521633348631,40.2879234106918,0.7819446801289666,124.84590835466281,3923
79,cle,2015,1.46,2.26,278,1529,5311,3782,1.84,1.8415625,79.34782608695652,36.06719367588932,43.280632411067195,7.408763621873411,9.326685885190384,26.5451829040034,1.2272187340912946,79.38159648127598,3782
145,clt,2015,1.54,1.98,333,1438,5142,3704,1.84,1.8415625,83.69565217391305,38.04347826086956,45.652173913043484,7.591179023374244,9.895858671314002,28.165136218355237,1.075173935177329,92.74540677648709,3704
2,crd,2015,2.37,1.66,489,1917,6533,4616,1.84,1.8415625,128.80434782608694,58.54743083003952,70.25691699604742,12.257996687881086,15.079719280123248,42.919201028043084,0.9014084507042253,110.39832746478875,4616
90,dal,2015,1.5,1.89,275,1890,5361,3471,1.84,1.8415625,81.52173913043478,37.055335968379445,44.466403162055336,9.321138369093406,9.137768846170102,26.007495946791828,1.0263023926692685,97.40346502262123,3471
101,den,2015,1.58,1.38,355,1718,5688,3970,1.84,1.8415625,85.8695652173913,39.03162055335968,46.83794466403162,8.411672542107324,9.990830751700317,28.435441370223977,0.7493636517902595,129.2550963959943,3970
112,det,2015,1.93,2.13,358,1335,5547,4212,1.84,1.8415625,104.89130434782608,47.67786561264822,57.21343873517786,8.187326461599275,12.746789191130432,36.27932308244815,1.1566265060240963,85.39784136546186,4212
123,gnb,2015,1.83,1.66,368,1850,5353,3503,1.84,1.8415625,99.45652173913044,45.20750988142292,54.249011857707515,11.147751362502946,11.20632772875319,31.894932766451383,0.9014084507042253,110.39832746478875,3503
134,htx,2015,1.57,1.51,339,1731,5564,3833,1.84,1.8415625,85.32608695652173,38.78458498023715,46.541501976284586,8.609368518958117,9.862354698904882,28.069778758421588,0.819955879857458,119.98109673560393,3833
156,jax,2015,1.85,2.05,376,1473,5581,4108,1.84,1.8415625,100.54347826086956,45.701581027667984,54.84189723320158,8.606452014988744,12.021215756735337,34.214229461477494,1.1131851349058204,89.25690179129435,4108
167,kan,2015,1.99,1.52,405,2044,5299,3255,1.84,1.8415625,108.15217391304347,49.16007905138339,58.99209486166008,13.530123081556082,11.82011266282704,33.64185911727696,0.8253860512472425,119.30841125342732,3255
211,mia,2015,1.52,1.94,310,1496,5307,3811,1.84,1.8415625,82.6086956521739,37.5494071146245,45.059288537549406,7.552448853109997,9.751778317954248,27.755061366485165,1.053453249618191,94.7902885500183,3811
222,min,2015,1.9,1.7,365,2211,5139,2928,1.84,1.8415625,103.26086956521739,46.93675889328063,56.32411067193676,14.408720759135743,10.898001377328265,31.017388535472755,0.9231291362633633,108.0071461280083,2928
244,nor,2015,2.14,2.58,408,1491,6461,4970,1.84,1.8415625,116.30434782608695,52.865612648221344,63.43873517786561,8.704691313386965,14.230851404764447,40.50319245971419,1.4009842185643986,65.63998480821418,4970
233,nwe,2015,2.34,1.54,465,1404,5991,4587,1.84,1.8415625,127.17391304347825,57.80632411067193,69.36758893280631,9.665967811882336,15.522421491440234,44.17919962948374,0.8362463940268114,117.9786705583997,4587
255,nyg,2015,2.03,2.18,420,1609,5952,4343,1.84,1.8415625,110.32608695652172,50.14822134387351,60.17786561264821,9.672769938592168,13.131324875254572,37.37377079880147,1.1837773629730188,83.04880386969768,4343
266,nyj,2015,1.95,1.45,387,1868,5925,4057,1.84,1.8415625,105.97826086956522,48.17193675889328,57.80632411067194,10.83639500810662,12.212181566666983,34.75774753589833,0.7873748515187511,124.13341259647623,4057
332,oti,2015,1.5,2.06,299,1485,4988,3503,1.84,1.8415625,81.52173913043478,37.055335968379445,44.466403162055336,7.871417842304492,9.514696183135221,27.080289136615626,1.118615306295605,88.76735361725858,3503
277,phi,2015,1.62,1.99,377,1743,5830,4087,1.84,1.8415625,88.04347826086956,40.0197628458498,48.023715415019765,8.537005198202902,10.266544656372384,29.220165560444475,1.0806041065671135,92.24020924450865,4087
288,pit,2015,2.1,1.71,423,1724,6327,4603,1.84,1.8415625,114.13043478260869,51.87747035573122,62.25296442687747,10.086033835183443,13.563401953840447,38.60352863785358,0.9285593076531478,107.4188913424888,4603
178,rai,2015,1.79,1.92,359,1457,5336,3879,1.84,1.8415625,97.28260869565217,44.219367588932805,53.06324110671937,8.615063061888563,11.55652629165601,32.89165175317479,1.0425929068386222,95.82771142890222,3879
200,ram,2015,1.29,1.52,280,1956,4761,2805,1.84,1.8415625,70.1086956521739,31.86758893280632,38.241106719367586,9.34161744550501,7.51386721120427,21.385622062658307,0.8253860512472425,119.30841125342732,2805
24,rav,2015,1.62,1.98,328,1478,5749,4271,1.84,1.8415625,88.04347826086956,40.0197628458498,48.023715415019765,7.341061103152053,10.577490121085606,30.10516419078211,1.075173935177329,92.74540677648709,4271
189,sdg,2015,1.78,2.0,320,1358,5949,4591,1.84,1.8415625,96.73913043478261,43.972332015810274,52.766798418972336,7.162052534676359,11.857233929916955,33.74751195437902,1.086034277956898,91.7373486021551,4591
310,sea,2015,2.27,1.43,423,2268,6058,3790,1.84,1.8415625,123.3695652173913,56.07707509881423,67.29249011857706,14.979638659429664,13.601341379378324,38.71151007976907,0.776514508739182,125.56457176583811,3790
299,sfo,2015,1.28,2.04,238,1544,4860,3316,1.84,1.8415625,69.56521739130434,31.620553359683793,37.94466403162055,7.167747457602529,8.001998309244685,22.774918264773333,1.107754963516036,89.74858760851193,3316
321,tam,2015,1.85,2.23,342,2162,6014,3852,1.84,1.8415625,100.54347826086956,45.701581027667984,54.84189723320158,11.722647156634519,11.211005019907434,31.90824505665962,1.2109282199219413,80.74422801735585,3852
343,was,2015,1.95,1.97,388,1566,5661,4095,1.84,1.8415625,105.97826086956522,48.17193675889328,57.80632411067194,9.50812566904362,12.557531594823363,35.740666846804956,1.0697437637875444,93.25297678524207,4095
14,atl,2016,2.9,2.22,540,1928,6653,4725,1.9221875,1.919375,150.8697772719883,68.5771714872674,82.2926057847209,14.179838264244628,17.709319555323834,50.403447965152445,1.1566265060240966,85.39784136546183,4725
36,buf,2016,2.14,2.06,399,2630,5666,3036,1.9221875,1.919375,111.3314908145017,50.605223097500776,60.72626771700093,16.760104607405356,11.43120240849485,32.53496070110072,1.0732660371214588,92.92346998858724,3036
47,car,2016,1.81,1.86,369,1814,5499,3685,1.9221875,1.919375,94.16355064217201,42.801613928260004,51.36193671391201,10.074323932994208,10.734779323038628,30.55283345787917,0.9690654509931619,103.14282960087955,3685
58,chi,2016,1.49,2.18,279,1735,5704,3969,1.9221875,1.919375,77.51585108112502,35.234477764147734,42.28137331697729,7.646980874061933,9.004942035157994,25.629450407757364,1.135786388798437,87.23304294539925,3969
69,cin,2016,1.87,1.81,325,1769,5711,3942,1.9221875,1.919375,97.28499430986832,44.22045195903105,53.06454235083727,9.773296006331476,11.255724049571507,32.03552229493429,0.9430153044610876,105.87064361672462,3942
80,cle,2016,1.44,2.43,264,1712,4976,3264,1.9221875,1.919375,74.91464802471143,34.052112738505194,40.86253528620623,8.3592950433414,8.450842463144857,24.05239777971998,1.2660371214588082,76.19145668426124,3264
146,clt,2016,2.24,2.13,411,1628,5830,4202,1.9221875,1.919375,116.53389692732891,52.96995314878587,63.56394377854304,10.554013306626015,13.782581922698428,39.227348549218604,1.1097362422663626,89.56893906039079,4202
3,crd,2016,2.03,1.76,418,1732,5868,4136,1.9221875,1.919375,105.6088440903918,48.00402004108718,57.60482404930462,10.10968429583588,12.348736335901872,35.146403417566866,0.9169651579290133,108.6794409671857,4136
91,dal,2016,2.45,1.86,421,2396,6027,3631,1.9221875,1.919375,127.458949764266,57.935886256484544,69.52306350778144,16.43370474137631,13.803233279265335,39.2861254871398,0.9690654509931619,103.14282960087955,3631
102,den,2016,1.54,1.47,333,1484,5169,3685,1.9221875,1.919375,80.11705413753862,36.41684278979028,43.700211347748336,7.459880368314682,9.42248605465275,26.8178449247809,0.7658743080429827,126.9911485434291,3685
113,det,2016,2.08,2.21,346,1310,5421,4111,1.9221875,1.919375,108.2100471468054,49.18638506672972,59.023662080075674,8.480842475197958,13.141133097268206,37.401686507609504,1.1514164767176815,85.85394991977203,4111
124,gnb,2016,2.47,2.25,432,1701,5900,4199,1.9221875,1.919375,128.49943098683144,58.40883226674156,70.09059872008987,12.0152560023051,15.099589106624041,42.975753611160734,1.172256593943341,84.03994808061073,4199
135,htx,2016,1.44,1.68,279,1859,5035,3176,1.9221875,1.919375,74.91464802471143,34.052112738505194,40.86253528620623,8.970696841757764,8.291877995556602,23.599960448891867,0.8752849234776945,113.36000977849623,3176
157,jax,2016,1.63,1.95,318,1631,5359,3728,1.9221875,1.919375,84.79921963908308,38.54509983594685,46.25411980313623,8.370310751683876,9.849790353377612,28.034018698074743,1.0159557147508955,98.41695785219882,3728
168,kan,2016,1.9,1.68,389,1748,5488,3740,1.9221875,1.919375,98.84571614371647,44.92987097441658,53.91584516929989,10.210915913987257,11.363281606381285,32.34164764893135,0.8752849234776945,113.36000977849623,3740
212,mia,2016,1.81,1.92,363,1824,5324,3500,1.9221875,1.919375,94.16355064217201,42.801613928260004,51.36193671391201,10.462829189878882,10.633767956248613,30.265339567784512,1.000325626831651,99.96744261675079,3500
223,min,2016,1.67,1.7,327,1205,5041,3836,1.9221875,1.919375,86.88018208421396,39.49099185646089,47.38919022775307,6.735511684928097,10.569956421134492,30.083722121690478,0.8857049820905242,112.16695677782673,3836
245,nor,2016,2.59,2.43,469,1742,6816,5074,1.9221875,1.919375,134.74231832222404,61.24650832828365,73.49580999394038,11.168686644333567,16.20505207089777,46.12207127870904,1.2660371214588082,76.19145668426124,5074
234,nwe,2016,2.41,1.41,441,1872,6180,4308,1.9221875,1.919375,125.3779873191351,56.9899942359705,68.3879930831646,12.31737561067546,14.578360542847177,41.49225692964196,0.7346141322044936,131.33223665218668,4308
256,nyg,2016,1.49,1.41,310,1412,5291,3879,1.9221875,1.919375,77.51585108112502,35.234477764147734,42.28137331697729,6.709141891731408,9.24878017056393,26.323451254681952,0.7346141322044936,131.33223665218668,3879
267,nyj,2016,1.5,2.05,275,1802,5268,3466,1.9221875,1.919375,78.03609169240774,35.47095076927624,42.565140923131494,8.657331603134812,8.816030423199138,25.091778896797543,1.0680560078150438,93.41122399949171,3466
333,oti,2016,2.07,1.84,381,2187,5728,3541,1.9221875,1.919375,107.68980653552266,48.94991206160121,58.73989447392145,13.33521101992232,11.805217698039776,33.59946575595936,0.9586453923803322,104.22465972880947,3541
278,phi,2016,1.85,1.77,367,1813,5398,3585,1.9221875,1.919375,96.24451308730288,43.747505948774034,52.49700713852884,10.483840995801055,10.923423197109226,31.089742945618564,0.9221751872354281,108.1108734065902,3585
289,pit,2016,2.16,1.82,399,1760,5962,4202,1.9221875,1.919375,112.37197203706715,51.078169107757795,61.29380292930936,10.758660931044627,13.13913691954883,37.3960050787159,0.9482253337675024,105.31881572920729,4202
179,rai,2016,2.11,2.01,416,1922,5973,4051,1.9221875,1.919375,109.77076898065356,49.89580408211525,59.87496489853831,11.455844162559417,12.588971391354512,35.83014934462438,1.0472158905893845,95.38485223669994,4051
201,ram,2016,1.13,1.85,224,1252,4203,2951,1.9221875,1.919375,58.78718907494716,26.721449579521433,32.065739495425724,5.6794614442837235,6.86043229329692,19.52584575784508,0.963855421686747,103.68222891566265,2951
25,rav,2016,1.7,1.64,343,1463,5563,4100,1.9221875,1.919375,88.4409039180621,40.20041087184641,48.2404930462157,7.543414301954022,10.581240473508036,30.11583827075364,0.8544448062520351,115.79529017520312,4100
190,sdg,2016,2.09,2.08,410,1510,5708,4198,1.9221875,1.919375,108.73028775808812,49.422858071858236,59.30742968622989,9.328741141766685,12.994459021560433,36.98422952290277,1.0836860957342884,91.95451732867019,4198
311,sea,2016,1.9,1.57,354,1591,5715,4124,1.9221875,1.919375,98.84571614371647,44.92987097441658,53.91584516929989,8.92465258620432,11.697710071604849,33.29348251149072,0.8179746011071313,120.22786230133131,4124
300,sfo,2016,1.55,2.33,309,2019,4930,2911,1.9221875,1.919375,80.63729474882133,36.65331579491879,43.98397895390254,10.710379788248689,8.651135783070004,24.622463382583852,1.2139368283946597,80.49146330129706,2911
322,tam,2016,1.79,1.92,354,1616,5542,3926,1.9221875,1.919375,93.12306941960657,42.328667918002985,50.79440150160358,8.806668302910504,10.916810631660201,31.070922567032877,1.000325626831651,99.96744261675079,3926
344,was,2016,2.26,2.12,396,1696,6454,4758,1.9221875,1.919375,117.57437814989432,53.44289915904287,64.13147899085145,10.020493237408393,14.068856295895195,40.04212945754786,1.104526212959948,90.04196765388939,4758
15,atl,2017,2.06,1.84,353,1847,5837,3990,1.7890625,1.7859375,115.14410480349345,52.338229456133384,62.805875347360065,11.816760455734984,13.257169871822521,37.73194501980256,1.0302712160979879,97.01734952118755,3990
37,buf,2017,1.57,1.9,302,2017,4842,2825,1.7890625,1.7859375,87.75545851528385,39.88884477967448,47.86661373560937,11.855906750080546,9.362783816237496,26.64792316929133,1.063867016622922,93.8050044320118,2825
48,car,2017,1.97,1.73,363,2102,5179,3077,1.7890625,1.7859375,110.11353711790393,50.051607780865425,60.06192933703851,14.494626742416145,11.847498674601814,33.719803920020546,0.9686789151356081,103.18274499466469,3077
59,chi,2017,1.32,1.67,264,1788,4599,2811,1.7890625,1.7859375,73.78165938864629,33.53711790393013,40.24454148471616,9.303193313721518,8.044750524458607,22.896597646536033,0.9350831146106736,106.71702690419684,2811
70,cin,2017,1.46,1.83,290,1366,4488,3122,1.7890625,1.7859375,81.60698689956332,37.09408495434696,44.51290194521636,8.055726557653095,9.47886560076645,26.978309786796817,1.0246719160104987,97.56251075685212,3122
81,cle,2017,1.22,2.0,234,1714,4942,3228,1.7890625,1.7859375,68.19213973799127,30.996427153632393,37.19571258435887,7.6704689540890785,7.676563343870147,21.84868028639965,1.1198600174978128,88.65543662510935,3228
147,clt,2017,1.42,2.06,263,1661,4553,2892,1.7890625,1.7859375,79.37117903930131,36.077808654227866,43.293370385073445,9.391053956769543,8.814602271359016,25.08771415694489,1.1534558180227472,85.67520667167817,2892
4,crd,2017,1.41,1.69,295,1386,5026,3640,1.7890625,1.7859375,78.8122270742358,35.82373957919809,42.98848749503772,7.048778571421528,9.34432432014021,26.595384603475978,0.9462817147856518,105.5243018346819,3640
92,dal,2017,2.02,1.77,354,2170,5311,3141,1.7890625,1.7859375,112.90829694323143,51.32195315601429,61.586343787217146,14.961971087043954,12.12233690204503,34.50203579812816,0.9910761154855643,100.89640609012858,3141
103,den,2017,1.35,1.78,289,1852,5185,3333,1.7890625,1.7859375,75.4585152838428,34.29932512901945,41.15919015482335,8.741379987323738,8.4286306435499,23.989179523949712,0.9966754155730534,100.3330129292125,3333
114,det,2017,1.96,1.78,410,1221,5404,4183,1.7890625,1.7859375,109.55458515283843,49.79753870583565,59.75704644700278,8.028056202909701,13.4495374634642,38.27945278062887,0.9966754155730534,100.3330129292125,4183
125,gnb,2017,1.79,2.13,320,1724,4891,3167,1.7890625,1.7859375,100.0524017467249,45.4783644303295,54.5740373163954,11.437909051574291,11.215393348853489,31.92073491596762,1.1926509186351706,82.29086956119922,3167
136,htx,2017,1.63,2.1,338,1842,5120,3278,1.7890625,1.7859375,91.10917030567686,41.41325922985312,49.69591107582374,10.630685707541602,10.156958595753355,28.90826677252878,1.1758530183727034,83.72967050993626,3278
158,jax,2017,1.82,1.24,417,2262,5855,3593,1.7890625,1.7859375,101.7292576419214,46.24057165541881,55.48868598650258,12.74650434801539,11.112967226006669,31.62921441248052,0.694313210848644,137.29794832853554,3593
169,kan,2017,2.21,1.85,415,1903,6007,4104,1.7890625,1.7859375,123.52838427947599,56.14926558157999,67.37911869789599,12.691923312019371,14.218670800327923,40.4685245855487,1.0358705161854769,96.47505527180724,4104
213,mia,2017,1.36,1.98,281,1388,4923,3535,1.7890625,1.7859375,76.0174672489083,34.553394204049226,41.46407304485908,6.951084180146235,8.97337710482534,25.539611759887507,1.1086614173228346,89.6663609520401,3535
224,min,2017,2.03,1.35,382,1957,5710,3753,1.7890625,1.7859375,113.46724890829692,51.57602223104406,61.89122667725287,12.612604124402162,12.812441863741183,36.46618068910952,0.7559055118110237,128.35055774278212,3753
246,nor,2017,2.41,1.75,448,2070,6259,4189,1.7890625,1.7859375,134.707423580786,61.23064708217546,73.47677649861055,14.448955241735035,15.347233526787633,43.68058773008788,0.9798775153105862,102.03290994875643,4189
235,nwe,2017,2.61,1.6,458,1889,6307,4418,1.7890625,1.7859375,145.88646288209608,66.31202858277095,79.57443429932513,14.171102638472714,17.00486623182163,48.398465429030786,0.8958880139982502,111.01614617508748,4418
257,nyg,2017,1.22,1.92,246,1549,5028,3479,1.7890625,1.7859375,68.19213973799127,30.996427153632393,37.19571258435887,6.8134957398018745,7.899376379584821,22.48284046497218,1.0750656167979002,92.75550822260499,3479
268,nyj,2017,1.5,1.9,298,1702,4884,3182,1.7890625,1.7859375,83.84279475982532,38.110361254466056,45.73243350535927,9.476089825434805,9.426649356780361,26.829694323144103,1.063867016622922,93.8050044320118,3182
334,oti,2017,1.72,1.81,334,1833,5024,3191,1.7890625,1.7859375,96.13973799126637,43.69988090512108,52.439857086145295,11.376149492468018,10.676563974356093,30.387143619321186,1.0134733158355207,98.66162426347258,3191
279,phi,2017,2.21,1.47,457,2115,5852,3737,1.7890625,1.7859375,123.52838427947599,56.14926558157999,67.37911869789599,14.479459057716928,13.753911506446556,39.1457481337325,0.8230971128608924,119.59131782634313,3737
290,pit,2017,2.23,1.67,406,1667,6047,4380,1.7890625,1.7859375,124.646288209607,56.65740373163954,67.98888447796745,11.144343853083182,14.779580562469908,42.06496006241435,0.9350831146106736,106.71702690419684,4380
180,rai,2017,1.69,2.07,301,1554,5185,3631,1.7890625,1.7859375,94.46288209606988,42.93767368003176,51.52520841603812,9.182120072597728,11.009202969294503,31.33388537414589,1.1590551181102362,85.18583105100993,3631
202,ram,2017,2.33,1.66,478,1953,5784,3831,1.7890625,1.7859375,130.235807860262,59.198094481937275,71.03771337832474,14.262113533200164,14.76165595973239,42.01394388539219,0.9294838145231846,107.31910746661187,3831
26,rav,2017,1.84,1.51,395,1856,4886,3030,1.7890625,1.7859375,102.8471615720524,46.74870980547836,56.09845176657404,12.67057551378318,11.291247825725621,32.13662842706523,0.8454943132108487,116.86228765071587,3030
191,sdg,2017,1.88,1.48,355,1595,6026,4431,1.7890625,1.7859375,105.08296943231441,47.76498610559746,57.317983326716956,9.020766027101022,12.557276497900144,35.73994080171579,0.8286964129483815,118.9009057039323,4431
312,sea,2017,1.71,1.68,366,1629,5286,3657,1.7890625,1.7859375,95.58078602620087,43.4458118300913,52.13497419610957,9.55309386978441,11.07128888484454,31.510591441480614,0.9406824146981627,106.11878105080615,3657
301,sfo,2017,1.78,1.98,331,1662,5587,3925,1.7890625,1.7859375,99.4934497816594,45.224295355299724,54.26915442635967,9.599008133966471,11.614238036022233,33.05590825637097,1.1086614173228346,89.6663609520401,3925
323,tam,2017,1.79,2.13,335,1448,5814,4366,1.7890625,1.7859375,100.0524017467249,45.4783644303295,54.5740373163954,8.081659985454921,12.088018106044524,34.404359224895956,1.1926509186351706,82.29086956119922,4366
345,was,2017,1.73,1.82,342,1448,5199,3751,1.7890625,1.7859375,96.69868995633188,43.95394998015085,52.74473997618102,8.734717366027887,11.442605878639815,32.56741673151332,1.0190726159230097,98.11058623681654,3751
16,atl,2018,2.4,2.39,414,1573,6226,4653,2.004375,1.998125,119.73807296538821,54.42639680244918,65.31167616293902,9.811409283191967,14.430069388734236,41.07019749101282,1.1961213637785424,81.9957100537507,4653
38,buf,2018,1.39,1.83,269,1984,4778,2794,2.004375,1.998125,69.34830059245401,31.521954814751822,37.82634577770219,9.339225620270525,7.4066512409322325,21.08046891649943,0.9158586174538631,108.80064836227955,2794
49,car,2018,2.15,2.19,376,2136,5972,3836,2.004375,1.998125,107.26535703149361,48.75698046886073,58.508376562632876,12.442866853565485,11.977032524357522,34.088477184709866,1.0960275258054426,90.8179159471708,3836
60,chi,2018,2.07,1.46,421,1938,5502,3564,2.004375,1.998125,103.27408793264732,46.94276724211242,56.3313206905349,11.79788277953789,11.578693856859223,32.954744054137784,0.7306850172036284,131.89468749598296,3564
71,cin,2018,2.03,2.5,368,1682,4972,3290,2.004375,1.998125,101.27845338322417,46.03566062873826,55.24279275448591,11.111980078096783,11.474011295861173,32.65680138052795,1.2511729746637472,77.40385126681264,3290
82,cle,2018,1.81,1.88,359,1893,5900,4007,2.004375,1.998125,90.30246336139695,41.04657425518043,49.255889106216515,9.396751066044402,10.36337589044475,29.495762149727362,0.9408820769471379,106.09751849306863,4007
148,clt,2018,2.38,1.83,433,1718,6179,4461,2.004375,1.998125,118.74025569067665,53.97284349576211,64.76741219491453,10.707361513579079,14.055613177147217,40.00443750418823,0.9158586174538631,108.80064836227955,4461
5,crd,2018,1.09,2.12,225,1342,3865,2523,2.004375,1.998125,54.381041471780485,24.718655214445675,29.66238625733481,6.1239277777808665,6.119999204684025,17.418459274869917,1.0609946825148577,94.07585549689863,2523
93,dal,2018,1.96,1.91,339,1963,5501,3538,2.004375,1.998125,97.78609292173371,44.448224055333505,53.33786886640021,11.317103056762944,10.925399110505689,31.095366699131574,0.9558961526431029,104.51212954061972,3538
104,den,2018,1.72,1.82,329,1907,5602,3695,2.004375,1.998125,85.81228562519489,39.00558437508858,46.80670125010631,9.474069802517247,9.706484176373156,27.626147271215903,0.910853925555208,109.35084767828354,3695
115,det,2018,1.82,1.97,324,1660,5236,3576,2.004375,1.998125,90.80137199875273,41.273350908523966,49.52802109022876,9.336420055618868,10.449816268998573,29.74178476561132,0.9859243040350328,101.41761728555802,3576
126,gnb,2018,2.04,2.15,376,1667,5905,4238,2.004375,1.998125,101.77736202057999,46.26243728208181,55.51492473849817,9.31850859262504,12.011068197927013,34.18534794794611,1.0760087582108226,92.66758534527281,4238
137,htx,2018,2.03,1.72,402,2021,5802,3781,2.004375,1.998125,101.27845338322417,46.03566062873826,55.24279275448591,11.441558136755978,11.388321000609782,32.41291361712015,0.8608070065686582,115.04467874133452,3781
159,jax,2018,1.24,1.72,245,1723,4832,3109,2.004375,1.998125,61.86467103211724,28.120305014598745,33.7443660175185,7.154521312086407,6.913359623412345,19.67648508201975,0.8608070065686582,115.04467874133452,3109
170,kan,2018,3.12,2.35,565,1855,6810,4955,2.004375,1.998125,155.65949485500468,70.75431584318395,84.90517901182074,13.751559135898734,18.49994116773972,52.653678708182284,1.1761025961839224,83.7081680631443,4955
214,mia,2018,1.59,2.27,319,1738,4638,2900,2.004375,1.998125,79.32647333956969,36.057487881622585,43.2689854579471,9.640880435241574,8.743307305903437,24.88479771680209,1.1360650609946825,87.20831082691785,2900
225,min,2018,1.8,1.63,360,1493,5529,4036,2.004375,1.998125,89.80355472404116,40.81979760183689,48.983757122204274,7.864774366294289,10.690935516536596,30.428047239373388,0.8157647794807632,120.50393894007227,4036
247,nor,2018,2.96,2.1,504,2025,6067,4042,2.004375,1.998125,147.67695665731213,67.12588938968733,80.5510672676248,15.986128086692675,16.786884187042354,47.778054993889775,1.0509852987175479,95.02513982602736,4042
236,nwe,2018,2.27,1.75,436,2037,6295,4258,2.004375,1.998125,113.25226067976301,51.47830030898319,61.773960370779825,11.885616040427312,12.970969525891652,36.917374804460856,0.8758210822646231,113.29823160105457,4258
258,nyg,2018,1.97,2.18,369,1650,5697,4047,2.004375,1.998125,98.2850015590895,44.67500070867704,53.610000850412455,9.232184937876132,11.538232137259444,32.83958377527688,1.0910228339067878,91.27741335053217,4047
269,nyj,2018,1.57,2.08,333,1622,4787,3165,2.004375,1.998125,78.32865606485812,35.60393457493551,42.724721489922615,8.607709854089052,8.870423025316727,25.246588610516838,1.0409759149202378,95.98305521552658,3165
335,oti,2018,1.82,1.72,310,2027,5002,2975,2.004375,1.998125,90.80137199875273,41.273350908523966,49.52802109022876,11.933888998442038,9.774474343864549,27.819657747922175,0.8608070065686582,115.04467874133452,2975
280,phi,2018,2.07,1.98,367,1570,5845,4275,2.004375,1.998125,103.27408793264732,46.94276724211242,56.3313206905349,8.996757758541953,12.306986362318167,35.02757656967478,0.9909289959336879,100.91125222351761,4275
291,pit,2018,2.23,1.88,428,1445,6453,5008,2.004375,1.998125,111.25662613033988,50.57119369560903,60.68543243473085,8.080004259908836,13.677411325453724,38.928016849368284,0.9408820769471379,106.09751849306863,5008
181,rai,2018,1.57,2.52,290,1628,5379,3751,2.004375,1.998125,78.32865606485812,35.60393457493551,42.724721489922615,7.688702435814294,9.109364954068164,25.92665410004016,1.2611823584610573,76.58621937853444,3751
203,ram,2018,2.66,2.11,527,2231,6738,4507,2.004375,1.998125,132.7096975366386,60.32258978938118,72.38710774725742,14.251177358149777,15.115341901167987,43.020588487939655,1.0559899906162027,94.54943411847896,4507
27,rav,2018,2.06,1.59,389,2441,5999,3558,2.004375,1.998125,102.77517929529155,46.71599058876888,56.05918870652267,13.563028756674223,11.049001586960596,31.44715836288785,0.7957460118861434,123.04681890254818,3558
192,sdg,2018,2.4,1.82,428,1873,5962,4089,2.004375,1.998125,119.73807296538821,54.42639680244918,65.31167616293902,12.199937115107687,13.809052152436148,39.30268689539519,0.910853925555208,109.35084767828354,4089
313,sea,2018,2.3,1.88,428,2560,5653,3093,2.004375,1.998125,114.74898659183036,52.1586302690138,62.59035632281656,16.85347109691113,11.891590158735413,33.84529506717002,0.9408820769471379,106.09751849306863,3093
302,sfo,2018,1.86,2.25,342,1902,5769,3867,2.004375,1.998125,92.79700654817586,42.18045752189811,50.616549026277745,9.922553805547667,10.580438757389821,30.11355646334026,1.1260556771973727,88.09999391790913,3867
324,tam,2018,2.15,2.38,396,1523,6648,5125,2.004375,1.998125,107.26535703149361,48.75698046886073,58.508376562632876,7.969808701286212,13.140027643950132,37.39854021739653,1.1911166718798873,82.4215823723922,5125
346,was,2018,1.61,1.96,281,1774,4795,3021,2.004375,1.998125,80.32429061428125,36.51104118830966,43.81324942597159,9.638099927271197,8.885538869662103,25.28961062903829,0.9809196121363779,101.92659592379334,3021
17,atl,2019,2.12,2.26,381,1361,6075,4714,1.948125,1.9446875,108.82258581969842,49.46481173622655,59.35777408347187,7.906975738437613,13.377207569708906,38.07359077532534,1.162140446729873,84.91703739801963,4714
39,buf,2019,1.63,1.3,314,2054,5283,3229,1.948125,1.9446875,83.67019570099454,38.0319071368157,45.63828856417884,10.550429391767134,9.122843384827044,25.965015787584665,0.6684878675879802,141.37127969752405,3229
50,car,2019,1.74,2.26,340,1819,5469,3650,1.948125,1.9446875,89.31665062560154,40.598477557091606,48.718173068509934,9.634667387464631,10.16171147707178,28.921794203973523,1.162140446729873,84.91703739801963,3650
61,chi,2019,1.51,1.66,280,1458,4749,3291,1.948125,1.9446875,77.51042669233237,35.23201213287835,42.27841455945402,7.717826372602181,8.985752928581478,25.574835258270358,0.8536075847661899,115.8945454604857,3291
72,cin,2019,1.49,2.1,279,1517,5169,3652,1.948125,1.9446875,76.48379852422201,34.76536296555546,41.71843555866655,7.279943678451776,8.954007888855841,25.48448399135893,1.079865016872891,92.30883248968878,3652
83,cle,2019,1.83,2.07,335,1901,5455,3554,1.948125,1.9446875,93.93647738209816,42.698398810044615,51.238078572053546,10.616983783984063,10.561484644898066,30.05961014317142,1.0644383737747067,93.75120933058834,3554
149,clt,2019,2.02,2.04,361,2130,5238,3108,1.948125,1.9446875,103.68944497914661,47.1315658996121,56.557879079534516,13.675026643483625,11.149541633373232,31.733310802677657,1.0490117306765228,95.21332277989934,3108
6,crd,2019,2.02,2.38,361,1990,5467,3477,1.948125,1.9446875,103.68944497914661,47.1315658996121,56.557879079534516,12.24103315767836,11.522379939682601,32.794465982173556,1.2238470191226096,79.66242845563423,3477
94,dal,2019,2.43,1.87,434,2153,6904,4751,1.948125,1.9446875,124.73532242540905,56.697873829731385,68.03744859567766,12.615725275527183,14.409648063239125,41.01207525691135,0.9615940864534791,103.91728765593567,4751
105,den,2019,1.6,1.74,282,1662,4777,3115,1.948125,1.9446875,82.130253448829,37.33193338583136,44.79832006299763,9.267411837031302,9.238036138751246,26.292872087215084,0.8947452996946811,111.1445597279096,3115
116,det,2019,1.77,2.23,341,1649,5549,3900,1.948125,1.9446875,90.85659287776708,41.29845130807595,49.55814156969114,8.756728798786511,10.608367320435203,30.193045450469423,1.1467138036316888,86.26716856281018,3900
127,gnb,2019,2.11,1.79,376,1795,5528,3733,1.948125,1.9446875,108.30927173564324,49.23148715256511,59.07778458307813,11.406215596206808,12.394607936586544,35.276961050284775,0.920456371524988,108.29806131201876,3733
138,htx,2019,2.18,2.22,378,2009,5792,3783,1.948125,1.9446875,111.90247032402952,50.864759238195234,61.03771108583429,12.588401311089406,12.59682054143367,35.85248923331121,1.1415715892656277,86.72068855473663,3783
160,jax,2019,1.63,2.12,300,1708,5468,3760,1.948125,1.9446875,83.67019570099454,38.0319071368157,45.63828856417884,8.476365344745767,9.6621000370526,27.499823182380478,1.0901494456050138,91.35779894616441,3760
171,kan,2019,2.59,1.88,451,1569,6067,4498,1.948125,1.9446875,132.94834777029195,60.43106716831452,72.51728060197743,11.15093835868414,15.955248983256256,45.411093260037035,0.9667363008195404,103.38359719306554,4498
215,mia,2019,1.61,2.55,306,1156,4960,3804,1.948125,1.9446875,82.64356753288418,37.565257969492805,45.07830956339137,6.246902619966049,10.096165805290584,28.735241138134736,1.3112646633456533,72.56789428369773,3804
226,min,2019,2.29,1.76,407,2133,5656,3523,1.948125,1.9446875,117.54892524863651,53.431329658471135,64.11759559016537,14.377376288581846,12.932457018411716,36.807762283171805,0.9050297284268038,109.99531755593254,3523
248,nor,2019,2.5,1.95,458,1738,5982,4244,1.948125,1.9446875,128.3285210137953,58.331145915361496,69.99737509843379,12.092220961369309,15.055340075636767,42.84981406142772,1.0027318013819702,99.72719198218354,4244
237,nwe,2019,1.97,0.98,420,1703,5664,3961,1.948125,1.9446875,101.1228745588707,45.964942981304866,55.15793157756584,9.86098576349959,11.777205911657225,33.51973990240902,0.5039370078740157,174.0218996062992,3961
259,nyg,2019,1.75,2.25,341,1685,5416,3731,1.948125,1.9446875,89.82996470965672,40.831802140753055,48.998162568903666,9.064043906090356,10.382870852331461,29.55124781048185,1.1569982323638117,85.36536615958718,3731
270,nyj,2019,1.23,1.78,276,1257,4368,3111,1.948125,1.9446875,63.13763233878729,28.69892379035786,34.43870854842943,5.892783178634958,7.421940596146563,21.123984773647912,0.9153141571589266,108.86034551284021,3111
336,oti,2019,2.02,1.78,402,2223,5805,3582,1.948125,1.9446875,103.68944497914661,47.1315658996121,56.557879079534516,12.878085686913494,11.356746282081467,32.323047110539555,0.9153141571589266,108.86034551284021,3582
281,phi,2019,1.96,1.86,385,1939,5772,3833,1.948125,1.9446875,100.60956047481552,45.731618397643416,54.87794207717211,10.961506869734636,11.418273153933743,32.49816205350373,0.9564518720874178,104.45395209455384,3833
292,pit,2019,1.4,1.52,289,1447,4428,2981,1.948125,1.9446875,71.86397176772537,32.665441712602444,39.19853005512293,7.616433541924749,8.211345093431527,23.370751419766652,0.7816165836413306,124.88915437056502,2981
182,rai,2019,1.83,2.39,313,1893,5819,3926,1.948125,1.9446875,93.93647738209816,42.698398810044615,51.238078572053546,9.910967428283591,10.745048897380189,30.582062246389764,1.2289892334886712,79.23437723770033,3926
204,ram,2019,1.98,1.83,394,1499,5998,4499,1.948125,1.9446875,101.63618864292589,46.19826756496631,55.43792107795958,8.238024212165096,12.271973185106567,34.92792368068792,0.9410252289892336,106.08227680190443,4499
28,rav,2019,2.95,1.63,531,3296,6521,3225,1.948125,1.9446875,151.42765479627846,68.83075218012657,82.5969026161519,24.82319741418538,15.021163352511294,42.75254184945522,0.8381809416680057,117.74394371414574,3225
193,sdg,2019,2.06,1.99,337,1453,5879,4426,1.948125,1.9446875,105.74270131536734,48.06486423425788,57.67783708110946,8.476022030473766,12.792471913165281,36.409343137470415,1.0233006588462157,97.69646203256359,4426
314,sea,2019,2.07,2.02,405,2200,5991,3791,1.948125,1.9446875,106.2560153994225,48.29818881791932,57.95782658150318,12.654832729024859,11.778778401644363,33.52421545083396,1.0387273019443999,96.19946411070079,3791
303,sfo,2019,2.44,1.63,479,2305,6097,3792,1.948125,1.9446875,125.24863650946422,56.93119841339283,68.31743809607138,15.357031086851663,13.769705822397128,39.190701186822594,0.8381809416680057,117.74394371414574,3792
325,tam,2019,2.11,2.01,458,1521,6366,4845,1.948125,1.9446875,108.30927173564324,49.23148715256511,59.07778458307813,8.392816685427483,13.178091653389167,37.50687624426148,1.0335850875783383,96.69605656635672,4845
347,was,2019,1.5,2.38,266,1583,4395,2812,1.948125,1.9446875,76.99711260827719,34.9986875492169,41.99842505906029,8.994478683435315,8.581026057662495,24.422920317962483,1.2238470191226096,79.66242845563423,2812
18,atl,2020,2.26,2.39,396,1532,5895,4363,2.210625,2.2121875,102.23353124116483,46.46978692780219,55.763744313362636,8.616836248481647,12.258196096869058,34.88871196801193,1.0803785845458398,92.26114399446533,4363
40,buf,2020,2.8,2.22,501,1723,6343,4620,2.210625,2.2121875,126.66101215719537,57.573187344179715,69.08782481301566,11.158685622210362,15.061576189609378,42.86756300119592,1.0035315722559683,99.64746417999437,4620
51,car,2020,2.09,2.5,350,1704,5592,3888,2.210625,2.2121875,94.54339836019226,42.97427198190557,51.56912637828669,9.343576777970515,10.978642896082205,31.246906704233965,1.1301031219098743,87.73859390450629,3888
62,chi,2020,2.03,2.01,372,1647,5302,3655,2.210625,2.2121875,91.82923381396664,41.74056082453029,50.08867298943635,9.25154697920844,10.617652762659256,30.21947324756865,0.9086029100155387,109.59939430021808,3655
73,cin,2020,1.7,2.3,311,1668,5116,3448,2.210625,2.2121875,76.90132880972577,34.955149458966254,41.946179350759515,8.131653727867375,8.791776661951957,25.022748960940184,1.0396948721570842,96.10628900084144,3448
84,cle,2020,2.38,2.45,408,2374,5913,3539,2.210625,2.2121875,107.66186033361606,48.937209242552754,58.72465109106331,14.018909673070578,11.623492768678108,33.082248649314614,1.1075010594716768,89.77163069988555,3539
150,clt,2020,2.36,2.01,451,1996,6049,4053,2.210625,2.2121875,106.75713881820752,48.52597219009433,58.23116662811319,11.42492611677475,12.169622532947995,34.63661797839045,0.9086029100155387,109.59939430021808,4053
7,crd,2020,2.3,2.02,410,2237,6153,3916,2.210625,2.2121875,104.0429742719819,47.29226103271905,56.75071323926286,12.267931711435347,11.565523197235153,32.91725833059236,0.9131233225031783,109.10095021147477,3916
95,dal,2020,2.08,2.49,395,1788,5949,4161,2.210625,2.2121875,94.09103760248799,42.76865345567636,51.32238414681163,9.17173135071069,10.959169726986245,31.191483069114696,1.1255827094222348,88.14230027186015,4161
106,den,2020,1.71,2.27,323,1918,5369,3451,2.210625,2.2121875,77.35368956743002,35.16076798519546,42.19292158223456,8.962223168459424,8.639981587581536,24.590716826193603,1.0261336346941659,97.41991518159126,3451
117,det,2020,2.2,2.98,377,1499,5603,4104,2.210625,2.2121875,99.51936669493924,45.23607577042692,54.283290924512315,8.635115204251425,11.868525687267832,33.779650032993054,1.34708292131657,69.7630938670574,4104
128,gnb,2020,3.08,2.18,509,2118,6224,4106,2.210625,2.2121875,139.3271133729149,63.330506078597686,75.99660729431722,15.37699712310674,15.761098644514725,44.85851152669575,0.9854499223054104,101.46574929757351,4106
139,htx,2020,2.34,2.7,384,1466,6004,4538,2.210625,2.2121875,105.85241730279898,48.1147351376359,57.737682165163086,8.38250051853197,12.83234722812409,36.522834418507024,1.220511371662664,79.94086660205198,4538
161,jax,2020,1.71,2.67,306,1519,5218,3699,2.210625,2.2121875,77.35368956743002,35.16076798519546,42.19292158223456,7.303217829318029,9.0713229757583,25.818380777158232,1.2069501341997455,81.07922549975056,3699
172,kan,2020,2.74,2.1,473,1799,6653,4854,2.210625,2.2121875,123.94684761096975,56.33947618680443,67.60737142416532,10.869977560318715,14.751722404600118,41.98567145924649,0.9492866224042944,105.20679983216623,4854
216,mia,2020,2.1,1.77,404,1688,5424,3736,2.210625,2.2121875,94.99575911789653,43.17989050813478,51.81586860976174,9.588187119768556,10.97919718739823,31.24848430259496,0.800113010312191,122.48552180077463,3736
227,min,2020,2.44,2.67,430,2283,6292,4009,2.210625,2.2121875,110.37602487984168,50.170920399928036,60.20510447991364,12.988872947235196,12.276220198496397,34.94001133418205,1.2069501341997455,81.07922549975056,4009
249,nor,2020,2.67,1.93,482,2265,6023,3758,2.210625,2.2121875,120.78032230703987,54.900146503199935,65.88017580383993,14.73095997013854,13.298796116762363,37.85041971693903,0.8724396101144228,113.68857648909754,3758
238,nwe,2020,1.92,2.16,326,2346,5236,2890,2.210625,2.2121875,86.85326547921969,39.47875703600895,47.374508443210736,12.62100804085537,9.035910104612395,25.71759029774297,0.9764090973301314,102.38758911497492,2890
260,nyg,2020,1.6,2.12,280,1768,4794,3026,2.210625,2.2121875,72.37772123268307,32.89896419667412,39.47875703600895,8.657024736284116,8.013650397928458,22.808081901796378,0.9583274473795733,104.25786112158737,3026
271,nyj,2020,1.36,2.47,243,1683,4479,2796,2.210625,2.2121875,61.52106304778061,27.964119567173004,33.5569434806076,7.497326196804168,6.7755004937888925,19.28411679001454,1.1165418844469557,88.9540292594336,2796
337,oti,2020,2.87,2.66,491,2690,6343,3653,2.210625,2.2121875,129.82753746112525,59.0125170277842,70.81502043334105,17.856811335948642,13.769134365322026,39.18907473207038,1.2024297217121063,81.46098571890596,3653
282,phi,2020,1.66,2.09,334,2027,5354,3327,2.210625,2.2121875,75.09188577890869,34.132675354049404,40.959210424859286,9.22036077944338,8.252100907808135,23.48674873760777,0.9447662099166547,105.68483543718162,3327
293,pit,2020,2.12,1.62,416,1351,5354,4003,2.210625,2.2121875,95.90048063330507,43.59112756059321,52.30935307271186,7.848330583989449,11.559865847067826,32.90115664165458,0.7323068229975985,131.6620508254287,4003
183,rai,2020,2.57,2.75,434,1916,6133,4217,2.210625,2.2121875,116.25671472999719,52.84396124090781,63.412753489089376,11.779316965252644,13.424693496197552,38.20874302763919,1.2431134341008616,78.06591920404783,4217
205,ram,2020,1.88,1.47,372,2018,6032,4014,2.210625,2.2121875,85.04382244840261,38.65628293109209,46.387539517310515,9.227458977393171,9.66162094037851,27.498459599538837,0.664500635683006,142.0194410049654,4014
29,rav,2020,2.56,1.72,468,3071,5810,2739,2.210625,2.2121875,115.80435397229292,52.63834271467859,63.16601125761432,19.852174966678785,11.26159743564324,32.0522388552923,0.7775109478739934,125.43222876909104,2739
194,sdg,2020,2.13,2.39,384,1784,6113,4329,2.210625,2.2121875,96.35284139100933,43.796746086822424,52.55609530418691,9.119782954796062,11.293441210841621,32.142871138549225,1.0803785845458398,92.26114399446533,4329
315,sea,2020,2.57,2.14,459,1971,5912,3941,2.210625,2.2121875,116.25671472999719,52.84396124090781,63.412753489089376,12.570419379703642,13.21900686844029,37.62332724094544,0.9673682723548523,103.31821021403309,3941
304,sfo,2020,2.05,1.96,376,1889,5922,4033,2.210625,2.2121875,92.73395532937516,42.15179787698871,50.582157452386454,9.593605608981061,10.657023479285401,30.331528364119986,0.8860008475773413,112.1333122129697,4033
326,tam,2020,2.72,1.89,492,1519,6145,4626,2.210625,2.2121875,123.04212609556122,55.92823913434601,67.1138869612152,9.864367314537812,14.88487510813612,42.36464453854126,0.8543579601638648,115.8055808277856,4626
348,was,2020,1.74,1.69,335,1611,5076,3465,2.210625,2.2121875,78.71077184054283,35.777623563883104,42.93314827665973,8.101913835225513,9.056120954772897,25.775113486661322,0.763949710411075,127.25184879897289,3465
19,atl,2021,1.68,2.52,313,1451,5164,3713,2.0575,2.056875,81.65249088699878,37.114768584999446,44.53772230199933,7.440980024517043,9.645152992145395,27.45158928533689,1.2251595259799455,79.55303560576462,3713
41,buf,2021,2.56,1.51,483,2209,6493,4284,2.0575,2.056875,124.4228432563791,56.555837843808675,67.86700541257042,13.728717117561521,14.075954956702313,40.06233333830659,0.7341233667578244,131.40227537071806,4284
52,car,2021,1.51,1.98,304,1842,5081,3239,2.0575,2.056875,73.39003645200485,33.35910747818402,40.03092897382083,8.628932194317544,8.164519162670855,23.237477616832432,0.9626253418413857,103.81002078671857,3239
63,chi,2021,1.62,2.22,311,2018,5225,3207,2.0575,2.056875,78.7363304981774,35.78924113553518,42.94708936264222,9.862557762026968,8.601978216159965,24.482553384455287,1.0793072014585234,92.36065344058733,3207
74,cin,2021,2.37,1.88,460,1742,6145,4403,2.0575,2.056875,115.1883353584447,52.3583342538385,62.830001104606204,10.590446912818281,13.58228408986486,38.65727010192306,0.914007900334245,109.00372732371328,4403
85,cle,2021,1.89,2.04,349,2471,5791,3320,2.0575,2.056875,91.85905224787363,41.75411465812438,50.104937589749255,12.712198412513121,9.722112186081397,27.67062699115474,0.9917958067456701,100.82381260389295,3320
151,clt,2021,2.39,1.99,451,2540,5901,3361,2.0575,2.056875,116.16038882138517,52.80017673699326,63.36021208439191,16.216072636684668,12.257476256403885,34.88666319130336,0.9674870859920998,103.30592208230456,3361
8,crd,2021,2.46,1.97,449,2076,6352,4276,2.0575,2.056875,119.56257594167678,54.3466254280349,65.21595051364189,12.673356303437316,13.661074494653189,38.881519715551384,0.9577635976906717,104.31676935404508,4276
96,dal,2021,2.46,1.7,530,2119,6919,4800,2.0575,2.056875,119.56257594167678,54.3466254280349,65.21595051364189,11.875787319074222,13.868442430587594,39.47172076398007,0.8264965056213918,119.17149824834216,4800
107,den,2021,1.96,1.72,335,2025,5618,3593,2.0575,2.056875,95.26123936816525,43.30056334916602,51.96067601899923,11.136251799940421,10.614350296955292,30.210073922103522,0.8362199939228199,117.98187821083575,3593
118,det,2021,1.81,2.54,325,1886,5484,3598,2.0575,2.056875,87.97083839611179,39.98674472550535,47.984093670606434,9.812111964933873,9.924715243474868,28.247266462197697,1.2348830142813736,78.74551464026203,3598
129,gnb,2021,2.54,2.12,450,1900,6215,4315,2.0575,2.056875,123.45078979343863,56.113995360653924,67.3367944327847,12.240125273598748,14.325133981388348,40.7715351777976,1.0306897599513827,96.97671483261954,4315
140,htx,2021,1.41,2.41,280,1422,4727,3305,2.0575,2.056875,68.52976913730255,31.14989506241025,37.3798740748923,6.686098723028323,7.980381591484634,22.713393760379343,1.1716803403220908,84.08973817061745,3305
162,jax,2021,1.38,2.43,253,1755,5191,3436,2.0575,2.056875,67.07168894289185,30.487131337678115,36.58455760521374,7.354359515884054,7.599851503225718,21.630346586103965,1.181403828623519,83.25233943302158,3436
173,kan,2021,2.71,2.14,480,1955,6746,4791,2.0575,2.056875,131.71324422843256,59.86965646746934,71.84358776096322,12.379679287822327,15.460616203016633,44.003292270124255,1.0404132482528108,96.0371646901632,4791
217,mia,2021,1.61,1.9,341,1568,5219,3651,2.0575,2.056875,78.25030376670716,35.5683198939578,42.68198387274936,7.624727299287749,9.11488670910002,25.942369864361595,0.9237313886356731,107.94172004190055,3651
228,min,2021,2.08,2.11,425,1930,6168,4238,2.0575,2.056875,101.09356014580801,45.95161824809455,55.141941897713465,10.25925812816329,11.669497780083047,33.21318598946713,1.0258280158006685,97.4497129540424,4238
250,nor,2021,1.85,1.63,364,1991,5177,3186,2.0575,2.056875,89.9149453219927,40.87042969181486,49.04451563017784,11.215134893072005,9.835638991647517,27.99374174545832,0.7924642965663933,123.47111032505455,3186
239,nwe,2021,2.54,1.56,462,2151,6008,3857,2.0575,2.056875,123.45078979343863,56.113995360653924,67.3367944327847,14.334543969069339,13.780585120565995,39.22166534314937,0.7584320875113948,128.00387639366102,3857
261,nyg,2021,1.31,2.15,258,1688,4884,3196,2.0575,2.056875,63.66950182260024,28.94068264663647,34.728819175963764,7.136869584736649,7.1739068937190495,20.418042697508064,1.0452749924035247,95.57055270540516,3196
272,nyj,2021,1.61,2.67,310,1667,5208,3541,2.0575,2.056875,78.25030376670716,35.5683198939578,42.68198387274936,8.123256718090726,8.985269060211246,25.573458094447393,1.2980856882406564,73.61397401493348,3541
338,oti,2021,2.16,1.93,419,2404,5822,3418,2.0575,2.056875,104.98177399756986,47.71898818071357,57.26278581685629,14.059040806455918,11.232973702704095,31.97077130769627,0.9383166210878153,106.37108604405483,3418
283,phi,2021,2.34,2.14,444,2715,6119,3404,2.0575,2.056875,113.73025516403402,51.69557052910637,62.03468463492765,16.36608928876485,11.873834790002329,33.794760556160476,1.0404132482528108,96.0371646901632,3404
294,pit,2021,1.7,2.01,343,1583,5361,3778,2.0575,2.056875,82.62454434993924,37.5566110681542,45.067933281785045,7.912681904200234,9.66036535817205,27.49488601941276,0.9772105742935278,102.30551606144303,3778
184,rai,2021,2.02,2.3,374,1617,6184,4567,2.0575,2.056875,98.17739975698663,44.62609079863029,53.551308958356344,8.325907594509669,11.758604354600134,33.466797009246534,1.1182011546642359,88.80461617983168,4567
206,ram,2021,2.5,1.85,460,1683,6325,4642,2.0575,2.056875,121.50668286755771,55.230310394344414,66.2763724732133,10.485841116090997,14.5055381528518,41.284993204270506,0.8994226678821028,110.62008282211109,4642
30,rav,2021,1.97,1.95,387,2479,6440,3961,2.0575,2.056875,95.74726609963548,43.5214845907434,52.225781508892084,11.953540674550766,10.470782616928743,29.801458217412574,0.9480401093892434,105.33837914592243,3961
195,sdg,2021,2.65,2.45,474,1834,6634,4800,2.0575,2.056875,128.79708383961116,58.54412901800507,70.2529548216061,11.54807022440565,15.263269995272116,43.44161460192833,1.191127316924947,82.42067497007918,4800
316,sea,2021,2.07,1.91,395,2074,5506,3432,2.0575,2.056875,100.60753341433777,45.73069700651717,54.8768364078206,12.290868397208149,11.072351682759237,31.51361632785321,0.9285931327863872,107.41523864863876,3432
305,sfo,2021,2.29,1.95,427,2166,6387,4221,2.0575,2.056875,111.30012150668286,50.59096432121948,60.709157185463376,12.241558055855437,12.601575773698064,35.866023355909874,0.9480401093892434,105.33837914592243,4221
327,tam,2021,2.59,1.78,511,1672,6901,5229,2.0575,2.056875,125.88092345078978,57.218601568540805,68.66232188224897,9.891534905308069,15.280404614004636,43.490382362936266,0.8653904588271043,114.50786469909421,5229
349,was,2021,1.8,2.36,335,2061,5502,3441,2.0575,2.056875,87.48481166464155,39.76582348392798,47.71898818071357,10.628441559776372,9.643542121443673,27.44700449949353,1.1473716195685202,86.20927919106552,3441
20,atl,2022,2.0,2.27,365,2718,5417,2699,1.9340625,1.9278125,103.40927451930845,47.00421569059475,56.405058828713706,16.827888667417216,10.290064241937088,29.287105919359405,1.1775004052520668,83.58781013387244,2699
42,buf,2022,2.52,1.67,455,2232,6361,4129,1.9340625,1.9278125,130.29568589432864,59.22531177014938,71.07037412417927,14.827855772268082,14.623054771496909,41.619463580414276,0.8662668179607715,114.40559622770994,4129
53,car,2022,1.76,1.9,347,2210,5206,2996,1.9340625,1.9278125,91.00016157699143,41.363709807723374,49.63645176926806,12.528809196362891,9.647987068955343,27.459655503949822,0.9855730264224347,101.45325657361512,2996
64,chi,2022,1.85,2.45,326,3014,5233,2219,1.9340625,1.9278125,95.65357893036031,43.47889951380014,52.174679416560174,17.867889550995358,8.919765365046853,25.387024500517963,1.2708704814394556,75.79958817292518,2219
75,cin,2022,2.36,1.77,418,1528,5768,4240,1.9340625,1.9278125,122.02294393278397,55.464974514901805,66.55796941788216,10.483809554820288,14.579281564396087,41.49487829866578,0.9181390825093209,108.55102610052265,4240
86,cle,2022,1.89,2.05,361,2490,5934,3444,1.9340625,1.9278125,97.72176442074648,44.41898382761204,53.30278059313444,13.299111491687412,10.400953966376228,29.602715135070802,1.0633814232452585,93.8507459109078,3444
152,clt,2022,1.39,1.99,289,1866,5298,3432,1.9340625,1.9278125,71.86944579091937,32.66792990496335,39.20151588595602,8.209628468418815,8.057890728559673,22.933996688977533,1.032258064516129,96.82459677419355,3432
9,crd,2022,1.65,2.3,340,1873,5499,3626,1.9340625,1.9278125,85.31265147842947,38.778477944740665,46.53417353368881,9.424254801262054,9.648578870430956,27.4613398619958,1.1930620846166315,82.25586316047277,3626
97,dal,2022,2.31,1.65,467,2298,6034,3736,1.9340625,1.9278125,119.43771206980126,54.28986912263694,65.14784294716432,14.752503148988342,13.102788347525756,37.29255145065023,0.8558923650510617,115.62394235350753,3736
108,den,2022,1.44,1.72,287,1935,5527,3592,1.9340625,1.9278125,74.45467765390208,33.84303529722822,40.61164235667386,8.454015008012783,8.360983110651881,23.7966442380092,0.8922029502350463,111.43091353475934,3592
119,det,2022,2.48,2.32,453,2179,6460,4281,1.9340625,1.9278125,128.22750040394249,58.285227456337495,69.94227294760499,14.027665804377408,14.537797857239173,41.376809285988415,1.2034365375263414,81.3758563133381,4281
130,gnb,2022,1.97,2.07,370,2113,5745,3632,1.9340625,1.9278125,101.85813540151882,46.29915245523583,55.558982946282995,12.15023583958277,11.286274247742059,32.12247285895817,1.0737558761549684,92.87772551592309,3632
141,htx,2022,1.43,1.89,289,1476,4820,3344,1.9340625,1.9278125,73.93763128130554,33.608014218775246,40.329617062530296,7.343183387094785,8.576472755613233,24.40996091982228,0.9803857999675798,101.9810406894517,3344
163,jax,2022,2.08,1.95,404,2116,6075,3959,1.9340625,1.9278125,107.54564550008078,48.88438431821854,58.661261181862244,12.149033613782901,12.09317916770063,34.41904840037871,1.0115091586967093,98.85563180875428,3959
174,kan,2022,2.71,2.01,496,1970,7032,5062,1.9340625,1.9278125,140.11956697366296,63.69071226075589,76.42885471290707,12.731092470164931,16.561418183112956,47.13634405962918,1.0426325174258388,95.8239089545787,5062
218,mia,2022,2.13,2.04,397,1686,6197,4511,1.9340625,1.9278125,110.1308773630635,50.05948971048341,60.07138765258009,9.717727020526501,13.091951764333933,37.261708867719655,1.0581941967904036,94.34059653302884,4511
229,min,2022,2.04,2.09,424,1661,6145,4484,1.9340625,1.9278125,105.47746000969462,47.94430000440665,57.533160005287975,9.24670346321216,12.554478700939711,35.7319778411361,1.0841303290646782,91.91339981470867,4484
251,nor,2022,1.73,1.74,330,1982,5674,3692,1.9340625,1.9278125,89.44902245920181,40.65864657236446,48.79037588683735,10.133732578997876,10.050727260038263,28.60591604780121,0.9025774031447561,110.26804076230243,3692
240,nwe,2022,1.63,1.63,364,1812,5348,3536,1.9340625,1.9278125,84.27855873323638,38.30843578783472,45.97012294540166,9.261117978408153,9.544341291418313,27.1646636755752,0.8455179121413519,116.85945715366861,3536
262,nyg,2022,1.95,1.99,365,2519,5676,3157,1.9340625,1.9278125,100.82404265632574,45.82911029832988,54.994932357995864,14.512071507415838,10.525543821150807,29.957317029429216,1.032258064516129,96.82459677419355,3157
273,nyj,2022,1.47,1.57,296,1686,5409,3723,1.9340625,1.9278125,76.00581677169171,34.54809853258714,41.45771823910457,7.683638804819129,8.781260652914215,24.992818781371227,0.8143945534122224,120.67557487715956,3723
339,oti,2022,1.53,1.84,298,2131,5045,2914,1.9340625,1.9278125,79.10809500727096,35.95822500330498,43.14987000396598,10.83734072014536,8.401257613793362,23.91127167002726,0.9544496676933053,104.66372585446517,2914
284,phi,2022,2.5,1.78,477,2509,6614,4105,1.9340625,1.9278125,129.26159314913556,58.755269613243435,70.50632353589214,15.903235751085633,14.196802824049692,40.406284960756814,0.9233263089641758,107.98572106864515,4105
295,pit,2022,1.68,1.93,308,2073,5484,3411,1.9340625,1.9278125,86.8637905962191,39.48354118009959,47.38024941611951,10.649277775501934,9.55005262656057,27.180919014057004,1.0011347057869995,99.88659372619408,3411
185,rai,2022,2.18,2.23,395,2059,5993,3934,1.9340625,1.9278125,112.71610922604623,51.23459510274829,61.48151412329794,12.55965124517861,12.719684348311025,36.2021785298083,1.156751499432647,85.38692054406272,3934
207,ram,2022,1.71,2.04,307,1661,4769,3108,1.9340625,1.9278125,88.41492971400872,40.18860441545851,48.226325298550215,9.987284880730972,9.942150508633002,28.296889909186238,1.0581941967904036,94.34059653302884,3108
31,rav,2022,1.9,1.79,350,2720,5760,3040,1.9340625,1.9278125,98.23881079334302,44.654004906065005,53.584805887278016,15.0455836350165,10.020197785587994,28.51902446667352,0.9285135354190307,107.42383440223281,3040
196,sdg,2022,2.01,2.01,391,1524,6108,4584,1.9340625,1.9278125,103.92632089190498,47.239236769047714,56.687084122857264,8.4099035225011,12.552066956092602,35.72511364426356,1.0426325174258388,95.8239089545787,4584
317,sea,2022,2.12,2.05,407,2042,5976,3934,1.9340625,1.9278125,109.61383099046695,49.82446863203043,59.78936235843652,12.147587261615843,12.386861525173376,35.2549135716473,1.0633814232452585,93.8507459109078,3934
306,sfo,2022,2.32,1.45,450,2360,6216,3856,1.9340625,1.9278125,119.95475844239779,54.5248902010899,65.42986824130789,14.770595321092495,13.171410959256002,37.48786196095939,0.7521478359539634,128.8689013057501,3856
328,tam,2022,1.6,1.82,313,1308,5894,4586,1.9340625,1.9278125,82.72741961544676,37.6033725524758,45.124047062970966,5.954243794807604,10.184148849722474,28.985654418440888,0.9440752147835955,105.75812112895211,4586
350,was,2022,1.55,1.68,321,2143,5615,3472,1.9340625,1.9278125,80.14218775246405,36.42826716021093,43.713920592253125,9.920033213363654,8.786410718511263,25.00747666037821,0.8714540444156266,113.8026698030282,3472
21,atl,2023,1.6,1.86,321,2159,5683,3524,1.89,1.8846875,84.65608465608466,38.48003848003848,46.17604617604618,10.43068155508768,9.29379480144921,26.451569819509288,0.9869010114408887,101.31859190107384,3524
43,buf,2023,2.37,1.67,451,2212,6366,4154,1.89,1.8846875,125.3968253968254,56.998556998557,68.39826839826841,14.131379258617716,14.109391176309183,40.15749796334152,0.8860885425302603,112.12334233456485,4154
54,car,2023,1.19,2.09,236,1769,4510,2741,1.89,1.8846875,62.96296296296297,28.619528619528623,34.343434343434346,8.009694838963132,6.846772271162516,19.4869672333087,1.1089371580169125,89.64135980250366,2741
65,chi,2023,1.9,1.88,360,2399,5495,3096,1.89,1.8846875,100.52910052910053,45.69504569504569,54.83405483405484,14.23422642712907,10.555955385800699,30.043873021125066,0.9975128502735864,100.24902503951216,3096
76,cin,2023,1.87,2.01,366,1527,5422,3895,1.89,1.8846875,98.94179894179895,44.973544973544975,53.968253968253975,9.03730309853512,11.682047226126903,33.24890364359195,1.0664898026861216,93.55828349753472,3895
87,cle,2023,1.69,1.43,396,2017,5710,3693,1.89,1.8846875,89.41798941798942,40.64454064454064,48.77344877344878,10.244109508557846,10.017628208871642,28.511711056019287,0.7587464765378875,127.96084050876996,3693
153,clt,2023,1.83,2.01,396,2059,5725,3666,1.89,1.8846875,96.82539682539684,44.01154401154402,52.81385281385282,11.294048883568536,10.795149021873915,30.72465490841037,1.0664898026861216,93.55828349753472,3666
10,crd,2023,1.83,2.49,330,2365,5509,3144,1.89,1.8846875,96.82539682539684,44.01154401154402,52.81385281385282,13.48115742742717,10.226500800470669,29.10619458595498,1.3211739346708673,71.786433788545,3144
98,dal,2023,2.67,1.75,509,1920,6317,4397,1.89,1.8846875,141.26984126984127,64.21356421356421,77.05627705627705,13.925773621831878,16.413930892955747,46.71657254148943,0.9285358978610512,107.42141939266172,4397
109,den,2023,1.81,2.16,357,1810,5072,3262,1.89,1.8846875,95.76719576719577,43.53054353054353,52.23665223665224,11.083977172305246,10.699695516730218,30.452979547616774,1.1460785939313547,86.32309576639521,3262
120,det,2023,2.44,2.05,461,2311,6712,4401,1.89,1.8846875,129.10052910052912,58.68205868205869,70.41847041847043,14.416357443771034,14.560549373421845,41.44156360127756,1.087713480351517,91.58231378730221,4401
131,gnb,2023,2.16,1.99,383,1905,5873,3968,1.89,1.8846875,114.28571428571429,51.94805194805195,62.337662337662344,12.02282285204131,13.08185826626147,37.232981219359566,1.055877963853424,94.56005909376096,3968
142,htx,2023,1.89,1.8,377,1647,5820,4173,1.89,1.8846875,100.0,45.45454545454545,54.54545454545455,9.178044023404848,11.79552673573292,33.571883786316775,0.9550654949427956,104.59915580841577,4173
164,jax,2023,1.86,1.83,377,1646,5772,4126,1.89,1.8846875,98.41269841269842,44.733044733044736,53.67965367965368,9.101944237079374,11.59020445506932,32.98750498750499,0.9709832531918422,102.94503132947892,4126
175,kan,2023,2.01,1.5,371,1784,5972,4188,1.89,1.8846875,106.34920634920634,48.34054834054834,58.008658008658,10.303596103997979,12.403316095211608,35.30174580944842,0.7958879124523296,123.0285210440502,4188
219,mia,2023,2.53,1.86,496,2308,6822,4514,1.89,1.8846875,133.86243386243385,60.846560846560834,73.01587301587301,14.687988654567372,15.165249933939467,43.16263442736617,0.9869010114408887,101.31859190107384,4514
230,min,2023,1.85,1.91,344,1553,5912,4359,1.89,1.8846875,97.88359788359789,44.49254449254449,53.3910533910534,8.339240071310437,11.713471463133171,33.338341856609794,1.013430608522633,98.66583868381599,4359
252,nor,2023,1.94,1.6,402,1742,5732,3990,1.89,1.8846875,102.64550264550265,46.657046657046656,55.98845598845599,10.117225190498045,11.926520007469065,33.94471079048888,0.8489471066158183,116.4491290442091,3990
241,nwe,2023,1.1,1.6,236,1627,4696,3069,1.89,1.8846875,58.20105820105821,26.45502645502646,31.74603174603175,6.53988132693414,6.553599108965379,18.652551310132232,0.8489471066158183,116.4491290442091,3069
263,nyg,2023,1.21,1.96,266,1874,4760,2886,1.89,1.8846875,64.02116402116403,29.1005291005291,34.920634920634924,8.174585149375067,6.953972940527563,19.79207683073229,1.0399602056043773,96.08075247488318,2886
274,nyj,2023,1.13,1.58,268,1647,4566,2919,1.89,1.8846875,59.788359788359784,27.176527176527173,32.61183261183261,6.994454563442738,6.660518292581368,18.956859755808505,0.8383352677831205,117.72524610451485,2919
340,oti,2023,1.64,1.98,305,1846,4913,3067,1.89,1.8846875,86.77248677248677,39.44203944203944,47.330447330447335,10.57417511722417,9.556630775438023,27.19964143778514,1.050572044437075,95.06451646501493,3067
285,phi,2023,2.33,2.35,433,2190,6024,3834,1.89,1.8846875,123.28042328042329,56.03655603655604,67.24386724386724,14.535594216869116,13.704150987019514,39.00412203997861,1.2468910628419831,77.75518090045404,3834
296,pit,2023,1.49,1.68,304,2010,5173,3163,1.89,1.8846875,78.83597883597884,35.834535834535835,43.001443001443,9.934764235943437,8.597336479029886,24.469342286469676,0.8913944619466091,111.52216678362193,3163
186,rai,2023,1.65,1.77,332,1542,4922,3380,1.89,1.8846875,87.3015873015873,39.682539682539684,47.61904761904762,8.870424961444872,10.074641890976716,28.673980766626038,0.939147736693749,106.28237305231818,3380
208,ram,2023,2.18,1.92,404,2045,6108,4063,1.89,1.8846875,115.34391534391537,52.42905242905244,62.91486291486293,12.524733546344553,13.101433635814777,37.288695732703594,1.018736527938982,98.14357724888423,4063
32,rav,2023,2.37,1.35,483,2661,6296,3635,1.89,1.8846875,125.3968253968254,56.998556998557,68.39826839826841,17.188826146894765,13.314454985357148,37.8949872660165,0.7162991212070967,133.98828468038587,3635
197,sdg,2023,1.78,2.01,346,1642,5599,3957,1.89,1.8846875,94.17989417989419,42.809042809042815,51.370851370851376,8.957780274086758,11.027398485158802,31.385672611605816,1.0664898026861216,93.55828349753472,3957
318,sea,2023,1.93,2.2,364,1580,5490,3910,1.89,1.8846875,102.11640211640213,46.41654641654642,55.69985569985571,9.531467454964725,12.003780943671657,34.16460730121933,1.1673022715967503,84.4686932383443,3910
307,sfo,2023,2.7,1.71,491,2389,6773,4384,1.89,1.8846875,142.85714285714286,64.93506493506493,77.92207792207793,16.342427090987556,16.010709216083498,45.56894161500688,0.9073122201956557,109.74221062764411,4384
329,tam,2023,1.85,1.78,348,1509,5321,3812,1.89,1.8846875,97.88359788359789,44.49254449254449,53.3910533910534,9.002962207247117,11.540903707789633,32.84718747601665,0.9444536561100978,105.71797730685466,3812
351,was,2023,1.68,2.53,329,1592,5317,3725,1.89,1.8846875,88.8888888888889,40.40404040404041,48.48484848484849,8.631840416681493,10.36178209772342,29.49122597044358,1.3423976123362624,70.12690792073629,3725
