,Player,team,Age,Pos,G,GS,FGA1,FGM1,FGA2,FGM2,FGA3,FGM3,FGA4,FGM4,FGA5,FGM5,FGA,FGM,Lng,FG%,XPA,XPM,XP%,season,AV,fantasy_points
0,Dustin Hopkins,was,26,K,16,0,0,0,12,12,14,12,9,7,7,3,42,34,53,0.81,39,36,0.9229999999999999,2016,1.2458791902546984,144.0
1,Caleb Sturgis,phi,27,K,16,0,0,0,12,12,12,12,11,7,6,4,41,35,55,0.8540000000000001,31,30,0.968,2016,3.736726197791729,145.5
2,Nick Novak,htx,35,K,16,0,1,1,12,12,11,11,11,8,6,3,41,35,53,0.8540000000000001,25,22,0.88,2016,3.2087525770208583,135.75
3,Justin Tucker*+,rav,27,K,16,0,0,0,4,4,11,10,14,14,10,10,39,38,57,0.9740000000000001,27,27,1.0,2016,10.88580271250552,174.0
4,Graham Gano,car,29,K,16,0,0,0,4,4,11,9,17,14,6,3,38,30,54,0.789,34,31,0.912,2016,1.2259882806325195,133.75
5,Matt Bryant*,atl,41,K,16,0,0,0,12,12,8,7,9,9,8,6,37,34,59,0.919,57,56,0.982,2016,7.348154097946976,176.5
6,Stephen Hauschka,sea,31,K,16,0,0,0,13,11,13,13,10,8,1,1,37,33,53,0.892,35,29,0.8290000000000001,2016,3.476955436867495,131.5
7,Matt Prater*,det,32,K,16,0,0,0,10,10,5,4,14,10,7,7,36,31,58,0.861,33,31,0.9390000000000001,2016,4.5152807897382505,143.0
8,Sebastian Janikowski,oak,38,K,16,0,1,1,9,9,6,6,11,10,8,3,35,29,56,0.8290000000000001,39,37,0.9490000000000001,2016,3.2158848763623205,135.75
9,Cairo Santos,kan,25,K,16,0,0,0,9,8,17,15,7,6,2,2,35,31,53,0.8859999999999999,39,36,0.9229999999999999,2016,3.9551675039628287,133.75
10,Wil Lutz,nor,22,K,16,0,1,1,7,7,11,9,8,8,7,3,34,28,57,0.8240000000000001,50,49,0.98,2016,3.055586299926418,142.5
11,Brandon McManus,den,25,K,16,0,0,0,9,9,10,10,9,7,6,3,34,29,55,0.853,33,32,0.97,2016,3.893175696348429,128.5
12,Jason Myers,jax,25,K,16,0,0,0,7,7,4,3,11,10,12,7,34,27,56,0.794,32,29,0.9059999999999999,2016,2.5147398907544805,128.25
13,Stephen Gostkowski,nwe,32,K,16,0,0,0,9,9,9,6,10,9,4,3,32,27,53,0.8440000000000001,49,46,0.9390000000000001,2016,3.067168917845672,136.25
14,Dan Bailey,dal,28,K,16,0,0,0,9,9,8,8,9,7,6,3,32,27,56,0.8440000000000001,46,46,1.0,2016,3.966121969658376,137.0
15,Josh Lambo,sdg,26,K,16,0,0,0,7,7,14,13,8,6,3,0,32,26,47,0.813,46,42,0.9129999999999999,2016,1.3465764093082988,120.0
16,Adam Vinatieri,clt,44,K,16,0,0,0,3,3,7,7,12,10,9,7,31,27,54,0.871,44,44,1.0,2016,6.017433885342028,146.5
17,Roberto Aguayo,tam,22,K,16,0,0,0,5,5,15,13,10,4,1,0,31,22,43,0.71,34,32,0.941,2016,-2.352735368777509,94.0
18,Nick Folk,nyj,32,K,16,0,0,0,13,12,11,10,3,3,4,2,31,27,51,0.871,26,24,0.9229999999999999,2016,3.397246577672969,108.0
19,Mason Crosby,gnb,32,K,16,0,1,1,6,6,14,12,7,6,2,1,30,26,53,0.867,47,44,0.9359999999999999,2016,3.3718421284243743,125.25
20,Mike Nugent,cin,34,K,13,0,0,0,9,9,10,9,7,5,3,0,29,23,47,0.7929999999999999,29,23,0.7929999999999999,2016,-0.5302774197818645,90.0
21,Chandler Catanzaro,crd,25,K,16,0,1,1,6,5,7,6,8,6,6,3,28,21,60,0.75,47,43,0.915,2016,0.1683869307357128,111.0
22,Dan Carpenter,buf,31,K,16,0,1,1,8,8,5,5,9,4,2,1,25,19,54,0.76,45,40,0.889,2016,-0.1065314983230605,96.25
23,Chris Boswell,pit,25,K,15,0,0,0,2,2,9,8,12,11,2,0,25,21,49,0.84,36,36,1.0,2016,3.67494129560099,107.25
24,Cody Parkey,cle,24,K,14,0,0,0,6,6,6,6,12,7,1,1,25,20,51,0.8,21,20,0.9520000000000001,2016,1.5139167108955351,84.75
25,Ryan Succop,oti,30,K,16,0,1,1,5,5,5,5,8,8,5,3,24,22,53,0.917,41,39,0.951,2016,5.7354379409547285,117.0
26,Connor Barth,chi,30,K,16,0,0,0,8,7,8,7,4,3,3,1,23,18,54,0.7829999999999999,32,31,0.9690000000000001,2016,1.3338200074495052,85.75
27,Greg Zuerlein,lar,29,K,16,0,0,0,5,5,9,9,4,3,4,2,22,19,54,0.8640000000000001,23,23,1.0,2016,3.975079072738856,85.25
28,Andrew Franks,mia,23,K,16,0,0,0,10,8,6,6,3,1,2,1,21,16,55,0.762,42,41,0.976,2016,0.8276219736634198,87.5
29,Phil Dawson,sfo,41,K,16,0,0,0,4,4,6,6,9,7,2,1,21,18,53,0.857,34,33,0.971,2016,3.750517555025054,93.5
30,Blair Walsh,min,26,K,9,0,1,1,1,1,6,5,6,4,2,1,16,12,50,0.75,19,15,0.789,2016,-0.9018270294193472,52.0
31,Kai Forbath,min,29,K,7,0,0,0,5,5,5,5,4,4,1,1,15,15,51,1.0,14,11,0.7859999999999999,2016,7.923025507242771,60.5
32,Josh Brown,nyg,37,K,5,0,1,1,3,3,3,3,4,4,1,0,12,11,48,0.917,9,9,1.0,2016,6.358063639703467,45.5
33,Robbie Gould,nyg,34,K,10,0,0,0,3,3,3,3,4,4,0,0,10,10,47,1.0,23,20,0.87,2016,5.274295334827827,52.5
34,Randy Bullock,3tm,27,K,5,0,0,0,4,4,2,2,3,2,0,0,9,8,44,0.889,10,9,0.9,2016,3.533449378760929,33.75
35,Patrick Murray,cle,25,K,2,0,0,0,0,0,1,1,0,0,1,0,2,1,35,0.5,4,3,0.75,2016,-3.693940742604707,5.0
36,Ryan Succop,oti,31,K,16,0,0,0,10,10,7,7,20,16,5,2,42,35,52,0.833,33,31,0.9390000000000001,2017,2.785343941884025,150.5
37,Harrison Butker,kan,22,K,13,0,0,0,8,8,17,16,12,10,5,4,42,38,53,0.905,28,28,1.0,2017,7.362330109994829,157.0
38,Robbie Gould,sfo,35,K,16,0,0,0,8,7,11,11,18,17,4,4,41,39,52,0.951,30,28,0.9329999999999999,2017,8.542853637611021,167.25
39,Stephen Gostkowski,nwe,33,K,16,0,0,0,16,16,9,9,11,8,4,4,40,37,62,0.925,47,45,0.9570000000000001,2017,6.513760198818216,168.75
40,Greg Zuerlein*+,lar,30,K,14,0,1,1,8,8,12,11,12,12,7,6,40,38,56,0.95,46,44,0.9570000000000001,2017,9.30585180329906,179.5
41,Phil Dawson,crd,42,K,16,0,1,1,7,7,14,10,13,10,5,4,40,32,57,0.8,26,23,0.885,2017,0.8099855475435627,128.75
42,Matt Bryant,atl,42,K,16,0,1,1,6,6,13,10,10,9,9,8,39,34,57,0.872,35,35,1.0,2017,5.287019253211237,157.75
43,Chris Boswell*,pit,26,K,16,0,0,0,10,10,14,12,10,9,4,4,38,35,53,0.9209999999999999,39,37,0.9490000000000001,2017,6.460443250685867,155.25
44,Kai Forbath,min,30,K,16,0,0,0,8,8,14,12,7,6,9,6,38,32,53,0.8420000000000001,39,34,0.872,2017,2.780086308245592,141.25
45,Justin Tucker,rav,28,K,16,0,0,0,7,7,11,11,12,11,7,5,37,34,57,0.919,39,39,1.0,2017,7.269053635846886,160.25
46,Wil Lutz,nor,23,K,16,0,0,0,10,10,5,4,16,13,5,4,36,31,53,0.861,50,47,0.94,2017,3.95843322094377,155.75
47,Matt Prater,det,33,K,16,0,2,2,4,4,10,10,8,7,11,7,35,30,58,0.857,41,40,0.976,2017,4.619634996196178,147.75
48,Adam Vinatieri,clt,45,K,15,0,0,0,11,11,10,7,7,6,6,5,34,29,54,0.853,24,22,0.917,2017,3.171698552684487,119.75
49,Stephen Hauschka,buf,32,K,16,0,0,0,6,6,9,9,9,7,9,7,33,29,56,0.879,29,29,1.0,2017,5.384092218338,134.5
50,Brandon McManus,den,26,K,16,0,0,0,8,6,12,11,6,4,6,3,32,24,53,0.75,27,27,1.0,2017,-0.1727204765073948,103.0
51,Jake Elliott,phi,22,K,15,0,0,0,5,5,7,4,13,12,6,5,31,26,61,0.8390000000000001,42,39,0.929,2017,3.3263385256198186,133.25
52,Graham Gano*,car,30,K,16,0,0,0,8,8,11,11,10,10,1,0,30,29,48,0.9670000000000001,37,34,0.919,2017,7.052789535437215,129.0
53,Chandler Catanzaro,nyj,26,K,16,0,1,1,6,6,4,4,17,12,2,2,30,25,57,0.833,29,29,1.0,2017,3.181521497919179,116.25
54,Blair Walsh,sea,27,K,16,0,0,0,6,6,10,7,12,8,1,0,29,21,49,0.7240000000000001,38,37,0.9740000000000001,2017,-0.8921835329852197,101.0
55,Ka'imi Fairbairn,htx,23,K,16,0,0,0,4,3,10,8,7,6,4,3,25,20,55,0.8,35,32,0.914,2017,1.8015054423229533,98.25
56,Aldrick Rosas,nyg,23,K,16,0,0,0,8,8,5,3,9,4,3,3,25,18,52,0.72,23,20,0.87,2017,-1.0572154972313204,76.75
57,Cody Parkey,mia,25,K,16,0,0,0,6,6,8,8,7,6,2,1,23,21,54,0.9129999999999999,29,26,0.897,2017,4.628456050708162,94.25
58,Patrick Murray,tam,26,K,12,0,0,0,5,5,8,8,5,4,5,2,23,19,50,0.826,22,21,0.955,2017,2.7370138716833523,83.25
59,Giorgio Tavecchio,oak,27,K,16,0,0,0,5,5,7,5,5,3,4,3,21,16,53,0.762,34,33,0.971,2017,1.3209738388272143,85.5
60,Randy Bullock,cin,28,K,15,0,0,0,6,6,8,7,5,4,1,1,20,18,51,0.9,33,31,0.9390000000000001,2017,4.232871828124992,88.25
61,Dan Bailey,dal,29,K,12,0,1,1,4,3,5,4,5,4,5,3,20,15,56,0.75,28,26,0.929,2017,0.2307312393810274,76.25
62,Zane Gonzalez,cle,22,K,16,0,0,0,5,5,6,4,6,4,3,2,20,15,54,0.75,26,25,0.9620000000000001,2017,0.9858887373760784,73.5
63,Josh Lambo,jax,27,K,10,0,0,0,2,2,11,11,5,4,2,2,20,19,56,0.95,24,22,0.917,2017,7.159512568225646,85.25
64,Mason Crosby,gnb,33,K,16,0,0,0,8,8,4,2,4,4,3,1,19,15,50,0.789,35,33,0.943,2017,1.6178733409113166,80.0
65,Dustin Hopkins,was,27,K,8,0,1,1,7,7,2,2,5,4,2,0,17,14,49,0.8240000000000001,19,18,0.9470000000000001,2017,1.664448684227164,61.75
66,Connor Barth,chi,31,K,10,0,1,1,4,4,0,0,9,5,2,1,16,11,54,0.688,17,17,1.0,2017,-1.2938600432229124,53.5
67,Jason Myers,jax,26,K,6,0,0,0,4,4,3,2,5,5,3,0,15,11,47,0.733,17,15,0.882,2017,-2.503235084704844,49.5
68,Nick Rose,2tm,23,K,10,0,0,0,6,6,4,3,2,1,2,1,14,11,55,0.7859999999999999,26,23,0.885,2017,0.6599227868552763,55.25
69,Nick Novak,sdg,36,K,7,0,0,0,4,4,5,4,2,0,2,1,13,9,50,0.6920000000000001,18,17,0.9440000000000001,2017,-2.519924030047598,42.5
70,Mike Nugent,2tm,35,K,8,0,0,0,3,3,4,3,5,4,1,1,13,11,55,0.846,17,15,0.882,2017,2.741851887368766,51.25
71,Nick Folk,tam,33,K,4,0,0,0,2,2,2,1,5,2,2,1,11,6,50,0.545,9,7,0.778,2017,-13.18018290507742,24.25
72,Travis Coons,sdg,25,K,3,0,0,0,4,4,3,2,1,1,0,0,8,7,40,0.875,6,5,0.833,2017,2.3501530945483133,25.5
73,Younghoe Koo,sdg,23,K,4,0,0,0,2,2,0,0,4,1,0,0,6,3,41,0.5,9,9,1.0,2017,-6.507039655921513,16.75
74,Cairo Santos,2tm,26,K,5,0,0,0,0,0,4,4,0,0,1,0,5,4,39,0.8,14,14,1.0,2017,3.010366753889961,25.5
75,Sam Ficken,lar,25,K,2,0,0,0,2,2,1,0,0,0,0,0,3,2,23,0.667,5,4,0.8,2017,-4.4545881568033465,8.5
76,Caleb Sturgis,phi,28,K,1,0,0,0,0,0,1,1,1,1,1,1,3,3,50,1.0,2,1,0.5,2017,11.104970712207,12.5
77,Jeff Heath,dal,26,SS,15,15,0,0,0,0,0,0,0,0,0,0,0,0,0,0.0,3,2,0.667,2017,2.950044091710758,1.5
78,Drew Kaser,sdg,24,P,16,0,0,0,0,0,0,0,0,0,0,0,0,0,0,0.0,3,1,0.33299999999999996,2017,2.760978835978836,0.0
79,Marshall Koehn,cin,25,K,1,0,0,0,0,0,0,0,0,0,0,0,0,0,0,0.0,1,1,1.0,2017,3.3168871252204584,1.0
80,Ka'imi Fairbairn,htx,24,K,16,0,1,1,9,9,11,11,15,12,6,4,42,37,54,0.8809999999999999,41,39,0.951,2018,4.965187420944953,165.75
81,Justin Tucker+,rav,29,K,16,0,0,0,12,12,9,9,11,9,7,5,39,35,56,0.897,37,36,0.973,2018,5.644881740145379,157.0
82,Mason Crosby,gnb,34,K,16,0,0,0,4,4,11,10,15,11,7,5,37,30,53,0.8109999999999999,36,34,0.9440000000000001,2018,2.222188273840737,139.0
83,Jason Myers*,nyj,27,K,16,0,0,0,4,4,14,13,11,10,7,6,36,33,56,0.917,33,30,0.909,2018,6.2299139564758965,147.25
84,Brett Maher,dal,29,K,16,0,0,0,10,10,8,6,11,7,7,6,36,29,62,0.8059999999999999,33,32,0.97,2018,1.670802550640352,132.0
85,Robbie Gould,sfo,36,K,16,0,0,0,9,9,13,13,10,9,2,2,34,33,53,0.971,29,27,0.9309999999999999,2018,7.379897291591249,137.25
86,Aldrick Rosas*,nyg,24,K,16,0,0,0,9,9,13,13,6,6,5,4,33,32,57,0.97,32,31,0.9690000000000001,2018,7.602409376571794,140.0
87,Stephen Gostkowski,nwe,34,K,16,0,0,0,11,11,10,10,6,4,5,2,32,27,52,0.8440000000000001,50,49,0.98,2018,2.8292943300631395,134.5
88,Matt Prater,det,34,K,16,0,0,0,8,8,12,12,7,5,5,3,32,28,54,0.875,30,30,1.0,2018,4.18657524787491,122.5
89,Greg Zuerlein,lar,31,K,11,0,0,0,9,9,10,10,6,4,6,4,31,27,56,0.871,36,35,0.972,2018,4.363183535715257,125.0
90,Jake Elliott,phi,23,K,16,0,0,0,7,7,11,10,8,7,5,2,31,26,56,0.8390000000000001,35,33,0.943,2018,2.6512269491375413,117.75
91,Wil Lutz,nor,24,K,16,0,1,1,5,5,9,9,12,11,3,2,30,28,54,0.9329999999999999,53,52,0.981,2018,6.615886976919386,149.25
92,Cody Parkey,chi,26,K,16,0,0,0,6,6,10,7,12,9,2,1,30,23,50,0.767,45,42,0.9329999999999999,2018,-0.0493758319595754,114.75
93,Ryan Succop,oti,32,K,16,0,0,0,6,5,13,13,7,5,4,3,30,26,54,0.867,31,28,0.903,2018,3.215094561530782,112.5
94,Dustin Hopkins,was,28,K,16,0,0,0,5,5,7,7,12,10,5,4,29,26,56,0.897,26,25,0.9620000000000001,2018,5.377438271329338,118.5
95,Dan Bailey,min,30,K,14,0,0,0,6,5,11,11,9,4,2,1,28,21,52,0.75,31,30,0.968,2018,-0.8892681451852305,93.25
96,Stephen Hauschka,buf,33,K,16,0,0,0,3,3,8,8,10,7,7,4,28,22,54,0.7859999999999999,26,25,0.9620000000000001,2018,1.85193017322618,101.75
97,Harrison Butker,kan,23,K,16,0,0,0,9,9,7,7,7,6,4,2,27,24,54,0.889,69,65,0.9420000000000001,2018,4.191337513586554,143.25
98,Sebastian Janikowski,sea,40,K,16,0,0,0,2,2,11,9,9,8,5,3,27,22,56,0.815,51,48,0.941,2018,2.3673062318011886,122.75
99,Adam Vinatieri,clt,46,K,16,0,0,0,8,8,7,6,6,5,6,4,27,23,54,0.852,47,44,0.9359999999999999,2018,3.2210815853043098,121.75
100,Brandon McManus,den,27,K,16,0,0,0,5,5,6,6,7,7,7,2,25,20,53,0.8,35,35,1.0,2018,2.598196210182534,103.5
101,Randy Bullock,cin,29,K,16,0,0,0,4,4,8,7,6,6,5,2,23,19,51,0.826,41,39,0.951,2018,2.7680692563128253,102.5
102,Matt Bryant,atl,43,K,13,0,0,0,4,4,5,5,7,7,5,4,21,20,57,0.9520000000000001,35,33,0.943,2018,6.851379302350153,106.5
103,Daniel Carlson,2tm,23,K,12,0,0,0,2,2,4,3,12,9,3,3,21,17,50,0.81,24,24,1.0,2018,3.030067376313474,86.75
104,Josh Lambo,jax,28,K,13,0,0,0,4,4,8,8,4,3,5,4,21,19,57,0.905,20,19,0.95,2018,5.010734597341354,85.25
105,Chris Boswell,pit,27,K,15,0,0,0,3,3,6,4,10,5,1,1,20,13,50,0.65,48,43,0.8959999999999999,2018,-2.344912799190338,80.75
106,Jason Sanders,mia,23,K,16,0,0,0,7,7,3,3,9,7,1,1,20,18,50,0.9,36,35,0.972,2018,4.445222042635965,96.0
107,Chandler Catanzaro,2tm,27,K,13,0,0,0,4,4,10,9,3,0,3,3,20,16,59,0.8,35,30,0.857,2018,0.5478148851576388,78.25
108,Greg Joseph,cle,24,K,14,0,0,0,4,4,7,7,7,5,2,1,20,17,51,0.85,29,25,0.862,2018,2.537406064949641,79.0
109,Cairo Santos,2tm,27,K,9,0,1,1,4,4,6,6,6,3,1,0,18,14,45,0.778,23,22,0.9570000000000001,2018,-0.0074542001926493,63.75
110,Graham Gano,car,31,K,12,0,0,0,3,3,5,4,4,4,4,3,16,14,63,0.875,33,30,0.909,2018,3.77968185721194,79.0
111,Michael Badgley,sdg,23,K,10,0,0,0,4,4,5,5,5,5,2,1,16,15,59,0.938,28,27,0.9640000000000001,2018,5.926315163298632,78.0
112,Zane Gonzalez,2tm,23,K,7,0,0,0,1,1,4,4,4,2,5,2,14,9,55,0.643,11,8,0.727,2018,-4.603130368002602,36.5
113,Caleb Sturgis,sdg,29,K,6,0,0,0,4,4,2,2,6,3,1,0,13,9,49,0.6920000000000001,15,9,0.6,2018,-6.085731331731108,33.25
114,Matthew McCrane,3tm,24,K,5,0,0,0,3,3,2,2,5,3,2,0,12,8,47,0.667,9,9,1.0,2018,-4.392718047018708,33.5
115,Phil Dawson,crd,43,K,10,0,0,0,2,2,2,2,3,1,1,0,8,5,43,0.625,15,15,1.0,2018,-0.0097978739658493,29.0
116,Mike Nugent,oak,36,K,3,0,0,0,3,3,0,0,2,2,1,1,6,6,52,1.0,5,4,0.8,2018,8.124921744088919,25.5
117,Giorgio Tavecchio,atl,28,K,3,0,0,0,1,1,0,0,2,2,2,2,5,5,56,1.0,8,8,1.0,2018,9.951174745612304,29.0
118,Kai Forbath,jax,31,K,3,0,0,0,2,2,1,1,1,1,1,0,5,4,41,0.8,3,3,1.0,2018,1.558502614355782,15.5
119,Sam Ficken,lar,26,K,2,0,0,0,1,0,1,1,1,0,0,0,3,1,34,0.33299999999999996,10,10,1.0,2018,-11.456837276325324,11.25
120,Johnny Hekker,lar,28,P,16,0,0,0,1,1,0,0,0,0,0,0,1,1,20,1.0,1,1,1.0,2018,3.237020882052422,4.0
121,Harrison Butker,kan,24,K,16,0,0,0,9,9,9,8,14,14,6,3,38,34,56,0.895,48,45,0.938,2019,6.980788829647442,163.0
122,Wil Lutz*,nor,25,K,16,0,1,1,9,9,6,6,15,13,5,3,36,32,58,0.889,49,48,0.98,2019,6.93399764749818,160.0
123,Matt Gay,tam,25,K,16,0,0,0,6,6,7,5,14,11,8,5,35,27,58,0.7709999999999999,48,43,0.8959999999999999,2019,1.8198845106560504,136.75
124,Zane Gonzalez,crd,24,K,16,0,0,0,12,12,13,12,8,5,2,2,35,31,54,0.8859999999999999,35,34,0.971,2019,5.092540118409644,132.25
125,Brandon McManus,den,28,K,16,0,0,0,6,6,9,9,12,10,7,4,34,29,53,0.853,26,25,0.9620000000000001,2019,5.350115846484545,126.5
126,Josh Lambo,jax,29,K,16,0,0,0,12,12,9,9,9,8,4,4,34,33,56,0.971,20,19,0.95,2019,8.865493237138201,132.75
127,Greg Zuerlein,lar,32,K,16,0,0,0,7,7,8,7,11,5,7,5,33,24,58,0.727,42,42,1.0,2019,0.6218191815717389,122.5
128,Joey Slye,car,23,K,16,0,0,0,5,4,5,5,11,8,11,8,32,25,55,0.7809999999999999,35,31,0.8859999999999999,2019,2.8587234985337604,123.25
129,Robbie Gould,sfo,37,K,13,0,0,0,9,9,10,8,8,6,4,0,31,23,47,0.742,42,41,0.976,2019,-0.4079171954741849,110.0
130,Matt Prater,det,35,K,16,0,0,0,11,11,3,2,9,6,8,7,31,26,56,0.8390000000000001,36,35,0.972,2019,4.615862785345442,128.75
131,Chris Boswell,pit,28,K,16,0,1,1,11,11,7,7,10,9,2,1,31,29,51,0.935,28,28,1.0,2019,7.183785340318019,124.75
132,Randy Bullock,cin,30,K,16,0,0,0,10,10,6,6,12,10,3,1,31,27,57,0.871,25,24,0.96,2019,5.0796461242443645,114.0
133,Brett Maher,dal,30,K,13,0,0,0,9,9,8,6,5,1,8,4,30,20,63,0.667,36,36,1.0,2019,-2.859921838647242,98.0
134,Jason Sanders,mia,24,K,16,0,0,0,7,7,9,8,9,5,5,3,30,23,54,0.767,30,29,0.9670000000000001,2019,1.5487217902527477,103.5
135,Dustin Hopkins,was,29,K,16,0,0,0,8,7,9,8,10,8,3,2,30,25,53,0.833,22,21,0.955,2019,3.52712596392011,103.5
136,Justin Tucker*+,rav,30,K,16,0,0,0,8,8,9,9,11,10,1,1,29,28,51,0.966,59,57,0.966,2019,8.135547877177023,151.25
137,Dan Bailey,min,31,K,16,0,0,0,10,10,9,9,7,5,3,3,29,27,50,0.9309999999999999,44,40,0.909,2019,6.19207652306044,128.5
138,Austin Seibert,cle,23,K,16,0,0,0,6,6,9,9,12,9,2,1,29,25,53,0.862,35,30,0.857,2019,4.045738884700185,110.75
139,Jason Myers,sea,28,K,16,0,0,0,6,6,11,11,7,4,4,2,28,23,54,0.821,44,40,0.909,2019,2.7988882210426955,111.75
140,Stephen Hauschka,buf,34,K,16,0,0,0,5,5,8,7,10,9,5,1,28,22,51,0.7859999999999999,32,30,0.938,2019,2.451286549967265,102.25
141,Eddy Pineiro,chi,24,K,16,0,1,1,8,8,10,9,7,3,2,2,28,23,53,0.821,29,27,0.9309999999999999,2019,2.478151543926707,98.0
142,Sam Ficken,nyj,27,K,15,0,0,0,2,2,8,7,11,7,6,3,27,19,54,0.7040000000000001,26,23,0.885,2019,-0.1430028125912741,86.0
143,Jake Elliott,phi,24,K,16,0,0,0,7,7,8,8,7,5,4,2,26,22,53,0.846,37,35,0.946,2019,3.945411303527584,106.5
144,Daniel Carlson,oak,24,K,16,0,0,0,8,8,6,5,10,6,2,0,26,19,48,0.731,36,34,0.9440000000000001,2019,0.2472211457037927,91.0
145,Younghoe Koo,atl,25,K,8,0,0,0,6,6,10,9,9,7,1,1,26,23,50,0.885,16,15,0.938,2019,6.411539615204235,90.0
146,Ka'imi Fairbairn,htx,25,K,16,0,0,0,5,5,8,8,6,4,6,3,25,20,54,0.8,45,40,0.889,2019,2.446611646309276,104.5
147,Adam Vinatieri,clt,47,K,12,0,0,0,7,6,6,6,7,3,5,2,25,17,55,0.68,28,22,0.7859999999999999,2019,-3.344708174295422,71.5
148,Mason Crosby,gnb,35,K,16,0,1,1,2,2,11,11,8,7,2,1,24,22,54,0.917,41,40,0.976,2019,6.146950129927767,113.25
149,Chase McLaughlin,3tm,23,K,11,0,1,1,5,5,4,4,10,5,3,3,23,18,50,0.7829999999999999,26,26,1.0,2019,2.523674885850436,87.25
150,Aldrick Rosas,nyg,25,K,16,0,0,0,6,6,6,5,4,1,1,0,17,12,45,0.706,39,35,0.897,2019,-0.0096301619094925,66.25
151,Nick Folk,nwe,35,K,7,0,1,1,5,5,3,3,7,4,1,1,17,14,51,0.8240000000000001,12,12,1.0,2019,3.3121618275004887,57.75
152,Michael Badgley,sdg,24,K,8,0,0,0,5,5,2,2,8,6,1,0,16,13,49,0.813,19,19,1.0,2019,3.476835845924432,62.0
153,Matt Bryant,atl,44,K,7,0,0,0,1,1,4,3,3,3,6,2,14,9,52,0.643,15,14,0.9329999999999999,2019,-1.9557935440328824,44.5
154,Kai Forbath,2tm,32,K,4,0,0,0,2,2,1,1,7,7,1,1,11,11,50,1.0,12,11,0.917,2019,13.86386803918418,52.5
155,Cairo Santos,oti,28,K,5,0,0,0,0,0,3,1,3,2,3,1,9,4,53,0.444,12,12,1.0,2019,-7.855363178369953,24.25
156,Ty Long,sdg,26,P,16,0,0,0,0,0,3,2,5,4,1,1,9,7,51,0.778,9,9,1.0,2019,3.094445994020018,34.25
157,Mike Nugent,nwe,37,K,4,0,0,0,4,3,3,2,1,0,0,0,8,5,37,0.625,16,15,0.938,2019,-6.286276991004971,26.75
158,Stephen Gostkowski,nwe,35,K,4,0,0,0,3,3,3,3,2,1,0,0,8,7,41,0.875,15,11,0.733,2019,1.5097905443598314,30.25
159,Ryan Succop,oti,33,K,6,0,0,0,0,0,1,1,4,0,1,0,6,1,31,0.16699999999999998,25,24,0.96,2019,-8.18699202638801,23.0
160,Cody Parkey,oti,27,K,3,0,0,0,0,0,0,0,2,2,1,1,3,3,51,1.0,6,5,0.833,2019,7.389362110593088,17.5
161,Kaare Vedvik,nyj,25,K,1,0,0,0,0,0,0,0,1,0,0,0,1,0,0,0.0,1,0,0.0,2019,-14.57299716304799,-1.25
162,Greg Joseph,oti,25,K,2,0,0,0,0,0,0,0,0,0,0,0,0,0,0,0.0,9,9,1.0,2019,4.005661157024795,9.0
163,Greg Zuerlein,dal,33,K,16,0,1,1,5,5,13,13,13,12,9,3,41,34,59,0.8290000000000001,36,33,0.917,2020,2.591151711663784,147.75
164,Jason Sanders+,mia,25,K,16,0,1,1,8,8,7,7,14,12,9,8,39,36,56,0.9229999999999999,36,36,1.0,2020,7.738771984671026,170.0
165,Younghoe Koo*,atl,26,K,15,0,0,0,10,10,12,11,9,8,8,8,39,37,54,0.9490000000000001,36,33,0.917,2020,8.102229824184013,164.75
166,Rodrigo Blankenship,clt,23,K,16,0,0,0,10,10,13,12,11,9,3,1,37,32,53,0.865,45,43,0.956,2020,3.500428659639103,145.5
167,Joey Slye,car,24,K,16,0,0,0,12,11,10,10,8,7,6,1,36,29,56,0.8059999999999999,36,33,0.917,2020,0.9159298932801868,123.25
168,Daniel Carlson,lvr,25,K,16,0,0,0,18,18,8,8,5,3,4,4,35,33,54,0.943,47,45,0.9570000000000001,2020,6.438799704322611,152.5
169,Tyler Bass,buf,23,K,16,0,1,1,9,9,9,6,9,8,6,4,34,28,58,0.8240000000000001,59,57,0.966,2020,2.459908321284738,151.25
170,Dustin Hopkins,was,30,K,16,0,0,0,5,5,8,7,17,13,4,2,34,27,51,0.794,32,30,0.938,2020,1.2357629363938205,122.0
171,Brandon McManus,den,29,K,15,0,0,0,6,6,5,4,8,8,15,10,34,28,58,0.8240000000000001,27,24,0.889,2020,3.4715116550083205,131.0
172,Michael Badgley,sdg,25,K,16,0,0,0,8,8,6,6,13,8,6,2,33,24,53,0.727,39,36,0.9229999999999999,2020,-1.396875052332236,112.75
173,Cairo Santos,chi,29,K,16,0,0,0,9,9,10,10,10,9,3,2,32,30,55,0.938,37,36,0.973,2020,6.460018309387721,137.25
174,Graham Gano,nyg,33,K,16,0,0,0,4,4,13,13,9,9,6,5,32,31,55,0.9690000000000001,23,21,0.9129999999999999,2020,7.823058693243294,131.5
175,Ryan Succop,tam,34,K,16,0,1,1,10,10,9,9,9,7,2,1,31,28,50,0.903,57,52,0.912,2020,4.291449534182455,140.5
176,Ka'imi Fairbairn,htx,26,K,16,0,0,0,8,8,9,9,8,6,6,4,31,27,54,0.871,40,37,0.925,2020,3.976138189677693,128.0
177,Justin Tucker*,rav,31,K,16,0,0,0,8,8,7,6,9,9,5,3,29,26,55,0.897,53,52,0.981,2020,5.384684832935184,142.5
178,Wil Lutz,nor,26,K,16,0,0,0,6,5,10,10,9,7,3,1,28,23,53,0.821,58,57,0.983,2020,2.6000667769692294,131.0
179,Matt Prater,det,36,K,16,0,0,0,4,4,7,7,7,4,10,6,28,21,59,0.75,41,38,0.927,2020,0.7063945163365117,111.25
180,Nick Folk,nwe,36,K,16,0,0,0,6,6,7,7,12,11,3,2,28,26,51,0.929,33,30,0.909,2020,5.671939067175492,120.25
181,Harrison Butker,kan,25,K,16,0,2,2,7,7,9,9,5,3,4,4,27,25,58,0.9259999999999999,54,48,0.889,2020,4.787793308416244,129.5
182,Stephen Gostkowski,oti,36,K,15,0,0,0,3,2,5,4,10,5,8,7,26,18,55,0.6920000000000001,48,46,0.958,2020,-0.8278050672907009,111.75
183,Randy Bullock,cin,31,K,12,0,0,0,3,3,10,8,8,7,5,3,26,21,55,0.8079999999999999,25,24,0.96,2020,1.9039706570520636,95.75
184,Jason Myers,sea,29,K,16,0,0,0,2,2,7,7,13,13,2,2,24,24,61,1.0,53,49,0.925,2020,7.586545735190821,136.0
185,Robbie Gould,sfo,38,K,15,0,0,0,3,3,6,5,10,9,4,2,23,19,52,0.826,38,36,0.9470000000000001,2020,2.946428440681791,102.25
186,Cody Parkey,cle,28,K,15,0,0,0,5,5,6,4,11,10,0,0,22,19,46,0.8640000000000001,47,43,0.915,2020,3.064193526040929,105.25
187,Dan Bailey,min,32,K,16,0,0,0,6,6,4,3,7,4,5,2,22,15,53,0.682,43,37,0.86,2020,-1.608131672839538,82.25
188,Zane Gonzalez,crd,25,K,12,0,0,0,4,4,2,2,13,8,3,2,22,16,56,0.727,39,38,0.9740000000000001,2020,-0.1594733609377977,93.25
189,Chris Boswell,pit,29,K,13,0,0,0,5,5,6,6,8,7,1,1,20,19,59,0.95,38,34,0.895,2020,5.467920612585408,97.25
190,Jake Elliott,phi,25,K,16,0,0,0,3,1,6,6,5,5,5,2,19,14,54,0.737,26,24,0.9229999999999999,2020,0.8581710269916356,70.5
191,Mason Crosby,gnb,36,K,16,0,1,1,1,1,5,5,5,5,4,4,16,16,57,1.0,63,59,0.937,2020,6.3913421677196975,118.0
192,Matt Gay,lar,26,K,7,0,0,0,2,2,6,5,7,6,1,1,16,14,51,0.875,16,16,1.0,2020,4.586682546369374,64.25
193,Sam Ficken,nyj,28,K,9,0,0,0,5,5,6,6,1,1,3,1,15,13,54,0.867,15,12,0.8,2020,2.672874938340065,51.5
194,Sam Sloman,2tm,23,K,8,0,0,0,3,2,6,6,3,2,1,0,13,10,47,0.769,26,23,0.885,2020,-0.3558759911295128,51.25
195,Sergio Castillo,nyj,30,K,6,0,0,0,2,1,4,3,5,2,2,2,13,8,55,0.615,7,6,0.857,2020,-6.635187444822624,31.25
196,Aldrick Rosas,jax,26,K,6,0,0,0,3,3,2,2,1,0,5,3,11,8,54,0.727,9,9,1.0,2020,0.2456717188450413,37.25
197,Austin Seibert,2tm,24,K,5,0,0,0,0,0,5,5,3,1,1,0,9,6,48,0.667,9,8,0.889,2020,-3.466807426829116,24.5
198,Mike Nugent,crd,38,K,4,0,0,0,1,1,5,4,2,2,0,0,8,7,43,0.875,7,7,1.0,2020,3.5427589515131133,29.0
199,Josh Lambo,jax,30,K,4,0,0,0,0,0,2,2,1,1,2,2,5,5,59,1.0,10,8,0.8,2020,6.510782295329274,27.0
200,Chase McLaughlin,2tm,24,K,4,0,0,0,1,1,1,1,1,1,2,1,5,4,52,0.8,6,5,0.833,2020,2.209132030139884,19.0
201,Matthew Wright,pit,24,K,3,0,0,0,1,1,1,1,2,2,0,0,4,4,46,1.0,7,7,1.0,2020,7.211261627847743,21.0
202,Kai Forbath,lar,33,K,2,0,0,0,2,2,0,0,1,0,0,0,3,2,23,0.667,5,4,0.8,2020,-3.9956738820144553,8.75
203,Tristan Vizcaino,sfo,24,K,1,0,0,0,0,0,2,2,1,1,0,0,3,3,47,1.0,2,2,1.0,2020,11.223909663913728,12.0
204,Stephen Hauschka,jax,35,K,1,0,0,0,1,0,0,0,1,0,0,0,2,0,0,0.0,2,2,1.0,2020,-29.636501511626605,0.25
205,Jonathan Brown,jax,28,K,1,0,0,0,0,0,2,1,0,0,0,0,2,1,31,0.5,1,1,1.0,2020,-11.544061384784252,3.0
206,Taylor Russolino,den,31,K,1,0,0,0,0,0,0,0,0,0,1,0,1,0,0,0.0,3,1,0.33299999999999996,2020,-16.777703395259447,-0.5
207,Elliott Fry,atl,26,K,1,0,0,0,1,1,0,0,0,0,0,0,1,1,23,1.0,2,1,0.5,2020,2.220340593636558,3.5
208,Jamie Gillan,cle,23,P,16,0,0,0,0,0,0,0,0,0,1,0,1,0,0,0.0,0,0,0.0,2020,2.238928571428572,-0.5
209,Brandon Wright,jax,23,K,1,0,0,0,0,0,0,0,0,0,0,0,0,0,0,0.0,2,1,0.5,2020,0.3746263079222722,0.5
210,Daniel Carlson,lvr,26,K,17,0,0,0,11,10,12,12,13,12,7,6,43,40,56,0.93,33,30,0.909,2021,6.711872689563607,170.25
211,Chris Boswell,pit,30,K,17,0,0,0,9,9,9,8,13,11,9,8,40,36,56,0.9,29,27,0.9309999999999999,2021,5.726044679478499,158.0
212,Nick Folk,nwe,37,K,17,0,0,0,9,9,11,11,11,11,8,5,39,36,53,0.9229999999999999,47,42,0.894,2021,6.063879332962479,167.0
213,Greg Joseph,min,27,K,17,0,0,0,8,8,12,11,9,7,9,7,38,33,55,0.868,40,36,0.9,2021,3.796420983283804,150.5
214,Matt Prater,crd,37,K,17,0,0,0,11,11,11,9,5,3,10,7,37,30,62,0.8109999999999999,49,47,0.9590000000000001,2021,1.6038803223126552,148.0
215,Justin Tucker*+,rav,32,K,17,0,0,0,7,7,9,9,15,13,6,6,37,35,66,0.946,32,32,1.0,2021,7.812264590860417,160.5
216,Greg Zuerlein,dal,34,K,16,0,0,0,5,5,16,15,9,7,5,2,35,29,56,0.8290000000000001,48,42,0.875,2021,1.4100524246750012,133.0
217,Mason Crosby,gnb,37,K,17,0,0,0,9,9,13,9,8,4,4,3,34,25,54,0.735,51,49,0.961,2021,-1.588712589273293,125.5
218,Matt Gay*,lar,27,K,17,0,0,0,6,6,15,15,8,7,5,4,34,32,55,0.941,49,48,0.98,2021,6.737217923951641,157.25
219,Dustin Hopkins,2tm,31,K,17,0,1,1,8,8,6,6,14,13,5,2,34,30,50,0.882,44,40,0.909,2021,4.26551935647722,142.75
220,Evan McPherson,cin,22,K,16,0,0,0,5,5,8,8,9,6,11,9,33,28,58,0.848,48,46,0.958,2021,4.123878091002972,149.75
221,Jake Elliott*,phi,26,K,17,0,0,0,7,7,10,10,13,10,3,3,33,30,58,0.909,44,44,1.0,2021,5.705008394124784,147.75
222,Graham Gano,nyg,34,K,17,0,0,0,5,5,13,12,5,5,10,7,33,29,55,0.879,17,17,1.0,2021,4.684399738802419,120.5
223,Tyler Bass,buf,24,K,17,0,0,0,15,15,8,7,5,4,4,2,32,28,57,0.875,51,51,1.0,2021,3.719746822266679,140.25
224,Randy Bullock,oti,32,K,16,0,0,0,5,5,12,12,13,8,1,1,31,26,51,0.8390000000000001,45,42,0.9329999999999999,2021,2.365260305495241,124.75
225,Jason Sanders,mia,26,K,17,0,0,0,6,6,9,7,10,8,6,2,31,23,51,0.742,35,34,0.971,2021,-0.2562491849386929,109.0
226,Brandon McManus,den,30,K,17,0,0,0,8,7,6,6,8,8,9,5,31,26,61,0.8390000000000001,34,33,0.971,2021,3.3357302834031093,125.5
227,Ryan Succop,tam,35,K,17,0,0,0,11,11,8,7,10,7,1,0,30,25,48,0.833,59,56,0.9490000000000001,2021,1.9922861113862376,132.75
228,Cairo Santos,chi,30,K,17,0,0,0,10,10,5,5,13,11,2,0,30,26,47,0.867,28,27,0.9640000000000001,2021,3.5616340391344976,113.0
229,Younghoe Koo,atl,27,K,17,0,0,0,8,8,9,9,7,6,5,4,29,27,54,0.9309999999999999,30,30,1.0,2021,5.91622469172377,123.75
230,Harrison Butker,kan,26,K,16,0,0,0,3,3,11,11,5,4,9,7,28,25,56,0.893,49,47,0.9590000000000001,2021,5.259599538369251,137.25
231,Joey Slye,3tm,25,K,12,0,0,0,9,9,5,5,7,5,4,4,25,23,56,0.92,22,18,0.818,2021,4.906654146398785,96.5
232,Matthew Wright,jax,25,K,14,0,0,0,7,7,7,7,4,3,6,4,24,21,56,0.875,15,13,0.867,2021,3.6209211758208233,84.25
233,Jason Myers,sea,30,K,17,0,0,0,2,2,11,9,5,3,5,3,23,17,53,0.7390000000000001,47,44,0.9359999999999999,2021,0.3378284213416244,98.0
234,Robbie Gould,sfo,39,K,13,0,0,0,6,6,4,4,9,7,4,3,23,20,52,0.87,40,39,0.975,2021,4.364076261718425,109.5
235,Michael Badgley,2tm,26,K,13,0,0,0,4,4,7,6,10,8,1,0,22,18,46,0.818,41,40,0.976,2021,2.345522078046748,98.5
236,Zane Gonzalez,car,26,K,12,0,0,0,6,6,1,1,10,10,5,3,22,20,57,0.909,23,22,0.9570000000000001,2021,5.93340091097614,96.5
237,Chase McLaughlin,cle,25,K,16,0,0,0,3,3,4,4,10,4,4,4,21,15,57,0.7140000000000001,37,36,0.973,2021,0.4324426745084535,88.0
238,Ka'imi Fairbairn,htx,27,K,13,0,0,0,4,4,5,5,4,2,6,4,19,15,61,0.789,16,13,0.813,2021,1.280857848534115,64.0
239,Matt Ammendola,nyj,25,K,11,0,0,0,5,5,6,6,5,2,3,0,19,13,49,0.684,15,14,0.9329999999999999,2021,-2.611413032679714,50.75
240,Brett Maher,nor,32,K,8,0,0,0,4,4,9,8,4,4,1,0,18,16,42,0.889,12,10,0.833,2021,3.333666299607553,59.5
241,Riley Patterson,det,22,K,7,0,0,0,3,3,6,6,4,4,1,0,14,13,49,0.929,16,16,1.0,2021,6.026493722131285,58.5
242,Rodrigo Blankenship,clt,24,K,5,0,0,0,3,3,4,3,6,5,1,0,14,11,48,0.7859999999999999,8,7,0.875,2021,-0.8790560693699575,42.25
243,Austin Seibert,det,25,K,6,0,0,0,0,0,4,4,6,5,2,1,12,10,52,0.833,5,5,1.0,2021,3.443962048703826,40.75
244,Brian Johnson,2tm,22,K,7,0,0,0,5,5,3,3,1,1,1,1,10,10,52,1.0,13,9,0.6920000000000001,2021,4.84963086981177,40.0
245,Eddy Pineiro,nyj,26,K,5,0,0,0,2,2,2,2,3,3,1,1,8,8,51,1.0,10,9,0.9,2021,7.437665246131308,37.5
246,Tristan Vizcaino,sdg,25,K,6,0,0,0,3,3,2,2,2,1,0,0,7,6,46,0.857,15,10,0.667,2021,0.4337665157736363,25.75
247,Aldrick Rosas,2tm,27,K,5,0,0,0,0,0,1,0,2,2,2,0,5,2,44,0.4,14,14,1.0,2021,-4.072594957659701,20.0
248,Lirim Hajrullahu,2tm,31,K,4,0,0,0,2,2,2,2,1,0,0,0,5,4,35,0.8,8,8,1.0,2021,1.4462778067711362,19.25
249,Ryan Santoso,2tm,26,K,4,0,0,0,3,3,1,1,1,0,0,0,5,4,35,0.8,8,6,0.75,2021,-0.3004415432205163,16.25
250,Elliott Fry,2tm,27,K,2,0,0,0,0,0,4,3,1,1,0,0,5,4,44,0.8,5,4,0.8,2021,-1.562512093889686,15.5
251,Chris Blewitt,was,26,K,2,0,0,0,0,0,0,0,4,1,1,1,5,2,52,0.4,2,2,1.0,2021,-15.95833907229282,8.75
252,Josh Lambo,jax,31,K,3,0,0,0,0,0,0,0,1,0,2,0,3,0,0,0.0,7,5,0.7140000000000001,2021,-13.3891133519408,2.25
253,Dominik Eberle,htx,25,K,1,0,0,0,1,1,0,0,0,0,2,1,3,2,51,0.667,5,5,1.0,2021,-4.106629684498893,12.5
254,Mitch Wishnowsky,sfo,29,P,17,0,0,0,0,0,0,0,1,0,0,0,1,0,0,0.0,2,1,0.5,2021,2.042655700144271,-0.25
255,Chris Naggar,cle,24,K,1,0,0,0,0,0,1,1,0,0,0,0,1,1,37,1.0,2,1,0.5,2021,2.445328150274145,3.5
256,Bradley Pinion,tam,27,P,15,0,0,0,0,0,0,0,0,0,1,0,1,0,0,0.0,0,0,0.0,2021,2.1583676450132145,-0.5
257,Cody Parkey,nor,29,K,1,0,0,0,0,0,0,0,0,0,0,0,0,0,0,0.0,5,3,0.6,2021,-2.21851630867144,2.0
258,Alex Kessman,nyj,23,K,1,0,0,0,0,0,0,0,0,0,0,0,0,0,0,0.0,2,0,0.0,2021,-2.852406523468576,-1.0
259,Justin Tucker*,rav,33,K,17,0,0,0,13,13,11,11,5,4,14,9,43,37,58,0.86,32,31,0.9690000000000001,2022,3.823354752622411,160.25
260,Ryan Succop,tam,36,K,17,0,0,0,11,10,8,7,12,12,7,2,38,31,54,0.816,25,24,0.96,2022,1.5737871532452006,128.0
261,Jason Myers*,sea,31,K,17,0,0,0,9,9,16,15,6,4,6,6,37,34,56,0.919,42,41,0.976,2022,5.673188124812797,156.0
262,Daniel Carlson+,lvr,27,K,17,0,0,0,9,9,11,11,4,3,13,11,37,34,57,0.919,36,35,0.972,2022,6.401365115555637,159.75
263,Nick Folk,nwe,38,K,17,0,1,1,9,9,8,8,14,10,5,4,37,32,54,0.865,35,32,0.914,2022,3.3125227143299942,141.0
264,Younghoe Koo,atl,28,K,17,0,0,0,9,9,7,7,10,9,11,7,37,32,54,0.865,35,33,0.943,2022,4.073019616673994,148.25
265,Greg Zuerlein,nyj,35,K,17,0,0,0,5,5,10,10,11,9,11,6,37,30,60,0.8109999999999999,29,28,0.966,2022,2.1304896128312847,134.5
266,Brandon McManus,den,31,K,17,0,0,0,7,6,6,4,10,10,13,8,36,28,55,0.778,27,25,0.9259999999999999,2022,0.7985343456825229,128.5
267,Chase McLaughlin,clt,26,K,16,0,0,0,7,7,6,5,11,9,12,9,36,30,54,0.833,21,21,1.0,2022,3.318193159229908,134.0
268,Riley Patterson,jax,23,K,17,0,0,0,8,8,11,10,13,10,3,2,35,30,53,0.857,37,36,0.973,2022,3.198009164650016,135.75
269,Eddy Pineiro,car,27,K,17,0,0,0,2,2,17,16,14,13,2,2,35,33,54,0.943,32,30,0.938,2022,6.466686657063099,143.25
270,Greg Joseph,min,28,K,17,0,0,0,10,10,5,5,8,7,10,4,33,26,61,0.7879999999999999,46,40,0.87,2022,0.3614883908912661,126.25
271,Brett Maher,dal,33,K,17,0,0,0,9,9,5,5,7,6,11,9,32,29,60,0.9059999999999999,53,50,0.943,2022,5.482267026995974,157.75
272,Robbie Gould,sfo,40,K,17,0,0,0,14,13,5,5,11,7,2,2,32,27,51,0.8440000000000001,51,50,0.98,2022,2.503727927283553,137.5
273,Jason Sanders,mia,27,K,17,0,0,0,6,5,7,7,13,12,6,2,32,26,55,0.813,44,41,0.932,2022,1.830198058191064,129.75
274,Cade York,cle,21,K,17,0,0,0,5,5,12,9,8,6,7,4,32,24,58,0.75,37,35,0.946,2022,-0.4754801167776856,114.0
275,Graham Gano,nyg,35,K,17,0,0,0,2,2,10,9,11,10,9,8,32,29,57,0.9059999999999999,34,32,0.941,2022,5.692444071212405,141.75
276,Tyler Bass,buf,25,K,16,0,0,0,4,4,13,11,11,10,3,2,31,27,56,0.871,50,48,0.96,2022,3.784490144750441,138.75
277,Wil Lutz,nor,28,K,17,0,0,0,6,6,11,9,8,4,6,4,31,23,60,0.742,33,33,1.0,2022,-0.4315444600927804,108.0
278,Ka'imi Fairbairn,htx,28,K,17,0,0,0,7,7,8,7,10,9,6,6,31,29,56,0.935,24,24,1.0,2022,6.353198183430721,130.25
279,Matt Gay,lar,28,K,17,0,0,0,9,9,8,8,4,4,9,7,30,28,58,0.9329999999999999,32,31,0.9690000000000001,2022,6.057179223358595,131.5
280,Joey Slye,was,26,K,17,0,1,1,8,8,5,4,10,8,6,4,30,25,58,0.833,28,24,0.857,2022,2.0469546108839163,109.5
281,Evan McPherson,cin,23,K,16,0,1,1,6,5,4,4,13,9,5,5,29,24,59,0.828,44,40,0.909,2022,2.148531411404276,125.0
282,Mason Crosby,gnb,38,K,17,0,0,0,10,10,8,8,7,6,4,1,29,25,56,0.862,39,37,0.9490000000000001,2022,3.0595398807389595,116.75
283,Michael Badgley,2tm,27,K,13,0,0,0,7,6,7,7,11,9,3,2,28,24,53,0.857,33,33,1.0,2022,3.573452444937755,115.0
284,Chris Boswell,pit,31,K,12,0,0,0,4,4,5,4,10,5,9,7,28,20,59,0.7140000000000001,18,18,1.0,2022,-1.8492268890045316,91.25
285,Matt Prater,crd,38,K,13,0,0,0,1,1,10,10,8,6,6,5,25,22,57,0.88,18,17,0.9440000000000001,2022,4.598483900727339,96.5
286,Harrison Butker,kan,27,K,13,0,0,0,7,7,5,4,5,4,7,3,24,18,62,0.75,41,38,0.927,2022,-0.5157420496422401,96.75
287,Jake Elliott,phi,27,K,16,0,0,0,6,6,9,8,2,1,6,5,23,20,56,0.87,53,51,0.9620000000000001,2022,3.643780803818832,118.75
288,Cairo Santos,chi,31,K,16,0,0,0,4,4,7,7,7,6,5,4,23,21,51,0.9129999999999999,32,27,0.8440000000000001,2022,4.290187922243053,100.25
289,Cameron Dicker,2tm,22,K,11,0,0,0,7,7,7,7,7,7,1,0,22,21,48,0.955,24,24,1.0,2022,6.738494976018419,93.5
290,Randy Bullock,oti,33,K,15,0,0,0,5,5,5,5,8,6,2,1,20,17,51,0.85,28,28,1.0,2022,3.259992765336697,85.0
291,Matthew Wright,2tm,26,K,6,0,0,0,1,1,7,6,8,6,2,2,18,15,59,0.833,15,15,1.0,2022,2.704444391109168,67.5
292,Dustin Hopkins,sdg,32,K,5,0,0,0,2,2,6,6,2,1,0,0,10,9,43,0.9,12,12,1.0,2022,4.340552475093423,39.25
293,Matt Ammendola,2tm,26,K,4,0,1,1,3,3,2,1,1,0,0,0,7,5,31,0.7140000000000001,7,5,0.7140000000000001,2022,-4.224666258749136,17.25
294,Austin Seibert,det,26,K,3,0,0,0,0,0,1,1,3,2,1,0,5,3,48,0.6,12,12,1.0,2022,-3.457599501887273,21.75
295,Rodrigo Blankenship,2tm,25,K,3,0,0,0,2,2,0,0,2,1,1,1,5,4,50,0.8,5,4,0.8,2022,0.7528570218853426,17.75
296,Caleb Shudak,oti,25,K,1,0,0,0,1,1,3,2,0,0,0,0,4,3,38,0.75,1,1,1.0,2022,-7.612307468977416,9.0
297,Taylor Bertolet,sdg,30,K,2,0,0,0,3,3,0,0,0,0,0,0,3,3,28,1.0,6,6,1.0,2022,6.160045893188311,15.0
298,Tristan Vizcaino,2tm,26,K,3,0,0,0,0,0,1,1,1,1,0,0,2,2,46,1.0,3,3,1.0,2022,5.136690616624098,10.0
299,Nick Sciba,pit,23,K,1,0,0,0,1,1,1,1,0,0,0,0,2,2,38,1.0,1,1,1.0,2022,7.17978292650281,7.0
300,Dominik Eberle,det,26,K,1,0,0,0,0,0,0,0,1,1,0,0,1,1,49,1.0,4,2,0.5,2022,0.7286528521616913,5.0
301,Josh Lambo,oti,32,K,1,0,0,0,0,0,0,0,0,0,0,0,0,0,0,0.0,4,3,0.75,2022,0.6151432181971357,2.5
302,Justin Reid,kan,25,FS,17,17,0,0,0,0,0,0,0,0,0,0,0,0,0,0.0,2,1,0.5,2022,2.9570630358293277,0.5
303,Mitch Wishnowsky,sfo,30,P,17,0,0,0,0,0,0,0,0,0,0,0,0,0,0,0.0,2,1,0.5,2022,2.9570630358293277,0.5
304,Jason Myers,sea,32,K,17,0,0,0,8,8,12,11,14,12,8,4,42,35,55,0.833,33,33,1.0,2023,2.2770005967857228,153.5
305,Matt Gay,clt,29,K,17,0,0,0,9,9,10,9,9,7,13,8,41,33,57,0.805,36,35,0.972,2023,1.1596357502344987,151.5
306,Brandon Aubrey*+,dal,28,K,17,0,0,0,9,9,15,13,4,4,10,10,38,36,60,0.9470000000000001,52,49,0.9420000000000001,2023,6.494200712784454,177.5
307,Cairo Santos,chi,32,K,17,0,0,0,9,9,11,11,10,8,8,7,38,35,55,0.9209999999999999,33,31,0.9390000000000001,2023,5.6191119871516815,155.0
308,Greg Zuerlein,nyj,36,K,16,0,0,0,8,8,10,9,14,13,6,5,38,35,55,0.9209999999999999,16,15,0.938,2023,5.905788613017133,140.25
309,Justin Tucker*,rav,34,K,17,0,0,0,10,10,10,10,12,11,5,1,37,32,50,0.865,52,51,0.981,2023,3.2940820238212902,156.75
310,Blake Grupe,nor,25,K,17,0,0,0,12,10,6,6,10,8,9,6,37,30,55,0.8109999999999999,40,40,1.0,2023,1.5029839736185964,145.0
311,Brandon McManus,jax,32,K,17,0,0,0,4,4,10,10,13,11,10,5,37,30,56,0.8109999999999999,35,35,1.0,2023,2.0352081343361315,142.0
312,Younghoe Koo,atl,29,K,17,0,0,0,10,10,10,10,11,9,6,3,37,32,54,0.865,28,27,0.9640000000000001,2023,3.1703669532814653,134.5
313,Dustin Hopkins,cle,33,K,15,0,0,0,8,8,7,7,13,10,8,8,36,33,58,0.917,26,24,0.9229999999999999,2023,5.950929505973512,145.75
314,Harrison Butker,kan,28,K,17,0,0,0,8,8,15,13,7,7,5,5,35,33,60,0.943,38,38,1.0,2023,6.164364993959232,152.0
315,Wil Lutz,den,29,K,17,0,0,0,11,11,13,12,5,4,5,3,34,30,52,0.882,31,29,0.935,2023,3.1317499213746647,125.25
316,Anders Carlson,gnb,25,K,17,0,0,0,6,6,14,14,8,4,5,3,33,27,53,0.818,39,34,0.872,2023,0.6200489525103985,118.5
317,Cameron Dicker,sdg,23,K,17,0,0,0,7,7,8,8,9,9,9,7,33,31,55,0.9390000000000001,35,35,1.0,2023,6.694147356994324,150.0
318,Matt Prater,crd,39,K,17,0,0,0,6,6,8,7,7,6,12,9,33,28,62,0.848,23,22,0.9570000000000001,2023,3.315975418814954,126.25
319,Jake Elliott,phi,28,K,17,0,0,0,9,9,8,7,7,7,8,7,32,30,61,0.938,46,45,0.978,2023,6.1233778124629525,154.0
320,Evan McPherson,cin,24,K,17,0,0,0,5,5,6,6,8,8,12,7,31,26,56,0.8390000000000001,40,40,1.0,2023,3.520810878265877,137.5
321,Chase McLaughlin,tam,27,K,17,0,0,0,8,8,12,12,3,2,8,7,31,29,57,0.935,33,33,1.0,2023,5.785955091791271,134.75
322,Chris Boswell,pit,32,K,17,0,0,0,9,9,7,7,8,7,7,6,31,29,57,0.935,28,27,0.9640000000000001,2023,5.812224901887522,131.25
323,Greg Joseph,min,29,K,17,0,1,1,7,7,9,9,6,3,7,4,30,24,54,0.8,38,36,0.9470000000000001,2023,0.9174107665685504,114.25
324,Daniel Carlson,lvr,28,K,17,0,0,0,10,10,7,6,10,9,3,1,30,26,54,0.867,32,32,1.0,2023,3.225349417316346,118.25
325,Nick Folk,oti,39,K,17,0,0,0,9,9,9,9,6,6,6,5,30,29,53,0.9670000000000001,30,28,0.9329999999999999,2023,6.344450599405076,129.5
326,Tyler Bass,buf,26,K,17,0,0,0,4,4,13,12,6,4,6,4,29,24,54,0.828,50,49,0.98,2023,2.167236777857874,129.0
327,Eddy Pineiro,car,28,K,15,0,0,0,6,6,7,7,9,7,7,5,29,25,56,0.862,20,17,0.85,2023,3.032575706080253,105.0
328,Jason Sanders,mia,28,K,17,0,0,0,6,6,7,7,8,6,7,5,28,24,57,0.857,59,58,0.983,2023,3.526980726460913,143.0
329,Ka'imi Fairbairn,htx,29,K,12,0,0,0,10,10,10,10,2,2,6,5,28,27,54,0.9640000000000001,22,21,0.955,2023,7.045315383527721,113.0
330,Jake Moody,sfo,24,K,17,0,0,0,7,7,9,8,6,4,3,2,25,21,57,0.84,61,60,0.9840000000000001,2023,2.438236105914745,127.5
331,Chad Ryland,nwe,24,K,17,0,0,0,4,4,7,5,10,5,4,2,25,16,56,0.64,25,24,0.96,2023,-2.939936526636975,73.75
332,Joey Slye,was,27,K,17,0,0,0,3,2,7,7,9,7,5,3,24,19,61,0.792,35,32,0.914,2023,1.2516395432607623,97.0
333,Brett Maher,lar,34,K,8,0,0,0,3,3,4,4,9,7,7,3,23,17,54,0.7390000000000001,15,13,0.867,2023,-2.798536319316326,72.5
334,Lucas Havrisik,lar,24,K,9,0,0,0,8,8,3,3,6,2,3,2,20,15,52,0.75,22,19,0.8640000000000001,2023,-2.6680071317643788,65.0
335,Riley Patterson,2tm,24,K,15,0,0,0,3,2,11,11,2,2,2,1,18,16,52,0.889,44,41,0.932,2023,3.00752248057906,90.0
336,Graham Gano,nyg,36,K,8,0,0,0,2,2,5,3,6,3,4,3,17,11,57,0.647,8,8,1.0,2023,-4.939787512839004,45.25
337,Matt Ammendola,htx,27,K,5,0,0,0,2,2,3,3,2,1,2,0,9,6,45,0.667,11,10,0.909,2023,-3.954835513902245,26.75
338,Mason Crosby,nyg,39,K,3,0,0,0,2,2,2,2,1,0,2,1,7,5,52,0.7140000000000001,7,6,0.857,2023,-4.176096947995909,21.25
339,Randy Bullock,nyg,34,K,6,0,0,0,0,0,2,2,3,2,1,1,6,5,56,0.833,10,10,1.0,2023,3.1466682773320738,28.25
340,Michael Badgley,det,28,K,4,0,0,0,0,0,3,3,1,1,0,0,4,4,41,1.0,15,13,0.867,2023,4.24945919488239,25.0
341,Austin Seibert,nyj,27,K,1,0,0,0,0,0,1,1,0,0,0,0,1,1,34,1.0,1,1,1.0,2023,5.130587158856726,4.0
342,Dare Ogunbowale,htx,29,RB,12,0,0,0,1,1,0,0,0,0,0,0,1,1,29,1.0,0,0,0.0,2023,3.2506215544685144,3.0
343,Jamie Gillan,nyg,26,P,17,0,0,0,0,0,0,0,1,1,0,0,1,1,40,1.0,0,0,0.0,2023,3.3193731207748964,4.0
344,Matthew Wright,car,27,K,1,0,0,0,0,0,0,0,0,0,1,0,1,0,0,0.0,0,0,0.0,2023,-11.7203486464315,-0.5
