,Player,Tm,Age,Pos,G,GS,FGA,FGM,FGA,FGM,FGA,FGM,FGA,FGM,FGA,FGM,FGA,FGM,Lng,FG%,XPA,XPM,XP%,Year
0,Stephen Gostkowski*,NWE,29,K,16,0,1,1,8,8,13,13,13,11,6,5,41,38,54,92.7%,44,44,100.0%,2013
1,Justin Tucker*+,BAL,24,K,16,0,0,0,9,9,14,13,11,10,7,6,41,38,61,92.7%,26,26,100.0%,2013
2,Adam Vinatieri,IND,41,K,15,0,0,0,6,6,11,10,17,15,6,4,40,35,52,87.5%,34,34,100.0%,2013
3,Nick Novak,SDG,32,K,16,0,1,1,9,9,16,13,9,9,2,2,37,34,50,91.9%,42,42,100.0%,2013
4,Mason Crosby,GNB,29,K,16,0,1,1,13,13,8,8,8,6,7,5,37,33,57,89.2%,42,42,100.0%,2013
5,Phil Dawson,SFO,38,K,16,0,0,0,13,12,6,6,11,10,6,4,36,32,56,88.9%,44,44,100.0%,2013
6,Jay Feely,ARI,37,K,16,0,0,0,11,9,8,7,12,11,5,3,36,30,52,83.3%,37,37,100.0%,2013
7,Dan Carpenter,BUF,28,K,16,0,0,0,13,13,6,6,11,10,6,4,36,33,55,91.7%,32,32,100.0%,2013
8,Nick Folk,NYJ,29,K,16,0,0,0,8,8,11,10,14,12,3,3,36,33,54,91.7%,27,27,100.0%,2013
9,Stephen Hauschka,SEA,28,K,16,0,0,0,11,10,9,9,12,11,3,3,35,33,53,94.3%,44,44,100.0%,2013
10,Randy Bullock,HOU,24,K,16,0,1,1,7,7,5,5,17,12,5,1,35,26,51,74.3%,26,26,100.0%,2013
11,Caleb Sturgis,MIA,24,K,16,0,1,1,4,4,12,10,10,8,7,3,34,26,54,76.5%,33,33,100.0%,2013
12,Shaun Suisham,PIT,32,K,16,0,0,0,9,9,15,13,8,8,0,0,32,30,48,93.8%,39,39,100.0%,2013
13,Dan Bailey,DAL,25,K,16,0,2,2,2,2,9,8,10,10,7,6,30,28,53,93.3%,47,47,100.0%,2013
14,Blair Walsh,MIN,23,K,16,0,0,0,7,7,12,12,6,5,5,2,30,26,54,86.7%,44,43,97.7%,2013
15,Garrett Hartley,NOR,27,K,14,0,2,2,6,5,8,5,13,9,1,1,30,22,55,73.3%,41,41,100.0%,2013
16,Sebastian Janikowski,OAK,35,K,16,0,0,0,6,6,6,4,11,8,7,3,30,21,53,70.0%,37,37,100.0%,2013
17,Robbie Gould,CHI,31,K,16,0,0,0,11,11,7,6,7,6,4,3,29,26,58,89.7%,46,45,97.8%,2013
18,Rob Bironas,TEN,35,K,16,0,0,0,10,10,9,8,7,5,3,2,29,25,55,86.2%,41,41,100.0%,2013
19,Rian Lindell,TAM,36,K,16,0,0,0,3,3,14,12,6,4,6,4,29,23,54,79.3%,31,31,100.0%,2013
20,Ryan Succop,KAN,27,K,16,0,0,0,6,6,10,9,8,6,4,1,28,22,51,78.6%,52,52,100.0%,2013
21,Alex Henery,PHI,26,K,16,0,0,0,8,8,8,7,10,7,2,1,28,23,51,82.1%,45,45,100.0%,2013
22,Greg Zuerlein,STL,26,K,16,0,0,0,7,7,10,10,9,8,2,1,28,26,54,92.9%,34,34,100.0%,2013
23,Graham Gano,CAR,26,K,16,0,0,0,9,9,5,4,7,5,6,6,27,24,55,88.9%,42,42,100.0%,2013
24,Matt Bryant,ATL,38,K,16,0,0,0,9,9,8,7,5,5,5,3,27,24,53,88.9%,39,39,100.0%,2013
25,Matt Prater*,DEN,29,K,16,0,2,2,4,4,5,5,8,8,7,6,26,25,64,96.2%,75,75,100.0%,2013
26,Billy Cundiff,CLE,33,K,16,0,0,0,7,7,6,5,9,7,4,2,26,21,51,80.8%,32,32,100.0%,2013
27,Josh Brown,NYG,34,K,16,0,0,0,8,8,8,7,8,7,2,1,26,23,52,88.5%,31,31,100.0%,2013
28,Josh Scobee,JAX,31,K,16,0,0,0,3,3,12,12,5,4,5,4,25,23,55,92.0%,23,22,95.7%,2013
29,David Akers,DET,39,K,16,0,1,1,5,5,8,6,7,4,3,3,24,19,53,79.2%,43,42,97.7%,2013
30,Mike Nugent,CIN,31,K,16,0,0,0,2,2,7,6,9,7,4,3,22,18,54,81.8%,53,52,98.1%,2013
31,Kai Forbath,WAS,26,K,13,0,0,0,4,3,10,10,6,4,2,1,22,18,50,81.8%,26,26,100.0%,2013
32,John Potter,WAS,23,K,3,0,0,0,2,2,0,0,1,1,1,0,4,3,43,75.0%,7,7,100.0%,2013
33,Shayne Graham,NOR,36,K,2,0,0,0,1,1,0,0,1,1,0,0,2,2,40,100.0%,7,7,100.0%,2013
34,Spencer Lanning,CLE,25,P,16,0,0,0,0,0,0,0,0,0,0,0,0,0,0,0,1,1,100.0%,2013
54,Nick Folk,NYJ,30,K,16,0,0,0,13,13,7,7,13,9,6,3,39,32,55,82.1%,23,23,100.0%,2014
55,Dan Carpenter,BUF,29,K,16,0,0,0,10,10,12,11,8,7,8,6,38,34,58,89.5%,32,31,96.9%,2014
56,Stephen Gostkowski*,NWE,30,K,16,0,1,1,11,11,11,10,13,12,1,1,37,35,53,94.6%,51,51,100.0%,2014
57,Stephen Hauschka,SEA,29,K,16,0,0,0,10,10,10,10,13,9,4,2,37,31,58,83.8%,41,41,100.0%,2014
58,Caleb Sturgis,MIA,25,K,16,0,1,1,12,12,8,7,10,6,6,3,37,29,53,78.4%,41,41,100.0%,2014
59,Cody Parkey*,PHI,22,K,16,0,0,0,10,10,16,14,6,4,4,4,36,32,54,88.9%,54,54,100.0%,2014
60,Randy Bullock,HOU,25,K,16,0,0,0,7,6,15,13,8,7,5,4,35,30,55,85.7%,40,40,100.0%,2014
61,Graham Gano,CAR,27,K,16,0,0,0,7,7,14,13,11,8,3,1,35,29,53,82.9%,34,34,100.0%,2014
62,Blair Walsh,MIN,24,K,16,0,2,2,5,4,10,8,9,7,9,5,35,26,55,74.3%,29,29,100.0%,2014
63,Justin Tucker,BAL,25,K,16,0,0,0,10,10,11,11,4,4,9,4,34,29,55,85.3%,42,42,100.0%,2014
64,Mason Crosby,GNB,30,K,16,0,0,0,7,7,11,10,8,6,7,4,33,27,55,81.8%,55,53,96.4%,2014
65,Mike Nugent,CIN,32,K,16,0,0,0,6,6,12,10,12,10,3,0,33,26,49,78.8%,39,39,100.0%,2014
66,Chandler Catanzaro,ARI,23,K,16,0,0,0,5,5,14,12,11,10,3,2,33,29,51,87.9%,27,27,100.0%,2014
67,Shaun Suisham,PIT,33,K,16,0,0,0,13,12,6,6,10,10,3,1,32,29,53,90.6%,45,45,100.0%,2014
68,Matt Bryant,ATL,39,K,16,0,0,0,10,10,4,4,8,8,10,7,32,29,54,90.6%,40,40,100.0%,2014
69,Adam Vinatieri*+,IND,42,K,16,0,0,0,10,10,10,10,8,7,3,3,31,30,53,96.8%,50,50,100.0%,2014
70,Phil Dawson,SFO,39,K,16,0,0,0,6,6,9,8,7,5,9,6,31,25,55,80.6%,33,33,100.0%,2014
71,Cairo Santos,KAN,23,K,16,0,1,1,10,10,6,5,11,8,2,1,30,25,53,83.3%,38,38,100.0%,2014
72,Greg Zuerlein,STL,27,K,16,0,1,1,7,6,12,10,3,2,7,5,30,24,56,80.0%,35,34,97.1%,2014
73,Dan Bailey,DAL,26,K,16,0,0,0,6,6,7,6,9,8,7,5,29,25,56,86.2%,56,56,100.0%,2014
74,Billy Cundiff,CLE,34,K,13,0,0,0,6,6,13,10,7,5,3,1,29,22,52,75.9%,28,28,100.0%,2014
75,Kai Forbath,WAS,27,K,16,0,0,0,11,11,7,6,8,7,1,0,27,24,49,88.9%,32,31,96.9%,2014
76,Josh Brown,NYG,35,K,16,0,1,1,7,6,9,9,5,4,4,4,26,24,53,92.3%,44,44,100.0%,2014
77,Nick Novak,SDG,33,K,16,0,1,1,6,6,9,8,6,4,4,3,26,22,52,84.6%,40,40,100.0%,2014
78,Josh Scobee,JAX,32,K,16,0,0,0,3,3,8,7,9,7,6,3,26,20,53,76.9%,23,23,100.0%,2014
79,Matt Prater,DET,30,K,11,0,0,0,8,8,5,4,8,6,5,3,26,21,52,80.8%,21,21,100.0%,2014
80,Patrick Murray,TAM,23,K,16,0,0,0,3,2,8,7,7,6,6,5,24,20,55,83.3%,31,31,100.0%,2014
81,Shayne Graham,NOR,37,K,16,0,0,0,6,6,9,9,5,3,2,1,22,19,50,86.4%,47,46,97.9%,2014
82,Sebastian Janikowski,OAK,36,K,16,0,0,0,2,2,6,5,9,9,5,3,22,19,57,86.4%,28,28,100.0%,2014
83,Ryan Succop,TEN,28,K,16,0,0,0,5,5,7,7,8,5,2,2,22,19,51,86.4%,27,27,100.0%,2014
84,Connor Barth,DEN,28,K,5,0,2,2,4,4,5,5,4,3,1,1,16,15,50,93.8%,15,15,100.0%,2014
85,Brandon McManus,DEN,23,K,15,0,0,0,5,5,3,2,3,2,2,0,13,9,44,69.2%,41,41,100.0%,2014
86,Robbie Gould,CHI,32,K,12,0,0,0,4,4,3,2,4,3,1,0,12,9,45,75.0%,29,28,96.6%,2014
87,Nate Freese,DET,24,K,3,0,0,0,2,2,1,1,4,0,0,0,7,3,30,42.9%,6,6,100.0%,2014
88,Alex Henery,DET,27,K,2,0,0,0,0,0,0,0,2,0,3,1,5,1,51,20.0%,5,5,100.0%,2014
89,Jay Feely,CHI,38,K,4,0,0,0,1,1,1,1,2,1,0,0,4,3,48,75.0%,6,5,83.3%,2014
90,Garrett Hartley,CLE,28,K,2,0,0,0,0,0,2,2,1,1,0,0,3,3,43,100.0%,2,2,100.0%,2014
111,Justin Tucker,BAL,26,K,16,0,0,0,10,10,9,9,11,10,10,4,40,33,52,82.5%,29,29,100.0%,2015
112,Blair Walsh,MIN,25,K,16,0,0,0,9,9,15,13,7,6,8,6,39,34,54,87.2%,37,33,89.2%,2015
113,Robbie Gould,CHI,33,K,16,0,1,1,8,8,12,10,9,7,9,7,39,33,55,84.6%,29,28,96.6%,2015
114,Cairo Santos,KAN,24,K,16,0,0,0,8,7,10,10,11,9,8,4,37,30,53,81.1%,41,39,95.1%,2015
115,Graham Gano,CAR,28,K,16,0,1,1,10,10,5,4,16,13,4,2,36,30,52,83.3%,59,56,94.9%,2015
116,Stephen Gostkowski*+,NWE,31,K,16,0,0,0,6,6,11,11,14,12,5,4,36,33,57,91.7%,52,52,100.0%,2015
117,Brandon McManus,DEN,24,K,16,0,0,0,12,12,8,8,8,5,7,5,35,30,57,85.7%,36,35,97.2%,2015
118,Josh Brown*,NYG,36,K,16,0,1,1,6,6,12,12,10,8,3,3,32,30,53,93.8%,45,44,97.8%,2015
119,Josh Lambo,SDG,25,K,16,0,0,0,4,4,7,7,16,11,5,4,32,26,54,81.3%,32,28,87.5%,2015
120,Chris Boswell,PIT,24,K,12,0,1,1,9,9,8,8,12,9,2,2,32,29,51,90.6%,27,26,96.3%,2015
121,Dan Bailey*,DAL,27,K,16,0,0,0,9,9,10,10,7,6,6,5,32,30,54,93.8%,25,25,100.0%,2015
122,Travis Coons,CLE,23,K,16,0,0,0,11,11,10,10,9,7,2,0,32,28,47,87.5%,24,22,91.7%,2015
123,Chandler Catanzaro,ARI,24,K,16,0,1,1,12,12,9,9,7,6,2,0,31,28,47,90.3%,58,53,91.4%,2015
124,Stephen Hauschka,SEA,30,K,16,0,0,0,9,9,7,7,9,7,6,6,31,29,54,93.5%,44,40,90.9%,2015
125,Jason Myers,JAX,24,K,16,0,0,0,10,9,8,8,8,6,4,3,30,26,58,86.7%,39,32,82.1%,2015
126,Greg Zuerlein,STL,28,K,14,0,1,1,2,2,10,9,8,5,9,3,30,20,61,66.7%,28,26,92.9%,2015
127,Mike Nugent,CIN,33,K,16,0,0,0,6,6,6,5,13,10,3,2,28,23,52,82.1%,49,48,98.0%,2015
128,Dustin Hopkins,WAS,25,K,15,0,0,0,7,7,9,9,8,7,4,2,28,25,54,89.3%,40,39,97.5%,2015
129,Mason Crosby,GNB,31,K,16,0,1,1,7,7,4,4,11,8,5,4,28,24,56,85.7%,36,36,100.0%,2015
130,Connor Barth,TAM,29,K,12,0,0,0,9,9,8,8,6,3,5,3,28,23,53,82.1%,26,25,96.2%,2015
131,Dan Carpenter,BUF,30,K,16,0,0,0,5,5,9,8,8,7,5,3,27,23,52,85.2%,40,34,85.0%,2015
132,Adam Vinatieri,IND,43,K,16,0,0,0,8,7,6,6,8,8,5,4,27,25,55,92.6%,35,32,91.4%,2015
133,Phil Dawson,SFO,40,K,16,0,0,0,10,9,6,6,8,6,3,3,27,24,54,88.9%,21,20,95.2%,2015
134,Sebastian Janikowski,OAK,37,K,16,0,0,0,7,7,6,5,8,5,5,4,26,21,56,80.8%,39,38,97.4%,2015
135,Matt Prater,DET,31,K,16,0,0,0,3,3,9,8,6,6,6,5,24,22,59,91.7%,39,36,92.3%,2015
136,Randy Bullock,2TM,26,K,11,0,1,1,4,4,6,6,11,8,1,0,23,19,49,82.6%,25,22,88.0%,2015
137,Caleb Sturgis,PHI,26,K,13,0,0,0,4,4,10,8,4,4,4,2,22,18,53,81.8%,37,35,94.6%,2015
138,Nick Novak,HOU,34,K,13,0,0,0,6,6,6,6,4,4,5,2,21,18,51,85.7%,31,29,93.5%,2015
139,Matt Bryant,ATL,40,K,10,0,1,1,4,4,4,3,9,6,0,0,18,14,47,77.8%,26,26,100.0%,2015
140,Andrew Franks,MIA,22,K,16,0,1,1,3,3,4,4,6,4,2,1,16,13,53,81.3%,36,33,91.7%,2015
141,Ryan Succop,TEN,29,K,16,0,0,0,3,3,3,3,7,7,3,1,16,14,51,87.5%,31,29,93.5%,2015
142,Nick Folk,NYJ,31,K,8,0,0,0,2,2,6,6,6,3,2,2,16,13,55,81.3%,19,19,100.0%,2015
143,Kai Forbath,2TM,28,K,11,0,0,0,3,2,4,3,5,3,3,2,15,10,57,66.7%,35,34,97.1%,2015
144,Zach Hocker,2TM,24,K,8,0,0,0,3,3,6,5,3,1,2,1,14,10,51,71.4%,13,12,92.3%,2015
145,Shayne Graham,ATL,38,K,5,0,0,0,2,2,4,4,4,2,3,3,13,11,54,84.6%,8,8,100.0%,2015
146,Kyle Brindza,TAM,22,K,4,0,0,0,2,1,3,2,3,1,4,2,12,6,58,50.0%,8,6,75.0%,2015
147,Josh Scobee,PIT,33,K,4,0,0,0,2,2,1,1,7,3,0,0,10,6,45,60.0%,7,6,85.7%,2015
148,Cody Parkey,PHI,23,K,3,0,0,0,1,1,1,1,2,1,0,0,4,3,46,75.0%,7,7,100.0%,2015
149,Ryan Quigley,NYJ,25,P,15,0,0,0,0,0,0,0,0,0,0,0,0,0,0,0,4,4,100.0%,2015
167,Dustin Hopkins,WAS,26,K,16,0,0,0,12,12,14,12,9,7,7,3,42,34,53,81.0%,39,36,92.3%,2016
168,Caleb Sturgis,PHI,27,K,16,0,0,0,12,12,12,12,11,7,6,4,41,35,55,85.4%,31,30,96.8%,2016
169,Nick Novak,HOU,35,K,16,0,1,1,12,12,11,11,11,8,6,3,41,35,53,85.4%,25,22,88.0%,2016
170,Justin Tucker*+,BAL,27,K,16,0,0,0,4,4,11,10,14,14,10,10,39,38,57,97.4%,27,27,100.0%,2016
171,Graham Gano,CAR,29,K,16,0,0,0,4,4,11,9,17,14,6,3,38,30,54,78.9%,34,31,91.2%,2016
172,Matt Bryant*,ATL,41,K,16,0,0,0,12,12,8,7,9,9,8,6,37,34,59,91.9%,57,56,98.2%,2016
173,Stephen Hauschka,SEA,31,K,16,0,0,0,13,11,13,13,10,8,1,1,37,33,53,89.2%,35,29,82.9%,2016
174,Matt Prater*,DET,32,K,16,0,0,0,10,10,5,4,14,10,7,7,36,31,58,86.1%,33,31,93.9%,2016
175,Sebastian Janikowski,OAK,38,K,16,0,1,1,9,9,6,6,11,10,8,3,35,29,56,82.9%,39,37,94.9%,2016
176,Cairo Santos,KAN,25,K,16,0,0,0,9,8,17,15,7,6,2,2,35,31,53,88.6%,39,36,92.3%,2016
177,Wil Lutz,NOR,22,K,16,0,1,1,7,7,11,9,8,8,7,3,34,28,57,82.4%,50,49,98.0%,2016
178,Brandon McManus,DEN,25,K,16,0,0,0,9,9,10,10,9,7,6,3,34,29,55,85.3%,33,32,97.0%,2016
179,Jason Myers,JAX,25,K,16,0,0,0,7,7,4,3,11,10,12,7,34,27,56,79.4%,32,29,90.6%,2016
180,Stephen Gostkowski,NWE,32,K,16,0,0,0,9,9,9,6,10,9,4,3,32,27,53,84.4%,49,46,93.9%,2016
181,Dan Bailey,DAL,28,K,16,0,0,0,9,9,8,8,9,7,6,3,32,27,56,84.4%,46,46,100.0%,2016
182,Josh Lambo,SDG,26,K,16,0,0,0,7,7,14,13,8,6,3,0,32,26,47,81.3%,46,42,91.3%,2016
183,Adam Vinatieri,IND,44,K,16,0,0,0,3,3,7,7,12,10,9,7,31,27,54,87.1%,44,44,100.0%,2016
184,Roberto Aguayo,TAM,22,K,16,0,0,0,5,5,15,13,10,4,1,0,31,22,43,71.0%,34,32,94.1%,2016
185,Nick Folk,NYJ,32,K,16,0,0,0,13,12,11,10,3,3,4,2,31,27,51,87.1%,26,24,92.3%,2016
186,Mason Crosby,GNB,32,K,16,0,1,1,6,6,14,12,7,6,2,1,30,26,53,86.7%,47,44,93.6%,2016
187,Mike Nugent,CIN,34,K,13,0,0,0,9,9,10,9,7,5,3,0,29,23,47,79.3%,29,23,79.3%,2016
188,Chandler Catanzaro,ARI,25,K,16,0,1,1,6,5,7,6,8,6,6,3,28,21,60,75.0%,47,43,91.5%,2016
189,Dan Carpenter,BUF,31,K,16,0,1,1,8,8,5,5,9,4,2,1,25,19,54,76.0%,45,40,88.9%,2016
190,Chris Boswell,PIT,25,K,15,0,0,0,2,2,9,8,12,11,2,0,25,21,49,84.0%,36,36,100.0%,2016
191,Cody Parkey,CLE,24,K,14,0,0,0,6,6,6,6,12,7,1,1,25,20,51,80.0%,21,20,95.2%,2016
192,Ryan Succop,TEN,30,K,16,0,1,1,5,5,5,5,8,8,5,3,24,22,53,91.7%,41,39,95.1%,2016
193,Connor Barth,CHI,30,K,16,0,0,0,8,7,8,7,4,3,3,1,23,18,54,78.3%,32,31,96.9%,2016
194,Greg Zuerlein,LAR,29,K,16,0,0,0,5,5,9,9,4,3,4,2,22,19,54,86.4%,23,23,100.0%,2016
195,Andrew Franks,MIA,23,K,16,0,0,0,10,8,6,6,3,1,2,1,21,16,55,76.2%,42,41,97.6%,2016
196,Phil Dawson,SFO,41,K,16,0,0,0,4,4,6,6,9,7,2,1,21,18,53,85.7%,34,33,97.1%,2016
197,Blair Walsh,MIN,26,K,9,0,1,1,1,1,6,5,6,4,2,1,16,12,50,75.0%,19,15,78.9%,2016
198,Kai Forbath,MIN,29,K,7,0,0,0,5,5,5,5,4,4,1,1,15,15,51,100.0%,14,11,78.6%,2016
199,Josh Brown,NYG,37,K,5,0,1,1,3,3,3,3,4,4,1,0,12,11,48,91.7%,9,9,100.0%,2016
200,Robbie Gould,NYG,34,K,10,0,0,0,3,3,3,3,4,4,0,0,10,10,47,100.0%,23,20,87.0%,2016
201,Randy Bullock,3TM,27,K,5,0,0,0,4,4,2,2,3,2,0,0,9,8,44,88.9%,10,9,90.0%,2016
202,Patrick Murray,CLE,25,K,2,0,0,0,0,0,1,1,0,0,1,0,2,1,35,50.0%,4,3,75.0%,2016
222,Ryan Succop,TEN,31,K,16,0,0,0,10,10,7,7,20,16,5,2,42,35,52,83.3%,33,31,93.9%,2017
223,Harrison Butker,KAN,22,K,13,0,0,0,8,8,17,16,12,10,5,4,42,38,53,90.5%,28,28,100.0%,2017
224,Robbie Gould,SFO,35,K,16,0,0,0,8,7,11,11,18,17,4,4,41,39,52,95.1%,30,28,93.3%,2017
225,Stephen Gostkowski,NWE,33,K,16,0,0,0,16,16,9,9,11,8,4,4,40,37,62,92.5%,47,45,95.7%,2017
226,Greg Zuerlein*+,LAR,30,K,14,0,1,1,8,8,12,11,12,12,7,6,40,38,56,95.0%,46,44,95.7%,2017
227,Phil Dawson,ARI,42,K,16,0,1,1,7,7,14,10,13,10,5,4,40,32,57,80.0%,26,23,88.5%,2017
228,Matt Bryant,ATL,42,K,16,0,1,1,6,6,13,10,10,9,9,8,39,34,57,87.2%,35,35,100.0%,2017
229,Chris Boswell*,PIT,26,K,16,0,0,0,10,10,14,12,10,9,4,4,38,35,53,92.1%,39,37,94.9%,2017
230,Kai Forbath,MIN,30,K,16,0,0,0,8,8,14,12,7,6,9,6,38,32,53,84.2%,39,34,87.2%,2017
231,Justin Tucker,BAL,28,K,16,0,0,0,7,7,11,11,12,11,7,5,37,34,57,91.9%,39,39,100.0%,2017
232,Wil Lutz,NOR,23,K,16,0,0,0,10,10,5,4,16,13,5,4,36,31,53,86.1%,50,47,94.0%,2017
233,Matt Prater,DET,33,K,16,0,2,2,4,4,10,10,8,7,11,7,35,30,58,85.7%,41,40,97.6%,2017
234,Adam Vinatieri,IND,45,K,15,0,0,0,11,11,10,7,7,6,6,5,34,29,54,85.3%,24,22,91.7%,2017
235,Stephen Hauschka,BUF,32,K,16,0,0,0,6,6,9,9,9,7,9,7,33,29,56,87.9%,29,29,100.0%,2017
236,Brandon McManus,DEN,26,K,16,0,0,0,8,6,12,11,6,4,6,3,32,24,53,75.0%,27,27,100.0%,2017
237,Jake Elliott,PHI,22,K,15,0,0,0,5,5,7,4,13,12,6,5,31,26,61,83.9%,42,39,92.9%,2017
238,Graham Gano*,CAR,30,K,16,0,0,0,8,8,11,11,10,10,1,0,30,29,48,96.7%,37,34,91.9%,2017
239,Chandler Catanzaro,NYJ,26,K,16,0,1,1,6,6,4,4,17,12,2,2,30,25,57,83.3%,29,29,100.0%,2017
240,Blair Walsh,SEA,27,K,16,0,0,0,6,6,10,7,12,8,1,0,29,21,49,72.4%,38,37,97.4%,2017
241,Ka'imi Fairbairn,HOU,23,K,16,0,0,0,4,3,10,8,7,6,4,3,25,20,55,80.0%,35,32,91.4%,2017
242,Aldrick Rosas,NYG,23,K,16,0,0,0,8,8,5,3,9,4,3,3,25,18,52,72.0%,23,20,87.0%,2017
243,Cody Parkey,MIA,25,K,16,0,0,0,6,6,8,8,7,6,2,1,23,21,54,91.3%,29,26,89.7%,2017
244,Patrick Murray,TAM,26,K,12,0,0,0,5,5,8,8,5,4,5,2,23,19,50,82.6%,22,21,95.5%,2017
245,Giorgio Tavecchio,OAK,27,K,16,0,0,0,5,5,7,5,5,3,4,3,21,16,53,76.2%,34,33,97.1%,2017
246,Randy Bullock,CIN,28,K,15,0,0,0,6,6,8,7,5,4,1,1,20,18,51,90.0%,33,31,93.9%,2017
247,Dan Bailey,DAL,29,K,12,0,1,1,4,3,5,4,5,4,5,3,20,15,56,75.0%,28,26,92.9%,2017
248,Zane Gonzalez,CLE,22,K,16,0,0,0,5,5,6,4,6,4,3,2,20,15,54,75.0%,26,25,96.2%,2017
249,Josh Lambo,JAX,27,K,10,0,0,0,2,2,11,11,5,4,2,2,20,19,56,95.0%,24,22,91.7%,2017
250,Mason Crosby,GNB,33,K,16,0,0,0,8,8,4,2,4,4,3,1,19,15,50,78.9%,35,33,94.3%,2017
251,Dustin Hopkins,WAS,27,K,8,0,1,1,7,7,2,2,5,4,2,0,17,14,49,82.4%,19,18,94.7%,2017
252,Connor Barth,CHI,31,K,10,0,1,1,4,4,0,0,9,5,2,1,16,11,54,68.8%,17,17,100.0%,2017
253,Jason Myers,JAX,26,K,6,0,0,0,4,4,3,2,5,5,3,0,15,11,47,73.3%,17,15,88.2%,2017
254,Nick Rose,2TM,23,K,10,0,0,0,6,6,4,3,2,1,2,1,14,11,55,78.6%,26,23,88.5%,2017
255,Nick Novak,LAC,36,K,7,0,0,0,4,4,5,4,2,0,2,1,13,9,50,69.2%,18,17,94.4%,2017
256,Mike Nugent,2TM,35,K,8,0,0,0,3,3,4,3,5,4,1,1,13,11,55,84.6%,17,15,88.2%,2017
257,Nick Folk,TAM,33,K,4,0,0,0,2,2,2,1,5,2,2,1,11,6,50,54.5%,9,7,77.8%,2017
258,Travis Coons,LAC,25,K,3,0,0,0,4,4,3,2,1,1,0,0,8,7,40,87.5%,6,5,83.3%,2017
259,Younghoe Koo,LAC,23,K,4,0,0,0,2,2,0,0,4,1,0,0,6,3,41,50.0%,9,9,100.0%,2017
260,Cairo Santos,2TM,26,K,5,0,0,0,0,0,4,4,0,0,1,0,5,4,39,80.0%,14,14,100.0%,2017
261,Sam Ficken,LAR,25,K,2,0,0,0,2,2,1,0,0,0,0,0,3,2,23,66.7%,5,4,80.0%,2017
262,Caleb Sturgis,PHI,28,K,1,0,0,0,0,0,1,1,1,1,1,1,3,3,50,100.0%,2,1,50.0%,2017
263,Jeff Heath,DAL,26,SS,15,15,0,0,0,0,0,0,0,0,0,0,0,0,0,0,3,2,66.7%,2017
264,Drew Kaser,LAC,24,P,16,0,0,0,0,0,0,0,0,0,0,0,0,0,0,0,3,1,33.3%,2017
265,Marshall Koehn,CIN,25,K,1,0,0,0,0,0,0,0,0,0,0,0,0,0,0,0,1,1,100.0%,2017
284,Ka'imi Fairbairn,HOU,24,K,16,0,1,1,9,9,11,11,15,12,6,4,42,37,54,88.1%,41,39,95.1%,2018
285,Justin Tucker+,BAL,29,K,16,0,0,0,12,12,9,9,11,9,7,5,39,35,56,89.7%,37,36,97.3%,2018
286,Mason Crosby,GNB,34,K,16,0,0,0,4,4,11,10,15,11,7,5,37,30,53,81.1%,36,34,94.4%,2018
287,Jason Myers*,NYJ,27,K,16,0,0,0,4,4,14,13,11,10,7,6,36,33,56,91.7%,33,30,90.9%,2018
288,Brett Maher,DAL,29,K,16,0,0,0,10,10,8,6,11,7,7,6,36,29,62,80.6%,33,32,97.0%,2018
289,Robbie Gould,SFO,36,K,16,0,0,0,9,9,13,13,10,9,2,2,34,33,53,97.1%,29,27,93.1%,2018
290,Aldrick Rosas*,NYG,24,K,16,0,0,0,9,9,13,13,6,6,5,4,33,32,57,97.0%,32,31,96.9%,2018
291,Stephen Gostkowski,NWE,34,K,16,0,0,0,11,11,10,10,6,4,5,2,32,27,52,84.4%,50,49,98.0%,2018
292,Matt Prater,DET,34,K,16,0,0,0,8,8,12,12,7,5,5,3,32,28,54,87.5%,30,30,100.0%,2018
293,Greg Zuerlein,LAR,31,K,11,0,0,0,9,9,10,10,6,4,6,4,31,27,56,87.1%,36,35,97.2%,2018
294,Jake Elliott,PHI,23,K,16,0,0,0,7,7,11,10,8,7,5,2,31,26,56,83.9%,35,33,94.3%,2018
295,Wil Lutz,NOR,24,K,16,0,1,1,5,5,9,9,12,11,3,2,30,28,54,93.3%,53,52,98.1%,2018
296,Cody Parkey,CHI,26,K,16,0,0,0,6,6,10,7,12,9,2,1,30,23,50,76.7%,45,42,93.3%,2018
297,Ryan Succop,TEN,32,K,16,0,0,0,6,5,13,13,7,5,4,3,30,26,54,86.7%,31,28,90.3%,2018
298,Dustin Hopkins,WAS,28,K,16,0,0,0,5,5,7,7,12,10,5,4,29,26,56,89.7%,26,25,96.2%,2018
299,Dan Bailey,MIN,30,K,14,0,0,0,6,5,11,11,9,4,2,1,28,21,52,75.0%,31,30,96.8%,2018
300,Stephen Hauschka,BUF,33,K,16,0,0,0,3,3,8,8,10,7,7,4,28,22,54,78.6%,26,25,96.2%,2018
301,Harrison Butker,KAN,23,K,16,0,0,0,9,9,7,7,7,6,4,2,27,24,54,88.9%,69,65,94.2%,2018
302,Sebastian Janikowski,SEA,40,K,16,0,0,0,2,2,11,9,9,8,5,3,27,22,56,81.5%,51,48,94.1%,2018
303,Adam Vinatieri,IND,46,K,16,0,0,0,8,8,7,6,6,5,6,4,27,23,54,85.2%,47,44,93.6%,2018
304,Brandon McManus,DEN,27,K,16,0,0,0,5,5,6,6,7,7,7,2,25,20,53,80.0%,35,35,100.0%,2018
305,Randy Bullock,CIN,29,K,16,0,0,0,4,4,8,7,6,6,5,2,23,19,51,82.6%,41,39,95.1%,2018
306,Matt Bryant,ATL,43,K,13,0,0,0,4,4,5,5,7,7,5,4,21,20,57,95.2%,35,33,94.3%,2018
307,Daniel Carlson,2TM,23,K,12,0,0,0,2,2,4,3,12,9,3,3,21,17,50,81.0%,24,24,100.0%,2018
308,Josh Lambo,JAX,28,K,13,0,0,0,4,4,8,8,4,3,5,4,21,19,57,90.5%,20,19,95.0%,2018
309,Chris Boswell,PIT,27,K,15,0,0,0,3,3,6,4,10,5,1,1,20,13,50,65.0%,48,43,89.6%,2018
310,Jason Sanders,MIA,23,K,16,0,0,0,7,7,3,3,9,7,1,1,20,18,50,90.0%,36,35,97.2%,2018
311,Chandler Catanzaro,2TM,27,K,13,0,0,0,4,4,10,9,3,0,3,3,20,16,59,80.0%,35,30,85.7%,2018
312,Greg Joseph,CLE,24,K,14,0,0,0,4,4,7,7,7,5,2,1,20,17,51,85.0%,29,25,86.2%,2018
313,Cairo Santos,2TM,27,K,9,0,1,1,4,4,6,6,6,3,1,0,18,14,45,77.8%,23,22,95.7%,2018
314,Graham Gano,CAR,31,K,12,0,0,0,3,3,5,4,4,4,4,3,16,14,63,87.5%,33,30,90.9%,2018
315,Michael Badgley,LAC,23,K,10,0,0,0,4,4,5,5,5,5,2,1,16,15,59,93.8%,28,27,96.4%,2018
316,Zane Gonzalez,2TM,23,K,7,0,0,0,1,1,4,4,4,2,5,2,14,9,55,64.3%,11,8,72.7%,2018
317,Caleb Sturgis,LAC,29,K,6,0,0,0,4,4,2,2,6,3,1,0,13,9,49,69.2%,15,9,60.0%,2018
318,Matthew McCrane,3TM,24,K,5,0,0,0,3,3,2,2,5,3,2,0,12,8,47,66.7%,9,9,100.0%,2018
319,Phil Dawson,ARI,43,K,10,0,0,0,2,2,2,2,3,1,1,0,8,5,43,62.5%,15,15,100.0%,2018
320,Mike Nugent,OAK,36,K,3,0,0,0,3,3,0,0,2,2,1,1,6,6,52,100.0%,5,4,80.0%,2018
321,Giorgio Tavecchio,ATL,28,K,3,0,0,0,1,1,0,0,2,2,2,2,5,5,56,100.0%,8,8,100.0%,2018
322,Kai Forbath,JAX,31,K,3,0,0,0,2,2,1,1,1,1,1,0,5,4,41,80.0%,3,3,100.0%,2018
323,Sam Ficken,LAR,26,K,2,0,0,0,1,0,1,1,1,0,0,0,3,1,34,33.3%,10,10,100.0%,2018
324,Johnny Hekker,LAR,28,P,16,0,0,0,1,1,0,0,0,0,0,0,1,1,20,100.0%,1,1,100.0%,2018
340,Harrison Butker,KAN,24,K,16,0,0,0,9,9,9,8,14,14,6,3,38,34,56,89.5%,48,45,93.8%,2019
341,Wil Lutz*,NOR,25,K,16,0,1,1,9,9,6,6,15,13,5,3,36,32,58,88.9%,49,48,98.0%,2019
342,Matt Gay,TAM,25,K,16,0,0,0,6,6,7,5,14,11,8,5,35,27,58,77.1%,48,43,89.6%,2019
343,Zane Gonzalez,ARI,24,K,16,0,0,0,12,12,13,12,8,5,2,2,35,31,54,88.6%,35,34,97.1%,2019
344,Brandon McManus,DEN,28,K,16,0,0,0,6,6,9,9,12,10,7,4,34,29,53,85.3%,26,25,96.2%,2019
345,Josh Lambo,JAX,29,K,16,0,0,0,12,12,9,9,9,8,4,4,34,33,56,97.1%,20,19,95.0%,2019
346,Greg Zuerlein,LAR,32,K,16,0,0,0,7,7,8,7,11,5,7,5,33,24,58,72.7%,42,42,100.0%,2019
347,Joey Slye,CAR,23,K,16,0,0,0,5,4,5,5,11,8,11,8,32,25,55,78.1%,35,31,88.6%,2019
348,Robbie Gould,SFO,37,K,13,0,0,0,9,9,10,8,8,6,4,0,31,23,47,74.2%,42,41,97.6%,2019
349,Matt Prater,DET,35,K,16,0,0,0,11,11,3,2,9,6,8,7,31,26,56,83.9%,36,35,97.2%,2019
350,Chris Boswell,PIT,28,K,16,0,1,1,11,11,7,7,10,9,2,1,31,29,51,93.5%,28,28,100.0%,2019
351,Randy Bullock,CIN,30,K,16,0,0,0,10,10,6,6,12,10,3,1,31,27,57,87.1%,25,24,96.0%,2019
352,Brett Maher,DAL,30,K,13,0,0,0,9,9,8,6,5,1,8,4,30,20,63,66.7%,36,36,100.0%,2019
353,Jason Sanders,MIA,24,K,16,0,0,0,7,7,9,8,9,5,5,3,30,23,54,76.7%,30,29,96.7%,2019
354,Dustin Hopkins,WAS,29,K,16,0,0,0,8,7,9,8,10,8,3,2,30,25,53,83.3%,22,21,95.5%,2019
355,Justin Tucker*+,BAL,30,K,16,0,0,0,8,8,9,9,11,10,1,1,29,28,51,96.6%,59,57,96.6%,2019
356,Dan Bailey,MIN,31,K,16,0,0,0,10,10,9,9,7,5,3,3,29,27,50,93.1%,44,40,90.9%,2019
357,Austin Seibert,CLE,23,K,16,0,0,0,6,6,9,9,12,9,2,1,29,25,53,86.2%,35,30,85.7%,2019
358,Jason Myers,SEA,28,K,16,0,0,0,6,6,11,11,7,4,4,2,28,23,54,82.1%,44,40,90.9%,2019
359,Stephen Hauschka,BUF,34,K,16,0,0,0,5,5,8,7,10,9,5,1,28,22,51,78.6%,32,30,93.8%,2019
360,Eddy Pineiro,CHI,24,K,16,0,1,1,8,8,10,9,7,3,2,2,28,23,53,82.1%,29,27,93.1%,2019
361,Sam Ficken,NYJ,27,K,15,0,0,0,2,2,8,7,11,7,6,3,27,19,54,70.4%,26,23,88.5%,2019
362,Jake Elliott,PHI,24,K,16,0,0,0,7,7,8,8,7,5,4,2,26,22,53,84.6%,37,35,94.6%,2019
363,Daniel Carlson,OAK,24,K,16,0,0,0,8,8,6,5,10,6,2,0,26,19,48,73.1%,36,34,94.4%,2019
364,Younghoe Koo,ATL,25,K,8,0,0,0,6,6,10,9,9,7,1,1,26,23,50,88.5%,16,15,93.8%,2019
365,Ka'imi Fairbairn,HOU,25,K,16,0,0,0,5,5,8,8,6,4,6,3,25,20,54,80.0%,45,40,88.9%,2019
366,Adam Vinatieri,IND,47,K,12,0,0,0,7,6,6,6,7,3,5,2,25,17,55,68.0%,28,22,78.6%,2019
367,Mason Crosby,GNB,35,K,16,0,1,1,2,2,11,11,8,7,2,1,24,22,54,91.7%,41,40,97.6%,2019
368,Chase McLaughlin,3TM,23,K,11,0,1,1,5,5,4,4,10,5,3,3,23,18,50,78.3%,26,26,100.0%,2019
369,Aldrick Rosas,NYG,25,K,16,0,0,0,6,6,6,5,4,1,1,0,17,12,45,70.6%,39,35,89.7%,2019
370,Nick Folk,NWE,35,K,7,0,1,1,5,5,3,3,7,4,1,1,17,14,51,82.4%,12,12,100.0%,2019
371,Michael Badgley,LAC,24,K,8,0,0,0,5,5,2,2,8,6,1,0,16,13,49,81.3%,19,19,100.0%,2019
372,Matt Bryant,ATL,44,K,7,0,0,0,1,1,4,3,3,3,6,2,14,9,52,64.3%,15,14,93.3%,2019
373,Kai Forbath,2TM,32,K,4,0,0,0,2,2,1,1,7,7,1,1,11,11,50,100.0%,12,11,91.7%,2019
374,Cairo Santos,TEN,28,K,5,0,0,0,0,0,3,1,3,2,3,1,9,4,53,44.4%,12,12,100.0%,2019
375,Ty Long,LAC,26,P,16,0,0,0,0,0,3,2,5,4,1,1,9,7,51,77.8%,9,9,100.0%,2019
376,Mike Nugent,NWE,37,K,4,0,0,0,4,3,3,2,1,0,0,0,8,5,37,62.5%,16,15,93.8%,2019
377,Stephen Gostkowski,NWE,35,K,4,0,0,0,3,3,3,3,2,1,0,0,8,7,41,87.5%,15,11,73.3%,2019
378,Ryan Succop,TEN,33,K,6,0,0,0,0,0,1,1,4,0,1,0,6,1,31,16.7%,25,24,96.0%,2019
379,Cody Parkey,TEN,27,K,3,0,0,0,0,0,0,0,2,2,1,1,3,3,51,100.0%,6,5,83.3%,2019
380,Kaare Vedvik,NYJ,25,K,1,0,0,0,0,0,0,0,1,0,0,0,1,0,0,0.0%,1,0,0.0%,2019
381,Greg Joseph,TEN,25,K,2,0,0,0,0,0,0,0,0,0,0,0,0,0,0,0,9,9,100.0%,2019
403,Greg Zuerlein,DAL,33,K,16,0,1,1,5,5,13,13,13,12,9,3,41,34,59,82.9%,36,33,91.7%,2020
404,Jason Sanders+,MIA,25,K,16,0,1,1,8,8,7,7,14,12,9,8,39,36,56,92.3%,36,36,100.0%,2020
405,Younghoe Koo*,ATL,26,K,15,0,0,0,10,10,12,11,9,8,8,8,39,37,54,94.9%,36,33,91.7%,2020
406,Rodrigo Blankenship,IND,23,K,16,0,0,0,10,10,13,12,11,9,3,1,37,32,53,86.5%,45,43,95.6%,2020
407,Joey Slye,CAR,24,K,16,0,0,0,12,11,10,10,8,7,6,1,36,29,56,80.6%,36,33,91.7%,2020
408,Daniel Carlson,LVR,25,K,16,0,0,0,18,18,8,8,5,3,4,4,35,33,54,94.3%,47,45,95.7%,2020
409,Tyler Bass,BUF,23,K,16,0,1,1,9,9,9,6,9,8,6,4,34,28,58,82.4%,59,57,96.6%,2020
410,Dustin Hopkins,WAS,30,K,16,0,0,0,5,5,8,7,17,13,4,2,34,27,51,79.4%,32,30,93.8%,2020
411,Brandon McManus,DEN,29,K,15,0,0,0,6,6,5,4,8,8,15,10,34,28,58,82.4%,27,24,88.9%,2020
412,Michael Badgley,LAC,25,K,16,0,0,0,8,8,6,6,13,8,6,2,33,24,53,72.7%,39,36,92.3%,2020
413,Cairo Santos,CHI,29,K,16,0,0,0,9,9,10,10,10,9,3,2,32,30,55,93.8%,37,36,97.3%,2020
414,Graham Gano,NYG,33,K,16,0,0,0,4,4,13,13,9,9,6,5,32,31,55,96.9%,23,21,91.3%,2020
415,Ryan Succop,TAM,34,K,16,0,1,1,10,10,9,9,9,7,2,1,31,28,50,90.3%,57,52,91.2%,2020
416,Ka'imi Fairbairn,HOU,26,K,16,0,0,0,8,8,9,9,8,6,6,4,31,27,54,87.1%,40,37,92.5%,2020
417,Justin Tucker*,BAL,31,K,16,0,0,0,8,8,7,6,9,9,5,3,29,26,55,89.7%,53,52,98.1%,2020
418,Wil Lutz,NOR,26,K,16,0,0,0,6,5,10,10,9,7,3,1,28,23,53,82.1%,58,57,98.3%,2020
419,Matt Prater,DET,36,K,16,0,0,0,4,4,7,7,7,4,10,6,28,21,59,75.0%,41,38,92.7%,2020
420,Nick Folk,NWE,36,K,16,0,0,0,6,6,7,7,12,11,3,2,28,26,51,92.9%,33,30,90.9%,2020
421,Harrison Butker,KAN,25,K,16,0,2,2,7,7,9,9,5,3,4,4,27,25,58,92.6%,54,48,88.9%,2020
422,Stephen Gostkowski,TEN,36,K,15,0,0,0,3,2,5,4,10,5,8,7,26,18,55,69.2%,48,46,95.8%,2020
423,Randy Bullock,CIN,31,K,12,0,0,0,3,3,10,8,8,7,5,3,26,21,55,80.8%,25,24,96.0%,2020
424,Jason Myers,SEA,29,K,16,0,0,0,2,2,7,7,13,13,2,2,24,24,61,100.0%,53,49,92.5%,2020
425,Robbie Gould,SFO,38,K,15,0,0,0,3,3,6,5,10,9,4,2,23,19,52,82.6%,38,36,94.7%,2020
426,Cody Parkey,CLE,28,K,15,0,0,0,5,5,6,4,11,10,0,0,22,19,46,86.4%,47,43,91.5%,2020
427,Dan Bailey,MIN,32,K,16,0,0,0,6,6,4,3,7,4,5,2,22,15,53,68.2%,43,37,86.0%,2020
428,Zane Gonzalez,ARI,25,K,12,0,0,0,4,4,2,2,13,8,3,2,22,16,56,72.7%,39,38,97.4%,2020
429,Chris Boswell,PIT,29,K,13,0,0,0,5,5,6,6,8,7,1,1,20,19,59,95.0%,38,34,89.5%,2020
430,Jake Elliott,PHI,25,K,16,0,0,0,3,1,6,6,5,5,5,2,19,14,54,73.7%,26,24,92.3%,2020
431,Mason Crosby,GNB,36,K,16,0,1,1,1,1,5,5,5,5,4,4,16,16,57,100.0%,63,59,93.7%,2020
432,Matt Gay,LAR,26,K,7,0,0,0,2,2,6,5,7,6,1,1,16,14,51,87.5%,16,16,100.0%,2020
433,Sam Ficken,NYJ,28,K,9,0,0,0,5,5,6,6,1,1,3,1,15,13,54,86.7%,15,12,80.0%,2020
434,Sam Sloman,2TM,23,K,8,0,0,0,3,2,6,6,3,2,1,0,13,10,47,76.9%,26,23,88.5%,2020
435,Sergio Castillo,NYJ,30,K,6,0,0,0,2,1,4,3,5,2,2,2,13,8,55,61.5%,7,6,85.7%,2020
436,Aldrick Rosas,JAX,26,K,6,0,0,0,3,3,2,2,1,0,5,3,11,8,54,72.7%,9,9,100.0%,2020
437,Austin Seibert,2TM,24,K,5,0,0,0,0,0,5,5,3,1,1,0,9,6,48,66.7%,9,8,88.9%,2020
438,Mike Nugent,ARI,38,K,4,0,0,0,1,1,5,4,2,2,0,0,8,7,43,87.5%,7,7,100.0%,2020
439,Josh Lambo,JAX,30,K,4,0,0,0,0,0,2,2,1,1,2,2,5,5,59,100.0%,10,8,80.0%,2020
440,Chase McLaughlin,2TM,24,K,4,0,0,0,1,1,1,1,1,1,2,1,5,4,52,80.0%,6,5,83.3%,2020
441,Matthew Wright,PIT,24,K,3,0,0,0,1,1,1,1,2,2,0,0,4,4,46,100.0%,7,7,100.0%,2020
442,Kai Forbath,LAR,33,K,2,0,0,0,2,2,0,0,1,0,0,0,3,2,23,66.7%,5,4,80.0%,2020
443,Tristan Vizcaino,SFO,24,K,1,0,0,0,0,0,2,2,1,1,0,0,3,3,47,100.0%,2,2,100.0%,2020
444,Stephen Hauschka,JAX,35,K,1,0,0,0,1,0,0,0,1,0,0,0,2,0,0,0.0%,2,2,100.0%,2020
445,Jonathan Brown,JAX,28,K,1,0,0,0,0,0,2,1,0,0,0,0,2,1,31,50.0%,1,1,100.0%,2020
446,Taylor Russolino,DEN,31,K,1,0,0,0,0,0,0,0,0,0,1,0,1,0,0,0.0%,3,1,33.3%,2020
447,Elliott Fry,ATL,26,K,1,0,0,0,1,1,0,0,0,0,0,0,1,1,23,100.0%,2,1,50.0%,2020
448,Jamie Gillan,CLE,23,P,16,0,0,0,0,0,0,0,0,0,1,0,1,0,0,0.0%,0,0,0,2020
449,Brandon Wright,JAX,23,K,1,0,0,0,0,0,0,0,0,0,0,0,0,0,0,0,2,1,50.0%,2020
474,Daniel Carlson,LVR,26,K,17,0,0,0,11,10,12,12,13,12,7,6,43,40,56,93.0%,33,30,90.9%,2021
475,Chris Boswell,PIT,30,K,17,0,0,0,9,9,9,8,13,11,9,8,40,36,56,90.0%,29,27,93.1%,2021
476,Nick Folk,NWE,37,K,17,0,0,0,9,9,11,11,11,11,8,5,39,36,53,92.3%,47,42,89.4%,2021
477,Greg Joseph,MIN,27,K,17,0,0,0,8,8,12,11,9,7,9,7,38,33,55,86.8%,40,36,90.0%,2021
478,Matt Prater,ARI,37,K,17,0,0,0,11,11,11,9,5,3,10,7,37,30,62,81.1%,49,47,95.9%,2021
479,Justin Tucker*+,BAL,32,K,17,0,0,0,7,7,9,9,15,13,6,6,37,35,66,94.6%,32,32,100.0%,2021
480,Greg Zuerlein,DAL,34,K,16,0,0,0,5,5,16,15,9,7,5,2,35,29,56,82.9%,48,42,87.5%,2021
481,Mason Crosby,GNB,37,K,17,0,0,0,9,9,13,9,8,4,4,3,34,25,54,73.5%,51,49,96.1%,2021
482,Matt Gay*,LAR,27,K,17,0,0,0,6,6,15,15,8,7,5,4,34,32,55,94.1%,49,48,98.0%,2021
483,Dustin Hopkins,2TM,31,K,17,0,1,1,8,8,6,6,14,13,5,2,34,30,50,88.2%,44,40,90.9%,2021
484,Evan McPherson,CIN,22,K,16,0,0,0,5,5,8,8,9,6,11,9,33,28,58,84.8%,48,46,95.8%,2021
485,Jake Elliott*,PHI,26,K,17,0,0,0,7,7,10,10,13,10,3,3,33,30,58,90.9%,44,44,100.0%,2021
486,Graham Gano,NYG,34,K,17,0,0,0,5,5,13,12,5,5,10,7,33,29,55,87.9%,17,17,100.0%,2021
487,Tyler Bass,BUF,24,K,17,0,0,0,15,15,8,7,5,4,4,2,32,28,57,87.5%,51,51,100.0%,2021
488,Randy Bullock,TEN,32,K,16,0,0,0,5,5,12,12,13,8,1,1,31,26,51,83.9%,45,42,93.3%,2021
489,Jason Sanders,MIA,26,K,17,0,0,0,6,6,9,7,10,8,6,2,31,23,51,74.2%,35,34,97.1%,2021
490,Brandon McManus,DEN,30,K,17,0,0,0,8,7,6,6,8,8,9,5,31,26,61,83.9%,34,33,97.1%,2021
491,Ryan Succop,TAM,35,K,17,0,0,0,11,11,8,7,10,7,1,0,30,25,48,83.3%,59,56,94.9%,2021
492,Cairo Santos,CHI,30,K,17,0,0,0,10,10,5,5,13,11,2,0,30,26,47,86.7%,28,27,96.4%,2021
493,Younghoe Koo,ATL,27,K,17,0,0,0,8,8,9,9,7,6,5,4,29,27,54,93.1%,30,30,100.0%,2021
494,Harrison Butker,KAN,26,K,16,0,0,0,3,3,11,11,5,4,9,7,28,25,56,89.3%,49,47,95.9%,2021
495,Joey Slye,3TM,25,K,12,0,0,0,9,9,5,5,7,5,4,4,25,23,56,92.0%,22,18,81.8%,2021
496,Matthew Wright,JAX,25,K,14,0,0,0,7,7,7,7,4,3,6,4,24,21,56,87.5%,15,13,86.7%,2021
497,Jason Myers,SEA,30,K,17,0,0,0,2,2,11,9,5,3,5,3,23,17,53,73.9%,47,44,93.6%,2021
498,Robbie Gould,SFO,39,K,13,0,0,0,6,6,4,4,9,7,4,3,23,20,52,87.0%,40,39,97.5%,2021
499,Michael Badgley,2TM,26,K,13,0,0,0,4,4,7,6,10,8,1,0,22,18,46,81.8%,41,40,97.6%,2021
500,Zane Gonzalez,CAR,26,K,12,0,0,0,6,6,1,1,10,10,5,3,22,20,57,90.9%,23,22,95.7%,2021
501,Chase McLaughlin,CLE,25,K,16,0,0,0,3,3,4,4,10,4,4,4,21,15,57,71.4%,37,36,97.3%,2021
502,Ka'imi Fairbairn,HOU,27,K,13,0,0,0,4,4,5,5,4,2,6,4,19,15,61,78.9%,16,13,81.3%,2021
503,Matt Ammendola,NYJ,25,K,11,0,0,0,5,5,6,6,5,2,3,0,19,13,49,68.4%,15,14,93.3%,2021
504,Brett Maher,NOR,32,K,8,0,0,0,4,4,9,8,4,4,1,0,18,16,42,88.9%,12,10,83.3%,2021
505,Riley Patterson,DET,22,K,7,0,0,0,3,3,6,6,4,4,1,0,14,13,49,92.9%,16,16,100.0%,2021
506,Rodrigo Blankenship,IND,24,K,5,0,0,0,3,3,4,3,6,5,1,0,14,11,48,78.6%,8,7,87.5%,2021
507,Austin Seibert,DET,25,K,6,0,0,0,0,0,4,4,6,5,2,1,12,10,52,83.3%,5,5,100.0%,2021
508,Brian Johnson,2TM,22,K,7,0,0,0,5,5,3,3,1,1,1,1,10,10,52,100.0%,13,9,69.2%,2021
509,Eddy Pineiro,NYJ,26,K,5,0,0,0,2,2,2,2,3,3,1,1,8,8,51,100.0%,10,9,90.0%,2021
510,Tristan Vizcaino,LAC,25,K,6,0,0,0,3,3,2,2,2,1,0,0,7,6,46,85.7%,15,10,66.7%,2021
511,Aldrick Rosas,2TM,27,K,5,0,0,0,0,0,1,0,2,2,2,0,5,2,44,40.0%,14,14,100.0%,2021
512,Lirim Hajrullahu,2TM,31,K,4,0,0,0,2,2,2,2,1,0,0,0,5,4,35,80.0%,8,8,100.0%,2021
513,Ryan Santoso,2TM,26,K,4,0,0,0,3,3,1,1,1,0,0,0,5,4,35,80.0%,8,6,75.0%,2021
514,Elliott Fry,2TM,27,K,2,0,0,0,0,0,4,3,1,1,0,0,5,4,44,80.0%,5,4,80.0%,2021
515,Chris Blewitt,WAS,26,K,2,0,0,0,0,0,0,0,4,1,1,1,5,2,52,40.0%,2,2,100.0%,2021
516,Josh Lambo,JAX,31,K,3,0,0,0,0,0,0,0,1,0,2,0,3,0,0,0.0%,7,5,71.4%,2021
517,Dominik Eberle,HOU,25,K,1,0,0,0,1,1,0,0,0,0,2,1,3,2,51,66.7%,5,5,100.0%,2021
518,Mitch Wishnowsky,SFO,29,P,17,0,0,0,0,0,0,0,1,0,0,0,1,0,0,0.0%,2,1,50.0%,2021
519,Chris Naggar,CLE,24,K,1,0,0,0,0,0,1,1,0,0,0,0,1,1,37,100.0%,2,1,50.0%,2021
520,Bradley Pinion,TAM,27,P,15,0,0,0,0,0,0,0,0,0,1,0,1,0,0,0.0%,0,0,0,2021
521,Cody Parkey,NOR,29,K,1,0,0,0,0,0,0,0,0,0,0,0,0,0,0,0,5,3,60.0%,2021
522,Alex Kessman,NYJ,23,K,1,0,0,0,0,0,0,0,0,0,0,0,0,0,0,0,2,0,0.0%,2021
539,Justin Tucker*,BAL,33,K,17,0,0,0,13,13,11,11,5,4,14,9,43,37,58,86.0%,32,31,96.9%,2022
540,Ryan Succop,TAM,36,K,17,0,0,0,11,10,8,7,12,12,7,2,38,31,54,81.6%,25,24,96.0%,2022
541,Jason Myers*,SEA,31,K,17,0,0,0,9,9,16,15,6,4,6,6,37,34,56,91.9%,42,41,97.6%,2022
542,Daniel Carlson+,LVR,27,K,17,0,0,0,9,9,11,11,4,3,13,11,37,34,57,91.9%,36,35,97.2%,2022
543,Nick Folk,NWE,38,K,17,0,1,1,9,9,8,8,14,10,5,4,37,32,54,86.5%,35,32,91.4%,2022
544,Younghoe Koo,ATL,28,K,17,0,0,0,9,9,7,7,10,9,11,7,37,32,54,86.5%,35,33,94.3%,2022
545,Greg Zuerlein,NYJ,35,K,17,0,0,0,5,5,10,10,11,9,11,6,37,30,60,81.1%,29,28,96.6%,2022
546,Brandon McManus,DEN,31,K,17,0,0,0,7,6,6,4,10,10,13,8,36,28,55,77.8%,27,25,92.6%,2022
547,Chase McLaughlin,IND,26,K,16,0,0,0,7,7,6,5,11,9,12,9,36,30,54,83.3%,21,21,100.0%,2022
548,Riley Patterson,JAX,23,K,17,0,0,0,8,8,11,10,13,10,3,2,35,30,53,85.7%,37,36,97.3%,2022
549,Eddy Pineiro,CAR,27,K,17,0,0,0,2,2,17,16,14,13,2,2,35,33,54,94.3%,32,30,93.8%,2022
550,Greg Joseph,MIN,28,K,17,0,0,0,10,10,5,5,8,7,10,4,33,26,61,78.8%,46,40,87.0%,2022
551,Brett Maher,DAL,33,K,17,0,0,0,9,9,5,5,7,6,11,9,32,29,60,90.6%,53,50,94.3%,2022
552,Robbie Gould,SFO,40,K,17,0,0,0,14,13,5,5,11,7,2,2,32,27,51,84.4%,51,50,98.0%,2022
553,Jason Sanders,MIA,27,K,17,0,0,0,6,5,7,7,13,12,6,2,32,26,55,81.3%,44,41,93.2%,2022
554,Cade York,CLE,21,K,17,0,0,0,5,5,12,9,8,6,7,4,32,24,58,75.0%,37,35,94.6%,2022
555,Graham Gano,NYG,35,K,17,0,0,0,2,2,10,9,11,10,9,8,32,29,57,90.6%,34,32,94.1%,2022
556,Tyler Bass,BUF,25,K,16,0,0,0,4,4,13,11,11,10,3,2,31,27,56,87.1%,50,48,96.0%,2022
557,Wil Lutz,NOR,28,K,17,0,0,0,6,6,11,9,8,4,6,4,31,23,60,74.2%,33,33,100.0%,2022
558,Ka'imi Fairbairn,HOU,28,K,17,0,0,0,7,7,8,7,10,9,6,6,31,29,56,93.5%,24,24,100.0%,2022
559,Matt Gay,LAR,28,K,17,0,0,0,9,9,8,8,4,4,9,7,30,28,58,93.3%,32,31,96.9%,2022
560,Joey Slye,WAS,26,K,17,0,1,1,8,8,5,4,10,8,6,4,30,25,58,83.3%,28,24,85.7%,2022
561,Evan McPherson,CIN,23,K,16,0,1,1,6,5,4,4,13,9,5,5,29,24,59,82.8%,44,40,90.9%,2022
562,Mason Crosby,GNB,38,K,17,0,0,0,10,10,8,8,7,6,4,1,29,25,56,86.2%,39,37,94.9%,2022
563,Michael Badgley,2TM,27,K,13,0,0,0,7,6,7,7,11,9,3,2,28,24,53,85.7%,33,33,100.0%,2022
564,Chris Boswell,PIT,31,K,12,0,0,0,4,4,5,4,10,5,9,7,28,20,59,71.4%,18,18,100.0%,2022
565,Matt Prater,ARI,38,K,13,0,0,0,1,1,10,10,8,6,6,5,25,22,57,88.0%,18,17,94.4%,2022
566,Harrison Butker,KAN,27,K,13,0,0,0,7,7,5,4,5,4,7,3,24,18,62,75.0%,41,38,92.7%,2022
567,Jake Elliott,PHI,27,K,16,0,0,0,6,6,9,8,2,1,6,5,23,20,56,87.0%,53,51,96.2%,2022
568,Cairo Santos,CHI,31,K,16,0,0,0,4,4,7,7,7,6,5,4,23,21,51,91.3%,32,27,84.4%,2022
569,Cameron Dicker,2TM,22,K,11,0,0,0,7,7,7,7,7,7,1,0,22,21,48,95.5%,24,24,100.0%,2022
570,Randy Bullock,TEN,33,K,15,0,0,0,5,5,5,5,8,6,2,1,20,17,51,85.0%,28,28,100.0%,2022
571,Matthew Wright,2TM,26,K,6,0,0,0,1,1,7,6,8,6,2,2,18,15,59,83.3%,15,15,100.0%,2022
572,Dustin Hopkins,LAC,32,K,5,0,0,0,2,2,6,6,2,1,0,0,10,9,43,90.0%,12,12,100.0%,2022
573,Matt Ammendola,2TM,26,K,4,0,1,1,3,3,2,1,1,0,0,0,7,5,31,71.4%,7,5,71.4%,2022
574,Austin Seibert,DET,26,K,3,0,0,0,0,0,1,1,3,2,1,0,5,3,48,60.0%,12,12,100.0%,2022
575,Rodrigo Blankenship,2TM,25,K,3,0,0,0,2,2,0,0,2,1,1,1,5,4,50,80.0%,5,4,80.0%,2022
576,Caleb Shudak,TEN,25,K,1,0,0,0,1,1,3,2,0,0,0,0,4,3,38,75.0%,1,1,100.0%,2022
577,Taylor Bertolet,LAC,30,K,2,0,0,0,3,3,0,0,0,0,0,0,3,3,28,100.0%,6,6,100.0%,2022
578,Tristan Vizcaino,2TM,26,K,3,0,0,0,0,0,1,1,1,1,0,0,2,2,46,100.0%,3,3,100.0%,2022
579,Nick Sciba,PIT,23,K,1,0,0,0,1,1,1,1,0,0,0,0,2,2,38,100.0%,1,1,100.0%,2022
580,Dominik Eberle,DET,26,K,1,0,0,0,0,0,0,0,1,1,0,0,1,1,49,100.0%,4,2,50.0%,2022
581,Josh Lambo,TEN,32,K,1,0,0,0,0,0,0,0,0,0,0,0,0,0,0,0,4,3,75.0%,2022
582,Justin Reid,KAN,25,FS,17,17,0,0,0,0,0,0,0,0,0,0,0,0,0,0,2,1,50.0%,2022
583,Mitch Wishnowsky,SFO,30,P,17,0,0,0,0,0,0,0,0,0,0,0,0,0,0,0,2,1,50.0%,2022
604,Jason Myers,SEA,32,K,17,0,0,0,8,8,12,11,14,12,8,4,42,35,55,83.3%,33,33,100.0%,2023
605,Matt Gay,IND,29,K,17,0,0,0,9,9,10,9,9,7,13,8,41,33,57,80.5%,36,35,97.2%,2023
606,Brandon Aubrey*+,DAL,28,K,17,0,0,0,9,9,15,13,4,4,10,10,38,36,60,94.7%,52,49,94.2%,2023
607,Cairo Santos,CHI,32,K,17,0,0,0,9,9,11,11,10,8,8,7,38,35,55,92.1%,33,31,93.9%,2023
608,Greg Zuerlein,NYJ,36,K,16,0,0,0,8,8,10,9,14,13,6,5,38,35,55,92.1%,16,15,93.8%,2023
609,Justin Tucker*,BAL,34,K,17,0,0,0,10,10,10,10,12,11,5,1,37,32,50,86.5%,52,51,98.1%,2023
610,Blake Grupe,NOR,25,K,17,0,0,0,12,10,6,6,10,8,9,6,37,30,55,81.1%,40,40,100.0%,2023
611,Brandon McManus,JAX,32,K,17,0,0,0,4,4,10,10,13,11,10,5,37,30,56,81.1%,35,35,100.0%,2023
612,Younghoe Koo,ATL,29,K,17,0,0,0,10,10,10,10,11,9,6,3,37,32,54,86.5%,28,27,96.4%,2023
613,Dustin Hopkins,CLE,33,K,15,0,0,0,8,8,7,7,13,10,8,8,36,33,58,91.7%,26,24,92.3%,2023
614,Harrison Butker,KAN,28,K,17,0,0,0,8,8,15,13,7,7,5,5,35,33,60,94.3%,38,38,100.0%,2023
615,Wil Lutz,DEN,29,K,17,0,0,0,11,11,13,12,5,4,5,3,34,30,52,88.2%,31,29,93.5%,2023
616,Anders Carlson,GNB,25,K,17,0,0,0,6,6,14,14,8,4,5,3,33,27,53,81.8%,39,34,87.2%,2023
617,Cameron Dicker,LAC,23,K,17,0,0,0,7,7,8,8,9,9,9,7,33,31,55,93.9%,35,35,100.0%,2023
618,Matt Prater,ARI,39,K,17,0,0,0,6,6,8,7,7,6,12,9,33,28,62,84.8%,23,22,95.7%,2023
619,Jake Elliott,PHI,28,K,17,0,0,0,9,9,8,7,7,7,8,7,32,30,61,93.8%,46,45,97.8%,2023
620,Evan McPherson,CIN,24,K,17,0,0,0,5,5,6,6,8,8,12,7,31,26,56,83.9%,40,40,100.0%,2023
621,Chase McLaughlin,TAM,27,K,17,0,0,0,8,8,12,12,3,2,8,7,31,29,57,93.5%,33,33,100.0%,2023
622,Chris Boswell,PIT,32,K,17,0,0,0,9,9,7,7,8,7,7,6,31,29,57,93.5%,28,27,96.4%,2023
623,Greg Joseph,MIN,29,K,17,0,1,1,7,7,9,9,6,3,7,4,30,24,54,80.0%,38,36,94.7%,2023
624,Daniel Carlson,LVR,28,K,17,0,0,0,10,10,7,6,10,9,3,1,30,26,54,86.7%,32,32,100.0%,2023
625,Nick Folk,TEN,39,K,17,0,0,0,9,9,9,9,6,6,6,5,30,29,53,96.7%,30,28,93.3%,2023
626,Tyler Bass,BUF,26,K,17,0,0,0,4,4,13,12,6,4,6,4,29,24,54,82.8%,50,49,98.0%,2023
627,Eddy Pineiro,CAR,28,K,15,0,0,0,6,6,7,7,9,7,7,5,29,25,56,86.2%,20,17,85.0%,2023
628,Jason Sanders,MIA,28,K,17,0,0,0,6,6,7,7,8,6,7,5,28,24,57,85.7%,59,58,98.3%,2023
629,Ka'imi Fairbairn,HOU,29,K,12,0,0,0,10,10,10,10,2,2,6,5,28,27,54,96.4%,22,21,95.5%,2023
630,Jake Moody,SFO,24,K,17,0,0,0,7,7,9,8,6,4,3,2,25,21,57,84.0%,61,60,98.4%,2023
631,Chad Ryland,NWE,24,K,17,0,0,0,4,4,7,5,10,5,4,2,25,16,56,64.0%,25,24,96.0%,2023
632,Joey Slye,WAS,27,K,17,0,0,0,3,2,7,7,9,7,5,3,24,19,61,79.2%,35,32,91.4%,2023
633,Brett Maher,LAR,34,K,8,0,0,0,3,3,4,4,9,7,7,3,23,17,54,73.9%,15,13,86.7%,2023
634,Lucas Havrisik,LAR,24,K,9,0,0,0,8,8,3,3,6,2,3,2,20,15,52,75.0%,22,19,86.4%,2023
635,Riley Patterson,2TM,24,K,15,0,0,0,3,2,11,11,2,2,2,1,18,16,52,88.9%,44,41,93.2%,2023
636,Graham Gano,NYG,36,K,8,0,0,0,2,2,5,3,6,3,4,3,17,11,57,64.7%,8,8,100.0%,2023
637,Matt Ammendola,HOU,27,K,5,0,0,0,2,2,3,3,2,1,2,0,9,6,45,66.7%,11,10,90.9%,2023
638,Mason Crosby,NYG,39,K,3,0,0,0,2,2,2,2,1,0,2,1,7,5,52,71.4%,7,6,85.7%,2023
639,Randy Bullock,NYG,34,K,6,0,0,0,0,0,2,2,3,2,1,1,6,5,56,83.3%,10,10,100.0%,2023
640,Michael Badgley,DET,28,K,4,0,0,0,0,0,3,3,1,1,0,0,4,4,41,100.0%,15,13,86.7%,2023
641,Austin Seibert,NYJ,27,K,1,0,0,0,0,0,1,1,0,0,0,0,1,1,34,100.0%,1,1,100.0%,2023
642,Dare Ogunbowale,HOU,29,RB,12,0,0,0,1,1,0,0,0,0,0,0,1,1,29,100.0%,0,0,0,2023
643,Jamie Gillan,NYG,26,P,17,0,0,0,0,0,0,0,1,1,0,0,1,1,40,100.0%,0,0,0,2023
644,Matthew Wright,CAR,27,K,1,0,0,0,0,0,0,0,0,0,1,0,1,0,0,0.0%,0,0,0,2023
