Unnamed: 0,Rank,Name,Team,Position,Final PPG,Bye Week,ESPN ADP,VBD,Normalized VBD,Normalized ADP,Weighted Score
34,1,Breece Hall,NYJ,RB1,11.823656968795984,12,4.0,4.021002038019153,0.9572096213013181,0.012048192771084338,0.9787291514506363
33,2,Bijan Robinson,ATL,RB2,12.028916296971191,12,5.0,4.226261366194361,0.966436295531189,0.01606425702811245,0.978685908739678
31,3,Jahmyr Gibbs,DET,RB3,12.775584409305305,5,12.0,4.972929478528474,1.0,0.04417670682730924,0.9690763052208835
79,4,Tyreek Hill,MIA,WR1,6.6235435844239055,6,2.0,2.22020554828082,0.8762614728647826,0.004016064257028112,0.960067196879515
32,5,Kyren Williams,LAR,RB4,12.39065085503092,6,15.0,4.5879959242540895,0.9826967352129092,0.05622489959839357,0.9554515908449972
71,6,Amon-Ra St. Brown,DET,WR2,7.249236894432744,5,7.0,2.845898858289658,0.9043872023533504,0.024096385542168676,0.9544486908264871
46,7,Christian McCaffrey,SF,RB5,9.382637268005922,9,1.0,1.579982337229092,0.847482605393611,0.0,0.9542447816180832
89,8,CeeDee Lamb,DAL,WR3,5.964053531389137,7,3.0,1.5607154952460514,0.8466165357440787,0.008032128514056224,0.9483624707633842
87,9,Justin Jefferson,MIN,WR4,6.09626916427916,6,8.0,1.6929311281360748,0.8525598007036673,0.028112449799196786,0.9360892253516624
107,10,A.J. Brown,PHI,WR5,5.376723851499982,5,9.0,0.9733858153568962,0.8202153014126198,0.0321285140562249,0.9235746305844285
85,11,Puka Nacua,LAR,WR6,6.205420610918952,6,14.0,1.8020825747758664,0.8574663004414275,0.05220883534136546,0.9206937053934724
39,12,Isiah Pacheco,KC,RB6,10.10832575193675,6,17.0,2.3056708211599197,0.8801032482317435,0.0642570281124498,0.9190510547908082
45,13,Derrick Henry,BAL,RB7,9.390766713638628,14,16.0,1.588111782861798,0.8478480345664979,0.060240963855421686,0.9121857356711542
59,14,Saquon Barkley,PHI,RB8,8.012659089918916,5,10.0,0.2100041591420858,0.7859003013706194,0.03614457831325301,0.9104688855919086
126,15,Garrett Wilson,NYJ,WR7,4.739851567373784,12,13.0,0.3365135312306986,0.7915870624726082,0.04819277108433735,0.9037411789827462
74,16,Jonathan Taylor,IND,RB9,7.175778506903384,14,11.0,-0.6268764238734459,0.7482814288086016,0.040160642570281124,0.8963719788433836
2,17,Josh Allen,BUF,QB1,19.88408123030849,12,25.0,2.2367845046482557,0.8770067185538993,0.0963855421686747,0.8956321360480974
112,18,Chris Olave,NO,WR8,5.269477672468868,12,20.0,0.8661396363257827,0.815394445936206,0.07630522088353414,0.8912046791623878
300,19,Travis Kelce,KC,TE1,3.1619832260747285,6,18.0,-0.4121530147146055,0.757933525809254,0.06827309236947791,0.8795888930841416
146,20,Sam LaPorta,DET,TE2,4.222583918623558,5,26.0,0.6484476778342239,0.8056089087753825,0.10040160642570281,0.8714015481346227
4,21,Lamar Jackson,BAL,QB2,19.161515938058965,14,31.0,1.5142192123987321,0.8445264672509871,0.12048192771084337,0.8690205907777058
50,22,James Cook,BUF,RB10,8.884785799270826,12,29.0,1.082130868493996,0.8251035332329516,0.11244979919678715,0.8688162005321345
190,23,Davante Adams,LV,WR9,3.763359485784855,10,21.0,-0.6399785503582307,0.7476924711526042,0.08032128514056225,0.8680828417473876
9,24,Jalen Hurts,PHI,QB3,17.99393293650458,5,27.0,0.34663621084434837,0.7920420901098847,0.10441767068273092,0.8645202575550537
106,25,Stefon Diggs,HOU,WR10,5.393899890098315,14,32.0,0.9905618539552297,0.8209873867259423,0.12449799196787148,0.8591476216402727
49,26,Alvin Kamara,NO,RB11,8.966078208227517,12,35.0,1.1634232774506863,0.8287577329298569,0.13654618473895583,0.8530449905616879
168,27,Mike Evans,TB,WR11,3.955173563773759,11,28.0,-0.44816447236932655,0.7563147638690448,0.10843373493975904,0.8509908147028821
97,28,Nico Collins,HOU,WR12,5.577510750093747,14,37.0,1.1741727139506617,0.8292409341057629,0.14457831325301204,0.8475674609546204
124,29,Drake London,ATL,WR13,4.784431415463942,12,34.0,0.3810933793208564,0.7935909847264798,0.13253012048192772,0.8453062110805944
48,30,Rachaad White,TB,RB12,8.973411178807906,11,38.0,1.1707562480310756,0.8290873595114304,0.14859437751004015,0.8447101435964011
66,31,Joe Mixon,HOU,RB13,7.80265493077683,14,33.0,0.0,0.7764603408068395,0.1285140562248996,0.842978262884622
7,32,C.J. Stroud,HOU,QB4,18.69717326995274,14,42.0,1.0498765442925055,0.8236536593365616,0.1646586345381526,0.8318350536242616
117,33,Brandon Aiyuk,SF,WR14,5.191390080894338,9,41.0,0.788052044751252,0.8118843069561231,0.1606425702811245,0.8311154928900497
99,34,DeVonta Smith,PHI,WR15,5.5597222775798425,5,44.0,1.1563842414367569,0.8284413190900074,0.17269076305220885,0.827648861590456
62,35,Josh Jacobs,GB,RB14,7.903478588679934,10,39.0,0.10082365790310366,0.7809924955907711,0.15261044176706828,0.8274704394402834
209,36,Mark Andrews,BAL,TE3,3.653305464383604,14,40.0,0.07916922359427003,0.7800191005554469,0.1566265060240964,0.8243671759497666
100,37,Jaylen Waddle,MIA,WR16,5.551191143805435,6,49.0,1.1478531076623497,0.8280578335117992,0.1927710843373494,0.8134775910173951
159,38,Cooper Kupp,LAR,WR17,4.037900593692315,6,46.0,-0.36543744245077026,0.7600334516473258,0.18072289156626506,0.8015040113978121
166,39,George Kittle,SF,TE4,3.994067701632184,9,51.0,0.41993146084285016,0.795336807092276,0.20080321285140562,0.7980387931316988
289,40,Trey McBride,ARI,TE5,3.202137576397285,11,50.0,-0.371998664392049,0.7597385161725766,0.19678714859437751,0.7901705508357086
121,41,Zay Flowers,BAL,WR18,5.035044053247886,14,56.0,0.6317060171048006,0.8048563493132102,0.22088353413654618,0.7868384308983807
0,42,Dak Prescott,DAL,QB5,20.30388509342948,7,66.0,2.6565883677692455,0.8958774491554937,0.26104417670682734,0.7860323110518689
57,43,Aaron Jones,MIN,RB15,8.123799455323955,6,55.0,0.3211445245471243,0.7908962055982012,0.21686746987951808,0.7854616327637977
111,44,Tank Dell,HOU,WR19,5.301747904006458,14,59.0,0.8984098678633723,0.816845034888079,0.23293172690763053,0.7820013016310823
109,45,Tee Higgins,CIN,WR20,5.34252158159521,12,61.0,0.9391835454521242,0.8186778648189267,0.24096385542168675,0.7769286606504973
47,46,David Montgomery,DET,RB16,9.2610142373151,5,65.0,1.45835930653827,0.8420154917037721,0.2570281124497992,0.7726849687962722
383,47,Dalton Kincaid,BUF,TE6,2.611057193859469,12,54.0,-0.9630790469298649,0.7331686828703426,0.21285140562248997,0.7709546209253597
18,48,Joe Burrow,CIN,QB6,16.11497831284449,12,52.0,-1.5323184128157443,0.7075806317228501,0.20481927710843373,0.7689006955409514
75,49,Keenan Allen,CHI,WR21,6.879620842280606,7,72.0,2.4762828061375206,0.8877724792435309,0.285140562248996,0.766733350198762
1,50,Jordan Love,GB,QB7,19.897530203021656,10,71.0,2.250233477361423,0.8776112673997617,0.28112449799196787,0.766496231625551
122,51,George Pickens,PIT,WR22,4.944277105131949,9,63.0,0.5409390689888633,0.8007762567369036,0.24899598393574296,0.7659356882660509
360,52,Evan Engram,JAX,TE7,2.7638513679253807,12,57.0,-0.8102848728639533,0.7400369800671694,0.2248995983935743,0.7645813751446487
44,53,James Conner,ARI,RB17,9.479838550240814,11,70.0,1.6771836194639835,0.8518519296717335,0.27710843373493976,0.7615796752870622
331,54,Kyle Pitts,ATL,TE8,3.026266090260883,12,60.0,-0.5478701505284511,0.7518328637311993,0.23694779116465864,0.7596864053040986
81,55,Rhamondre Stevenson,NE,RB18,6.514017952562532,14,58.0,-1.2886369782142983,0.718534429695997,0.2289156626506024,0.7553193650533774
174,56,Calvin Ridley,TEN,WR23,3.930852866532244,5,62.0,-0.47248516961084164,0.7552215168410744,0.24497991967871485,0.7550805112772219
142,57,Amari Cooper,CLE,WR24,4.317536755168034,10,68.0,-0.08580128097505124,0.7726034614381871,0.26907630522088355,0.7434276247768377
151,58,Chris Godwin,TB,WR25,4.163685222654605,11,75.0,-0.23965281348848055,0.7656876346015327,0.2971887550200803,0.7216741618664035
13,59,Kyler Murray,ARI,QB8,17.59372046456037,11,76.0,-0.05357626109986313,0.7740520180669298,0.30120481927710846,0.721372231926103
407,60,David Njoku,CLE,TE9,2.369788316790045,10,73.0,-1.204347923999289,0.7223233325015346,0.2891566265060241,0.7142873611962435
136,61,Terry McLaurin,WAS,WR26,4.434523641151722,14,79.0,0.031185605008636763,0.7778621743830972,0.3132530120481928,0.7140815438811942
63,62,Jaylen Warren,PIT,RB19,7.884146088181138,9,82.0,0.08149115740430801,0.7801234745054105,0.3253012048192771,0.7063261989781291
3,63,Brock Purdy,SF,QB9,19.781846399918493,9,92.0,2.1345496742582597,0.8724111297280926,0.3654618473895582,0.705900045745737
60,64,Najee Harris,PIT,RB20,7.987215174708281,9,83.0,0.18456024393145043,0.7847565642315182,0.3293172690763052,0.7049048809160418
42,65,Raheem Mostert,MIA,RB21,9.639423449541615,6,91.0,1.836768518764785,0.8590254788153726,0.3614457831325301,0.7046955954518406
130,66,Zamir White,LV,RB22,4.544930793547939,10,67.0,-3.257724137228891,0.6300213964128466,0.26506024096385544,0.7034642502491552
101,67,Jayden Reed,GB,WR27,5.540980594291272,10,89.0,1.1376425581481868,0.8275988560080108,0.3534136546184739,0.7008900985694715
51,68,Tony Pollard,TEN,RB23,8.81447505976965,5,93.0,1.0118201289928201,0.8219429738858759,0.36947791164658633,0.6879483540131524
152,69,Christian Kirk,JAX,WR28,4.159791988160419,12,87.0,-0.243546047982667,0.7655126286385994,0.3453815261044177,0.6878867203184873
252,70,Rashee Rice,KC,WR29,3.3719304585734218,6,84.0,-1.0314075775696638,0.7300972263941673,0.3333333333333333,0.6856958345849169
319,71,Jake Ferguson,DAL,TE10,3.076052474312239,7,88.0,-0.49808376647709496,0.7540708265600212,0.3493975903614458,0.6816429347149943
198,72,Diontae Johnson,CAR,WR30,3.7109678120727936,11,90.0,-0.692370224070292,0.745337397159152,0.357429718875502,0.6734004159348942
54,73,Austin Ekeler,WAS,RB24,8.688638916548646,14,98.0,0.8859839857718157,0.816286475298623,0.3895582329317269,0.6721951795373781
129,74,Christian Watson,GB,WR31,4.604645990910622,10,96.0,0.20130795476753605,0.7855093956538676,0.3815261044176707,0.6685845456037907
69,75,Javonte Williams,DEN,RB25,7.4478952002421295,14,95.0,-0.3547597305347008,0.7605134287097368,0.37751004016064255,0.6638970005004712
55,76,Nick Chubb,CLE,RB26,8.624729181035496,10,102.0,0.822074250258666,0.8134136494205528,0.40562248995983935,0.6600883518542783
120,77,Jordan Addison,MIN,WR32,5.036869996936114,6,106.0,0.6335319607930288,0.8049384278609826,0.42168674698795183,0.6463008054667284
228,78,Jaxon Smith-Njigba,SEA,WR33,3.560960802117939,10,100.0,-0.8423772340251467,0.7385943866204593,0.39759036144578314,0.6432650629740895
160,79,DeAndre Hopkins,TEN,WR34,4.037509931468795,5,103.0,-0.36582810467429017,0.7600158908713923,0.40963855421686746,0.6412577793096105
137,80,Marquise Brown,KC,WR35,4.4188216133968,6,108.0,0.015483577253714742,0.7771563477776462,0.42971887550200805,0.6323436914818882
115,81,Tyjae Spears,TEN,RB27,5.215057202847745,5,97.0,-2.5875977279290856,0.660144451605566,0.3855421686746988,0.6281638174093807
93,82,Ezekiel Elliott,DAL,RB28,5.703762528286123,7,104.0,-2.0988924024907076,0.682112392708705,0.41365461847389556,0.6150754848808846
88,83,Zack Moss,CIN,RB29,6.065175930543942,12,107.0,-1.737479000232888,0.6983583960187018,0.42570281124497994,0.6115155509341246
181,84,T.J. Hockenson,MIN,TE11,3.865972746143128,6,119.0,0.2918365053537939,0.7895787719506114,0.4738955823293173,0.6051467239546613
332,85,Dallas Goedert,PHI,TE12,3.010558409419008,5,115.0,-0.5635778313703259,0.7511267830121243,0.4578313253012048,0.604856107192794
86,86,Devin Singletary,NYG,RB30,6.15521384089633,11,111.0,-1.6474410898805,0.7024057173976876,0.44176706827309237,0.6014847674281416
139,87,Jameson Williams,DET,WR36,4.384322978425282,5,122.0,-0.01901505771780343,0.7756055891880744,0.4859437751004016,0.5925210341861411
264,88,Courtland Sutton,DEN,WR37,3.2934667801456654,14,117.0,-1.1098712559974202,0.7265701818200359,0.46586345381526106,0.591866636875328
58,89,Jerome Ford,CLE,RB31,8.022568605440027,10,125.0,0.21991367466319645,0.7863457470042089,0.4979919678714859,0.5873093465912225
167,90,Tyler Lockett,SEA,WR38,3.985051378690911,10,124.0,-0.41828665745217464,0.7576578105767962,0.4939759036144578,0.5815142106429184
15,91,Tua Tagovailoa,MIA,QB10,16.895232884173673,6,127.0,-0.7520638414865601,0.7426540912826352,0.5060240963855421,0.568579359914911
80,92,Zach Charbonnet,SEA,RB32,6.571177008513556,10,132.0,-1.2314779222632746,0.7211038037324202,0.5261044176706827,0.5480580487502482
262,93,Dalton Schultz,HOU,TE13,3.296018676662304,14,137.0,-0.2781175641270299,0.7639585939453527,0.5461847389558233,0.5468582609145294
91,94,Jakobi Meyers,LV,WR39,5.784351567067758,10,145.0,1.3810135309246725,0.838538698317631,0.5783132530120482,0.5467423323868555
96,95,Gus Edwards,LAC,RB33,5.5875900607804585,5,128.0,-2.2150648699963718,0.6768902889354722,0.5100401606425703,0.5460389742308425
28,96,Aaron Rodgers,NYJ,QB11,13.76113209238138,12,120.0,-3.8861646332788524,0.6017721773324749,0.4779116465863454,0.5459935005893006
143,97,Mike Williams,NYJ,WR40,4.253566921936901,12,138.0,-0.14977111420618439,0.7697279340893934,0.5502008032128514,0.545777817977822
5,98,Kirk Cousins,ATL,QB12,19.10787805421129,12,146.0,1.4605813285510578,0.8421153744882763,0.5823293172690763,0.5450040902581295
187,99,Jerry Jeudy,CLE,WR41,3.8084480239975234,10,140.0,-0.5948900121455623,0.7497192596902449,0.5582329317269076,0.5341527256982381
11,100,Jared Goff,DET,QB13,17.647296725660233,5,144.0,0.0,0.7764603408068395,0.5742971887550201,0.5309300701135378
105,101,J.K. Dobbins,LAC,RB34,5.428645943649173,5,133.0,-2.374008987127657,0.6697455437852154,0.5301204819277109,0.529839325786167
277,102,Curtis Samuel,BUF,WR42,3.2422642600873703,12,142.0,-1.1610737760557153,0.7242685618326458,0.5662650602409639,0.520895026381119
260,103,Cole Kmet,CHI,TE14,3.306084735572368,7,148.0,-0.26805150521696586,0.7644110764082328,0.5903614457831325,0.516070310874277
425,104,Pat Freiermuth,PIT,TE15,2.1931532151328046,9,143.0,-1.3809830256565294,0.7143833545475957,0.570281124497992,0.5151182192156843
8,105,Justin Herbert,LAC,QB14,18.36473820811199,5,154.0,0.7174414824517577,0.8087102701836297,0.6144578313253012,0.5124925991273781
67,106,Tyler Allgeier,ATL,RB35,7.477401205272164,12,149.0,-0.32525372550466614,0.7618397620786381,0.5943775100401606,0.5124876715954789
245,107,Chase Brown,CIN,RB36,3.4374996364553527,12,130.0,-4.365155294321477,0.5802409230509727,0.5180722891566265,0.5114216745056532
164,108,Rashid Shaheed,NO,WR43,4.013571041481451,12,151.0,-0.38976699466163467,0.758939806576946,0.6024096385542169,0.5059951949851319
212,109,Darnell Mooney,ATL,WR44,3.650307869759694,12,150.0,-0.7530301663833918,0.7426106537195165,0.5983935742971888,0.5039076941078229
24,110,Trevor Lawrence,JAX,QB15,15.34891590542798,12,152.0,-2.2983808202322535,0.6731451284216348,0.606425702811245,0.4774455465586189
368,111,Adam Thielen,CAR,WR45,2.7055138422000526,11,157.0,-1.697824193943033,0.7001409312269083,0.6265060240963856,0.4714880625006026
373,112,Khalil Shakir,BUF,WR46,2.667958385732523,12,159.0,-1.7353796504105627,0.6984527645284174,0.6345381526104418,0.465359122531216
281,113,Romeo Doubs,GB,WR47,3.224705896387756,10,163.0,-1.1786321397553294,0.7234792905078968,0.6506024096385542,0.4616221004053811
95,114,Ty Chandler,MIN,RB37,5.60235198029382,6,160.0,-2.2003029504830103,0.6775538564506163,0.6385542168674698,0.456278205127956
92,115,Antonio Gibson,NE,RB38,5.73753441633407,14,162.0,-2.0651205144427607,0.6836304830771979,0.6465863453815262,0.45247870315609107
17,116,Matthew Stafford,LAR,QB16,16.255256180866855,6,166.0,-1.3920405447933781,0.7138863046557673,0.6626506024096386,0.4503104697099831
192,117,Brandin Cooks,DAL,WR48,3.7543874377250734,7,171.0,-0.6489505984180122,0.7472891659028097,0.6827309236947792,0.4462751031844975
14,118,Baker Mayfield,TB,QB17,17.059690021126716,11,172.0,-0.5876067045335169,0.7500466538566865,0.6867469879518072,0.44429110459074084
188,119,Demario Douglas,NE,WR49,3.7929883967740174,14,174.0,-0.6103496393690682,0.7490243293045,0.6947791164658634,0.4383619172652456
248,120,Kendre Miller,NO,RB39,3.400292842234868,12,156.0,-4.402362088541962,0.5785684291747517,0.6224899598393574,0.4378275568648753
29,121,Deshaun Watson,CLE,QB18,13.617706773948242,10,158.0,-4.029589951711991,0.5953250224028416,0.6305220883534136,0.4372320448734629
68,122,Chuba Hubbard,CAR,RB40,7.456695258254793,11,180.0,-0.34595967252203685,0.7609090027828307,0.7188755020080321,0.4250598494292267
391,123,Tyler Conklin,NYJ,TE16,2.550639606933434,12,186.0,-1.0234966338559,0.730452833621116,0.7429718875502008,0.3990555288011942
114,124,Jaleel McLaughlin,DEN,RB41,5.224483726768473,14,182.0,-2.578171204008357,0.660568186137438,0.7269076305220884,0.3893351144757695
297,125,Rico Dowdle,DAL,RB42,3.1750440984381045,7,177.0,-4.627610832338726,0.5684432046688705,0.7068273092369478,0.3757538449347977
298,126,Noah Fant,SEA,TE17,3.1743542045287216,10,199.0,-0.3997820362606124,0.7584896174086686,0.7951807228915663,0.3709203791985042
10,127,Justin Fields,PIT,QB19,17.67931311317257,9,202.0,0.0320163875123356,0.7778995191390489,0.8072289156626506,0.3683096147778592
350,128,Dontayvion Wicks,GB,WR50,2.8316954426103704,10,195.0,-1.5716425935327152,0.7058129585649104,0.7791164658634538,0.3663623614650554
6,129,Russell Wilson,PIT,QB20,18.874063415485903,9,210.0,1.22676668982567,0.831605101845015,0.8393574297188755,0.36193132975029163
381,130,Hunter Henry,NE,TE18,2.6221589342165625,14,206.0,-0.9519773065727715,0.733667720563636,0.8232931726907631,0.34379509528555663
414,131,Dawson Knox,BUF,TE19,2.3061601406095846,12,209.0,-1.2679761001797494,0.7194631630823071,0.8353413654618473,0.3310999931013989
303,132,Luke Musgrave,GB,TE20,3.156529919850231,10,217.0,-0.417606320939103,0.7576883925894559,0.8674698795180723,0.3200776021141861
343,133,Isaiah Likely,BAL,TE21,2.86854782760359,14,218.0,-0.705588413185744,0.7447432223366904,0.8714859437751004,0.3133828060584368
25,134,Geno Smith,SEA,QB21,14.855697716159677,10,208.0,-2.7915990095005565,0.6509743282096179,0.8313253012048193,0.3133645876195118
345,135,Chigoziem Okonkwo,TEN,TE22,2.8657762310892125,5,220.0,-0.7083600097001215,0.7446186354623098,0.8795180722891566,0.3077229400362833
172,136,Kadarius Toney,KC,WR51,3.9405901273380186,6,231.0,-0.462747908805067,0.7556592194007821,0.9236947791164659,0.28011142043870846
23,137,Daniel Jones,NYG,QB22,15.445117000894076,11,227.0,-2.2021797247661574,0.677469493001376,0.9076305220883534,0.26789948243856543
38,138,Will Levis,TEN,QB23,10.183641258182512,5,204.0,-7.463655467477722,0.44095930329185795,0.8152610441767069,0.2616050600638626
53,139,Bryce Young,CAR,QB24,8.709364900955496,11,197.0,-8.937931824704737,0.3746886602284497,0.7871485943775101,0.26140258200427785
372,140,Taysom Hill,NO,QB25,2.67148599891498,12,169.0,-14.975810726745253,0.10327813694648698,0.6746987951807228,0.2586942844574401
278,141,Elijah Mitchell,SF,RB43,3.24213644008395,9,223.0,-4.56051849069288,0.5714590928391611,0.891566265060241,0.24734134230957966
26,142,Derek Carr,NO,QB26,14.816560583725463,12,236.0,-2.8307361419347696,0.6492150631156897,0.9437751004016064,0.2341219486535824
376,143,Jahan Dotson,WAS,WR52,2.647875720435093,14,242.0,-1.7554623157079927,0.6975500225579832,0.9678714859437751,0.23175496660675232
384,144,Zach Ertz,WAS,TE23,2.6005197582137853,14,247.0,-0.9736164825755487,0.7326950114090489,0.9879518072289156,0.22824223836247373
282,145,Braxton Berrios,MIA,WR53,3.2202582464814435,6,248.0,-1.183079789661642,0.7232793628498512,0.9919678714859438,0.2226062988147947
389,146,Noah Gray,KC,TE24,2.5716730727094124,6,250.0,-1.0024631680799216,0.7313983153118406,1.0,0.21941949459355217
175,147,Clyde Edwards-Helaire,KC,RB44,3.92603252739468,6,240.0,-3.87662240338215,0.6022011129987178,0.9598393574297188,0.20877278369881216
247,148,J.J. Taylor,HOU,RB45,3.4215230731534687,14,249.0,-4.3811318576233615,0.5795227557149987,0.9959839357429718,0.1766680716944193
12,149,Patrick Mahomes,KC,QB27,17.600801553230806,6,,-0.046495172429427356,0.7743703222284789,,
16,150,Carson Wentz,KC,QB28,16.686486696555413,6,,-0.9608100291048203,0.7332706781778378,,
19,151,Joshua Dobbs,SF,QB29,16.067876143382207,9,,-1.5794205822780256,0.7054633278370182,,
20,152,Jake Browning,CIN,QB30,15.858126028701443,12,,-1.7891706969587897,0.6960347869027641,,
21,153,Joe Flacco,IND,QB31,15.777290429600397,14,,-1.8700062960598363,0.6924011214040388,,
22,154,Sam Howell,SEA,QB32,15.599114811532816,10,,-2.048181914127417,0.6843918952303462,,
27,155,Marcus Mariota,WAS,QB33,14.190129862854796,14,,-3.457166862805437,0.6210561860481244,,
30,156,Taylor Heinicke,ATL,QB34,13.122370187430851,12,,-4.524926538229382,0.5730589974744594,,
35,157,Andy Dalton,CAR,QB35,11.322120320771992,11,,-6.325176404888241,0.4921354204575307,,
36,158,Jacoby Brissett,NE,QB36,10.882587578122708,14,,-6.764709147537525,0.4723778510167652,,
37,159,Desmond Ridder,ARI,QB37,10.380333099477864,11,,-7.266963626182369,0.44980085782406676,,
40,160,Mac Jones,JAX,QB38,9.774708778866382,12,,-7.8725879467938515,0.42257725555640696,,
41,161,Trey Lance,DAL,QB39,9.658083249493863,7,,-7.98921347616637,0.41733478606197344,,
43,162,Tommy DeVito,NYG,QB40,9.513075520375002,11,,-8.13422120528523,0.4108164997103246,,
52,163,Keaton Mitchell,BAL,RB46,8.77702853496264,14,,0.9743736041858089,0.8202597038074504,,
56,164,Zach Wilson,DEN,QB41,8.301597883613493,14,,-9.34569884204674,0.3563590015271935,,
61,165,Davis Mills,HOU,QB42,7.958225405455829,14,,-9.689071320204405,0.34092396126066865,,
64,166,Jimmy Garoppolo,LAR,QB43,7.882903047506969,6,,-9.764393678153265,0.33753812313482906,,
65,167,Mitchell Trubisky,BUF,QB44,7.85948513502808,12,,-9.787811590632153,0.3364854574581594,,
70,168,Nick Mullens,MIN,QB45,7.257817933619598,6,,-10.389478792040634,0.30943973285432824,,
72,169,Jarrett Stidham,DEN,QB46,7.245968785148574,14,,-10.40132794051166,0.3089070981925301,,
73,170,Deebo Samuel,SF,WR54,7.190587604579322,9,,2.787249568436236,0.9017508403614175,,
76,171,Samaje Perine,DEN,RB47,6.8319281243399805,14,,-0.9707268064368497,0.7328249061163863,,
77,172,Khalil Herbert,CHI,RB48,6.806918459737514,7,,-0.995736471039316,0.7317006891078989,,
78,173,Zonovan Knight,DET,RB49,6.751933076596717,5,,-1.0507218541801135,0.7292290244963313,,
82,174,Travis Etienne,JAX,RB50,6.4321987795583535,12,,-1.3704561512184767,0.7148565512688466,,
83,175,Kenny Pickett,PHI,QB47,6.384704249586656,5,,-11.262592476073577,0.2701921351941735,,
84,176,Rashaad Penny,CAR,RB51,6.255847072732051,11,,-1.5468078580447795,0.706929312281788,,
90,177,Bailey Zappe,NE,QB48,5.805235680620465,14,,-11.842061045039769,0.24414426804079067,,
94,178,Myles Gaskin,MIN,RB52,5.641474427870376,6,,-2.161180502906454,0.6793124614410602,,
98,179,Sam Ehlinger,IND,QB49,5.570058824217667,14,,-12.077237901442565,0.23357276193812293,,
102,180,Dameon Pierce,HOU,RB53,5.534574235506937,14,,-2.2680806952698935,0.6745071585161375,,
103,181,Tyler Huntley,CLE,QB50,5.497292524114873,10,,-12.15000420154536,0.23030182194270207,,
104,182,Chris Rodriguez,WAS,RB54,5.443153606736349,14,,-2.3595013240404814,0.6703976821427367,,
108,183,Alexander Mattison,LV,RB55,5.356053499226774,10,,-2.4466014315500564,0.6664824188291415,,
110,184,Jameis Winston,CLE,QB51,5.342521145714329,10,,-12.304775579945904,0.22334464683497246,,
113,185,Derrick Gore,WAS,RB56,5.267601241856577,14,,-2.535053688920253,0.6625063746176217,,
116,186,Xavier Gipson,NYJ,WR55,5.199427746610302,12,,0.796089710467216,0.8122456105021746,,
118,187,Royce Freeman,DAL,RB57,5.103969695331523,7,,-2.698685235445307,0.6551509234089543,,
119,188,Brandon Allen,SF,QB52,5.08582610716689,9,,-12.561470618493342,0.21180587040928123,,
123,189,James Robinson,NO,RB58,4.8057721102876325,12,,-2.9968828204891977,0.6417465534453851,,
125,190,D.J. Moore,CHI,WR56,4.742163575847132,7,,0.3388255397040467,0.7916909902657563,,
127,191,Mason Rudolph,TEN,QB53,4.719450421925365,5,,-12.927846303734867,0.19533680601390477,,
128,192,Ihmir Smith-Marsette,CAR,WR57,4.64977722447387,11,,0.24643918833078438,0.787538103403144,,
131,193,Jonnu Smith,MIA,TE25,4.542174861998999,6,,0.9680386212096646,0.8199749380689463,,
132,194,Craig Reynolds,DET,RB59,4.526626478813864,5,,-3.276028451962966,0.6291985936172135,,
133,195,Roschon Johnson,CHI,RB60,4.520747623757622,7,,-3.2819073070192086,0.6289343314229893,,
134,196,Tyrod Taylor,NYJ,QB54,4.452077231988799,12,,-13.195219493671434,0.18331803277091596,,
135,197,Tucker Kraft,GB,TE26,4.445637122766807,10,,0.871500881977473,0.8156354409133123,,
138,198,Kalif Raymond,DET,WR58,4.403338036143086,5,,0.0,0.7764603408068395,,
140,199,Marvin Mims,DEN,WR59,4.359306724905173,14,,-0.04403131123791226,0.7744810759991544,,
141,200,Ameer Abdullah,LV,RB61,4.324522496265686,10,,-3.478132434511144,0.6201137562843163,,
144,201,Isaiah Spiller,LAC,RB62,4.245903436111651,5,,-3.5567514946651793,0.6165797270991448,,
145,202,Miles Sanders,CAR,RB63,4.240562499349904,11,,-3.562092431426926,0.6163396450331015,,
147,203,Derius Davis,LAC,WR60,4.207595791658803,5,,-0.19574224448428268,0.7676614718884994,,
148,204,Noah Brown,HOU,WR61,4.175440056201974,14,,-0.22789797994111183,0.7662160296846313,,
149,205,Rashod Bateman,BAL,WR62,4.175431634124652,14,,-0.2279064020184336,0.7662156511012828,,
150,206,Michael Burton,DEN,RB64,4.17494951883528,14,,-3.62770541194155,0.6133902560730902,,
153,207,Ray-Ray McCloud,ATL,WR63,4.1558956452146685,12,,-0.24744239092841713,0.7653374829467182,,
154,208,Rondale Moore,ATL,WR64,4.137673228181503,12,,-0.2656648079615822,0.764518361559444,,
155,209,Elijah Moore,CLE,WR65,4.13533357479955,10,,-0.2680044613435353,0.7644131910916362,,
156,210,Josh Palmer,LAC,WR66,4.135013867186746,5,,-0.26832416895633937,0.7643988198178997,,
157,211,Kendrick Bourne,NE,WR67,4.077110799187156,14,,-0.3262272369559298,0.7617960014705346,,
158,212,Xavier Hutchinson,HOU,WR68,4.04168219425393,14,,-0.36165584188915556,0.7602034395195443,,
161,213,Montrell Washington,KC,WR69,4.031487416422393,6,,-0.3718506197206928,0.7597451709734385,,
162,214,Khari Blasingame,CHI,RB65,4.019659712648066,7,,-3.7829952181287645,0.6064097769609001,,
163,215,Kenneth Gainwell,PHI,RB66,4.017230247017723,5,,-3.785424683759107,0.6063005693155127,,
165,216,Travis Homer,CHI,RB67,4.011368113837788,7,,-3.791286816939042,0.606037058791415,,
169,217,Chris Evans,CIN,RB68,3.951491075217832,12,,-3.8511638555589984,0.6033455078928165,,
170,218,Calvin Austin,PIT,WR70,3.945554619762999,9,,-0.45778341638008646,0.7558823798034259,,
171,219,Dare Ogunbowale,HOU,RB69,3.943849941536493,14,,-3.8588049892403373,0.6030020289783554,,
173,220,Tyler Scott,CHI,WR71,3.9331225569380703,7,,-0.4702154792050153,0.7553235423819518,,
176,221,Ronnie Rivers,LAR,RB70,3.92603252739468,6,,-3.87662240338215,0.6022011129987178,,
177,222,Tyquan Thornton,NE,WR72,3.8982564211160535,14,,-0.5050816150270321,0.7537562641503406,,
178,223,Samori Toure,GB,WR73,3.8882780810258,10,,-0.5150599551172856,0.753307724762698,,
179,224,Hassan Haskins,TEN,RB71,3.886641680534799,5,,-3.916013250242031,0.6004304431107963,,
180,225,Cam Akers,MIN,RB72,3.868988738707584,6,,-3.9336661920692464,0.5996369203759877,,
182,226,Zay Jones,ARI,WR74,3.854253925565564,11,,-0.5490841105775215,0.7517782946453485,,
183,227,Gunner Olszewski,NYG,WR75,3.848771372743411,11,,-0.5545666633996746,0.751531846752881,,
184,228,Chris Moore,ARI,WR76,3.8332910933610767,11,,-0.570046942782009,0.7508359880256895,,
185,229,Case Keenum,HOU,QB55,3.823635863409256,14,,-13.823660862250977,0.15506877446920286,,
186,230,Skyy Moore,KC,WR77,3.8127925561573015,6,,-0.5905454799857841,0.7499145520712336,,
189,231,Keaontay Ingram,KC,RB73,3.7789613504340753,6,,-4.023693580342755,0.5955900719781565,,
191,232,Emari Demercado,ARI,RB74,3.757271704561493,11,,-4.045383226215337,0.5946150941371653,,
193,233,Jalin Hyatt,NYG,WR78,3.7492291190510825,11,,-0.6541089170920031,0.7470572927577405,,
194,234,John Metchie,HOU,WR79,3.744498846899933,14,,-0.6588391892431527,0.7468446608615664,,
195,235,Boston Scott,LAR,RB75,3.74011600430952,6,,-4.06253892646731,0.5938439230590101,,
196,236,Isaiah McKenzie,NYG,WR80,3.722717557848383,11,,-0.6806204782947027,0.7458655635402806,,
197,237,Allen Lazard,NYJ,WR81,3.721082261212132,12,,-0.6822557749309537,0.7457920548258847,,
199,238,Steven Sims,HOU,WR82,3.7108423444410574,14,,-0.6924956917020282,0.7453317572256362,,
200,239,Peyton Hendershot,DAL,TE27,3.699213802850203,7,,0.12507756206086906,0.7820827401826037,,
201,240,DeAndre Carter,CHI,WR83,3.695302778983617,7,,-0.7080352571594686,0.744633233512126,,
202,241,Jalen Reagor,NE,WR84,3.6914335168218577,14,,-0.7119045193212279,0.7444593051367684,,
203,242,Jeremy McNichols,WAS,RB76,3.689918133499865,14,,-4.112736797276965,0.5915874633642845,,
204,243,Mack Hollins,BUF,WR85,3.6686541679037568,12,,-0.7346838682393289,0.743435343724128,,
205,244,Marquez Valdes-Scantling,BUF,WR86,3.665937829875193,12,,-0.7374002062678926,0.7433132407906801,,
206,245,Chris Manhertz,NYG,TE28,3.665714139066469,11,,0.09157789827713492,0.780576886649463,,
207,246,Jordan Mason,SF,RB77,3.665542517936137,9,,-4.137112412840693,0.5904917476861785,,
208,247,Dwayne Washington,DEN,RB78,3.655291644049624,14,,-4.147363286727206,0.5900309575493151,,
210,248,Marlon Mack,ARI,RB79,3.651218626458306,11,,-4.1514363043185245,0.5898478701019297,,
211,249,Tony Jones,ARI,RB80,3.651218626458306,11,,-4.1514363043185245,0.5898478701019297,,
213,250,Michael Carter,ARI,RB81,3.642927027648029,11,,-4.159727903128801,0.5894751519324447,,
214,251,Trey Sermon,IND,RB82,3.6362185404921337,14,,-4.166436390284696,0.5891735966944295,,
215,252,Drew Lock,NYG,QB56,3.626488580262401,11,,-14.020808145397833,0.14620674723238258,,
216,253,Jaelon Darden,CLE,WR87,3.620559640597675,10,,-0.7827783955454106,0.7412734320602935,,
217,254,Cedric Tillman,CLE,WR88,3.618774601612855,10,,-0.7845634345302308,0.7411931922322331,,
218,255,Darnell Washington,PIT,TE29,3.6059848546835824,9,,0.03184861389424842,0.7778919774963269,,
219,256,Van Jefferson,PIT,WR89,3.5788919200752844,9,,-0.8244461160678012,0.7394004137347476,,
220,257,Trent Taylor,SF,WR90,3.5772789943342653,9,,-0.8260590418088203,0.739327910621239,,
221,258,Jeremy Ruckert,NYJ,TE30,3.574607222535653,12,,0.000470981746318877,0.7764815120499694,,
222,259,Tom Kennedy,DET,WR91,3.574136240789334,5,,-0.8292017953537516,0.739186639754762,,
223,260,Parker Hesse,DET,TE31,3.574136240789334,5,,0.0,0.7764603408068395,,
224,261,Anthony Firkser,DET,TE32,3.574136240789334,5,,0.0,0.7764603408068395,,
225,262,Donovan Peoples-Jones,DET,WR92,3.574136240789334,5,,-0.8292017953537516,0.739186639754762,,
226,263,Avery Williams,ATL,RB83,3.5689587418233857,12,,-4.233696188953445,0.5861501811127828,,
227,264,KhaDarel Hodge,ATL,WR93,3.563305640072133,12,,-0.8400323960709528,0.7386997901415442,,
229,265,Mitchell Wilcox,NE,TE33,3.552031673954297,14,,-0.02210456683503681,0.7754667117279934,,
230,266,Jaret Patterson,LAC,RB84,3.5366473191490857,5,,-4.266007611627744,0.5846977405656476,,
231,267,Tylan Wallace,BAL,WR94,3.5162730184033544,14,,-0.8870650177397312,0.7365856125196425,,
232,268,DeeJay Dallas,ARI,RB85,3.504147449497702,11,,-4.298507481279128,0.5832368290813684,,
233,269,Raheem Blackshear,CAR,RB86,3.504147449497702,11,,-4.298507481279128,0.5832368290813684,,
234,270,Tim Patrick,DEN,WR95,3.4959542052041392,14,,-0.9073838309389464,0.7356722553933505,,
235,271,Charlie Woerner,ATL,TE34,3.4872991404225537,12,,-0.08683710036678027,0.77255690000698,,
236,272,Zach Gentry,LV,TE35,3.486093207085911,10,,-0.08804303370342303,0.7725026917323106,,
237,273,Adam Prentice,NO,RB87,3.476960360432027,12,,-4.325694570344803,0.5820147340063356,,
238,274,Josiah Deguara,JAX,TE36,3.467998712820499,12,,-0.1061375279688348,0.7716893206401151,,
239,275,Mike Boone,CAR,RB88,3.465302103373145,11,,-4.337352827403685,0.581490680162222,,
240,276,Treylon Burks,TEN,WR96,3.462373738459103,5,,-0.9409642976839825,0.7341627696618227,,
241,277,Zander Horvath,NO,RB89,3.4539870518418154,12,,-4.348667878935014,0.5809820538537277,,
242,278,Will Mallory,IND,TE37,3.448276219406698,14,,-0.12586002138263597,0.7708027688651108,,
243,279,Mecole Hardman,KC,WR97,3.443342224125644,6,,-0.9599958120174414,0.733307278296743,,
244,280,Kevin Harris,NE,RB90,3.4394145265604523,14,,-4.363240404216378,0.5803269998560701,,
246,281,Tutu Atwell,LAR,WR98,3.4238434136229148,6,,-0.9794946225201708,0.7324307813600236,,
249,282,Trayveon Williams,CIN,RB91,3.390318860710252,12,,-4.412336070066578,0.5781200857103134,,
250,283,Michael Wilson,ARI,WR99,3.381194302442144,11,,-1.0221437337009416,0.7305136482457488,,
251,284,Anthony Schwartz,MIA,WR100,3.372609054349492,6,,-1.0307289817935934,0.7301277301584309,,
253,285,Cole Turner,WAS,TE38,3.3665355689441925,14,,-0.20760067184514153,0.767128420128514,,
254,286,Juwann Winfree,IND,WR101,3.3622029672663074,14,,-1.0411350688767782,0.7296599629861529,,
255,287,Eric Saubert,SF,TE39,3.3621878037971022,9,,-0.21194843699223176,0.7669329824205335,,
256,288,Tyrie Cleveland,IND,WR102,3.3607438267124143,14,,-1.0425942094306713,0.7295943727171694,,
257,289,Robert Tonyan,MIN,TE40,3.3457042152779666,6,,-0.22843202551136743,0.7661920236404508,,
258,290,Chase Edmonds,TB,RB92,3.3338539700143324,11,,-4.468800960762498,0.5755819153065216,,
259,291,Jauan Jennings,SF,WR103,3.33029186683497,9,,-1.0730461693081157,0.7282255174454106,,
261,292,Darrynton Evans,BUF,RB93,3.3038526937325665,12,,-4.498802237044264,0.5742333188495755,,
263,293,Justice Hill,BAL,RB94,3.295561094922289,14,,-4.507093835854541,0.5738606006800904,,
265,294,Deonte Harty,BAL,WR104,3.293200787628499,14,,-1.1101372485145866,0.7265582251098327,,
266,295,Jake Bobo,SEA,WR105,3.288929005477192,10,,-1.1144090306658936,0.7263662029365093,,
267,296,Tre Tucker,LV,WR106,3.284997278850042,10,,-1.1183407572930437,0.7261894667020486,,
268,297,Josh Downs,IND,WR107,3.2778803079825787,14,,-1.125457728160507,0.7258695495889929,,
269,298,Collin Johnson,CHI,WR108,3.273925530176831,7,,-1.1294125059662545,0.7256917771740213,,
270,299,Brandon Powell,MIN,WR109,3.2686321649783427,6,,-1.1347058711647429,0.7254538335117264,,
271,300,Will Dissly,LAC,TE41,3.255346566398809,5,,-0.31878967439052497,0.7621303295981054,,
272,301,Racey McMath,DAL,WR110,3.253693915374245,7,,-1.1496441207688406,0.7247823397292668,,
273,302,Pierre Strong,CLE,RB95,3.2535407369097022,10,,-4.549114193867128,0.5719717308399156,,
274,303,James Proche,CLE,WR111,3.251601094318762,10,,-1.1517369418243235,0.7246882646961269,,
275,304,Jordan Akins,CLE,TE42,3.249748295188676,10,,-0.324387945600658,0.761878680013331,,
276,305,Giovanni Ricci,CLE,TE43,3.249748295188676,10,,-0.324387945600658,0.761878680013331,,
279,306,Durham Smythe,MIA,TE44,3.231502313096971,6,,-0.3426339276923631,0.7610584993459729,,
280,307,Demarcus Robinson,LAR,WR112,3.225899646489762,6,,-1.1774383896533238,0.7235329511302957,,
283,308,Tank Bigsby,JAX,RB96,3.213427830125549,12,,-4.589227100651281,0.5701686034176402,,
284,309,Daniel Bellinger,NYG,TE45,3.2120512596603774,11,,-0.3620849811289566,0.7601841491515982,,
285,310,Zach Pascal,ARI,WR113,3.205942402968774,11,,-1.1973956331743114,0.722635847032122,,
286,311,Jeff Smith,ARI,WR114,3.205942402968774,11,,-1.1973956331743114,0.722635847032122,,
287,312,Tyler Davis,GB,TE46,3.204341225006621,10,,-0.3697950157827128,0.7598375730486572,,
288,313,Tyler Davis,LAR,TE47,3.203545566921912,6,,-0.37059067386742184,0.759801807181102,,
290,314,Austin Hooper,NE,TE48,3.197277729410135,14,,-0.3768585113791989,0.7595200597187037,,
291,315,John Bates,WAS,TE49,3.197149792770912,14,,-0.37698644801842196,0.7595143088000846,,
292,316,Ty Johnson,BUF,RB97,3.1895080168191026,12,,-4.613146913957728,0.5690933766448549,,
293,317,Patrick Taylor,SF,RB98,3.186491726146324,9,,-4.6161632046305066,0.5689577904492469,,
294,318,Allen Robinson,NYG,WR115,3.179707379993073,11,,-1.2236306561500125,0.7214565485682621,,
295,319,Miles Boykin,NYG,WR116,3.179707379993073,11,,-1.2236306561500125,0.7214565485682621,,
296,320,Jack Stoll,NYG,TE50,3.179707379993073,11,,-0.39442886079626094,0.7587302496203396,,
299,321,Connor Heyward,PIT,TE51,3.166990600071428,9,,-0.40714564071790615,0.758158613794416,,
301,322,Parris Campbell,PHI,WR117,3.1589266510052134,5,,-1.2444113851378722,0.7205224277254493,,
302,323,Grant Calcaterra,PHI,TE52,3.1589266510052134,5,,-0.4152095897841206,0.7577961287775269,,
304,324,Jamaal Williams,NO,RB99,3.1490856053285543,12,,-4.6535693254482755,0.5672763365827793,,
305,325,Michael Bandy,DEN,WR118,3.1430938628810425,14,,-1.260244173262043,0.7198107232710355,,
306,326,Kyle Juszczyk,SF,RB100,3.1393547812114893,9,,-4.663300149565341,0.5668389233606154,,
307,327,David Sills,DEN,WR119,3.1339548964253345,14,,-1.269383139717751,0.7193999148218694,,
308,328,Tyler Johnson,LAR,WR120,3.124431550237437,6,,-1.2789064859056487,0.7189718280029403,,
309,329,Equanimeous St. Brown,NO,WR121,3.11183909374636,12,,-1.2914989423967258,0.7184057806771994,,
310,330,Kene Nwangwu,MIN,RB101,3.1058076597337068,6,,-4.696847271043124,0.5653309365422955,,
311,331,Dyami Brown,WAS,WR122,3.105119028691617,14,,-1.2982190074514688,0.7181037049975463,,
312,332,Kylen Granson,IND,TE53,3.10361597302,14,,-0.47052026776933387,0.7553098417388826,,
313,333,Godwin Igwebuike,PIT,RB102,3.100350713871681,9,,-4.70230421690515,0.5650856397160486,,
314,334,Malik Heath,GB,WR123,3.0936513516231328,10,,-1.3096866845199528,0.717588217972304,,
315,335,Brevin Jordan,HOU,TE54,3.092031606481134,14,,-0.48210463430819983,0.7547891093699143,,
316,336,Ian Thomas,CAR,TE55,3.0894030641989323,11,,-0.4847331765904017,0.7546709529696525,,
317,337,Mike Strachan,CAR,WR124,3.0828630179064787,11,,-1.320475018236607,0.7171032683158298,,
318,338,James Mitchell,DET,TE56,3.077433105307808,5,,-0.4967031354815261,0.7541328877220694,,
320,339,Jonathan Ward,PIT,RB103,3.074708411684103,9,,-4.727946519092727,0.5639329848238591,,
321,340,Jamycal Hasty,NE,RB104,3.074708411684103,14,,-4.727946519092727,0.5639329848238591,,
322,341,Phillip Dorsett,DEN,WR125,3.0694516669025766,14,,-1.333886369240509,0.7165004106148154,,
323,342,C.J. Ham,MIN,RB105,3.0669623136091504,6,,-4.73569261716768,0.5635847876231491,,
324,343,Nyheim Hines,CLE,RB106,3.0664168128738254,10,,-4.736238117903005,0.563560266654374,,
325,344,Stephen Sullivan,CAR,TE57,3.0646752743422425,11,,-0.5094609664470915,0.753559406598237,,
326,345,Cam Sims,CAR,WR126,3.0646752743422425,11,,-1.338662761800843,0.7162857055461592,,
327,346,Tim Boyle,HOU,QB57,3.063699143061953,14,,-14.58359758259828,0.12090862878278708,,
328,347,Tim Jones,JAX,WR127,3.054444805820188,12,,-1.3488932303228975,0.715825832657014,,
329,348,Luke Farrell,JAX,TE58,3.054444805820188,12,,-0.5196914349691459,0.7530995337090916,,
330,349,Denzel Mims,PIT,WR128,3.0309179635503085,9,,-1.372420072592777,0.7147682704443167,,
333,350,Malik Taylor,NYJ,WR129,3.009328717099768,12,,-1.3940093190433176,0.7137978056881548,,
334,351,Justin Watson,KC,WR130,2.97505816168904,6,,-1.4282798744540455,0.712257299572001,,
335,352,Quentin Johnston,LAC,WR131,2.962636510584092,5,,-1.4407015255589934,0.7116989301709055,,
336,353,Nick Vannett,TEN,TE59,2.9472588986083053,5,,-0.6268773421810288,0.7482813875294791,,
337,354,Kyle Philips,TEN,WR132,2.946034636930273,5,,-1.4573033992128126,0.7109526543199073,,
338,355,Sean McKeon,DET,TE60,2.936832030067367,5,,-0.6373042107219669,0.7478126862035993,,
339,356,Brock Wright,DET,TE61,2.9304105638056543,5,,-0.6437256769836797,0.7475240329287315,,
340,357,Greg Dulcich,DEN,TE62,2.9279814530536115,14,,-0.6461547877357225,0.7474148412355861,,
341,358,Tanner Hudson,CIN,TE63,2.887719028553807,12,,-0.686417212235527,0.7456049927971884,,
342,359,John Ross,PHI,WR133,2.8821664047235065,5,,-1.5211716314195791,0.7080816940695329,,
344,360,Skylar Thompson,MIA,QB58,2.8670431771570386,6,,-14.780253548503195,0.11206868689611976,,
346,361,Robert Woods,HOU,WR134,2.859271213434749,14,,-1.5440668227083365,0.7070525253914028,,
347,362,Greg Dortch,ARI,WR135,2.858117508986758,11,,-1.5452205271563275,0.7070006648733265,,
348,363,Ronnie Bell,SF,WR136,2.840616425452474,9,,-1.5627216106906117,0.7062139683666383,,
349,364,Drew Sample,CIN,TE64,2.833430127310871,12,,-0.7407061134784629,0.7431646359543626,,
351,365,Alec Ingold,MIA,RB107,2.830993758797333,6,,-4.971661171979497,0.5529776936455074,,
352,366,Stone Smartt,LAC,TE65,2.822789578530832,5,,-0.7513466622585021,0.7426863294233352,,
353,367,Salvon Ahmed,MIA,RB108,2.822702159987055,6,,-4.979952770789775,0.5526049754760223,,
354,368,Dorian Thompson-Robinson,CLE,QB59,2.808823619177458,10,,-14.838473106482775,0.10945164191180544,,
355,369,Brett Rypien,CHI,QB60,2.793257120557929,7,,-14.854039605102304,0.10875190751756865,,
356,370,Michael Gallup,LV,WR137,2.779238624593749,10,,-1.6240994115493366,0.7034549562500931,,
357,371,Foster Moreau,NO,TE66,2.774122738623141,12,,-0.8000135021661929,0.7404986915624034,,
358,372,Chris Conley,SF,WR138,2.771808928746017,9,,-1.6315291073970686,0.7031209817417311,,
359,373,Ben Skowronek,HOU,WR139,2.7707002361754465,14,,-1.6326377999676391,0.7030711445661898,,
361,374,JuJu Smith-Schuster,NE,WR140,2.761885632745381,14,,-1.6414524033977047,0.7026749166576327,,
362,375,Marquez Callaway,PIT,WR141,2.751729853026556,9,,-1.6516081831165295,0.7022184011275032,,
363,376,Mike White,MIA,QB61,2.75004103127824,6,,-14.897255694381993,0.10680928799904263,,
364,377,Darius Slayton,NYG,WR142,2.747477957982103,11,,-1.6558600781609827,0.7020272729055436,,
365,378,Freddie Swain,CHI,WR143,2.7262189940466617,7,,-1.677119042096424,0.7010716547787539,,
366,379,Dax Milne,WAS,WR144,2.718702892704864,14,,-1.6846351434382214,0.7007337962308575,,
367,380,P.J. Walker,SEA,QB62,2.711536566228141,10,,-14.935760159432093,0.10507846212832042,,
369,381,Jalen Nailor,MIN,WR145,2.7051254912172498,6,,-1.6982125449258358,0.7001234743442564,,
370,382,Elijah Higgins,ARI,WR146,2.70490033883723,11,,-1.6984376973058555,0.7001133534514278,,
371,383,Charlie Kolar,BAL,TE67,2.682409105113829,14,,-0.891727135675505,0.7363760442442465,,
374,384,K.J. Osborn,NE,WR147,2.661615967630816,14,,-1.7417220685122694,0.6981676645713323,,
375,385,Shane Zylstra,DET,TE68,2.6554655619752814,5,,-0.9186706788140526,0.7351648968759494,,
377,386,Marcedes Lewis,CHI,TE69,2.6468731127021514,7,,-0.9272631280871826,0.7347786550861868,,
378,387,Trent Sherfield,MIN,WR148,2.6408450439385875,6,,-1.762492992204498,0.6972339844893333,,
379,388,Johnny Mundt,MIN,TE70,2.6344235776768743,6,,-0.9397126631124597,0.7342190322665431,,
380,389,Teagan Quitoriano,HOU,TE71,2.631415867625133,14,,-0.9427203731642009,0.7340838317810303,,
382,390,Jeff Driskel,WAS,QB63,2.6221351995448887,14,,-15.025161526115344,0.10105975421660268,,
385,391,Gerald Everett,CHI,TE72,2.597436976797044,7,,-0.9766992639922898,0.7325564363678702,,
386,392,Trey Palmer,TB,WR149,2.586481679856644,11,,-1.8168563562864417,0.6947902804448779,,
387,393,Dante Pettis,CHI,WR150,2.57845420208157,7,,-1.8248838340615157,0.6944294348600433,,
388,394,Josh Oliver,MIN,TE73,2.5734648397120687,6,,-1.0006714010772653,0.7314788575730684,,
390,395,Tommy Sweeney,CHI,TE74,2.5694308367839893,7,,-1.0047054040053447,0.7312975238856271,,
392,396,Tyron Johnson,DAL,WR151,2.546199527970625,7,,-1.8571385081724605,0.6929795452347673,,
393,397,Ashton Dulin,IND,WR152,2.540679499187881,14,,-1.8626585369552044,0.6927314127490447,,
394,398,Jonathan Mingo,CAR,WR153,2.5306461012092245,11,,-1.872691934933861,0.6922803984375846,,
395,399,Jakeem Grant,CLE,WR154,2.5072730844400724,10,,-1.8960649517030133,0.6912297508815612,,
396,400,Tyler Higbee,LAR,TE75,2.5059137318336813,6,,-1.0682225089556527,0.7284423472629075,,
397,401,Andy Isabella,BUF,WR155,2.4921530136694425,12,,-1.911185022473643,0.6905500840007747,,
398,402,Alec Pierce,IND,WR156,2.467174413529128,14,,-1.9361636226139578,0.6894272633803342,,
399,403,Jalen Guyton,LV,WR157,2.4471396025089502,10,,-1.9561984336341354,0.6885266725220107,,
400,404,Pharaoh Brown,SEA,TE76,2.438121628368248,10,,-1.1360146124210861,0.7253950038871203,,
401,405,Sterling Shepard,TB,WR158,2.4310503528213814,11,,-1.9722876833217042,0.6878034397861833,,
402,406,Brandon Johnson,DEN,WR159,2.41857462605496,14,,-1.9847634100881257,0.6872426396136504,,
403,407,Trenton Irwin,CIN,WR160,2.411162613324213,12,,-1.9921754228188724,0.6869094599844359,,
404,408,Ross Dwelley,ATL,TE77,2.4022244918584046,12,,-1.1719117489309294,0.7237813808313204,,
405,409,Chase Claypool,BUF,WR161,2.396871371278713,12,,-2.0064666648643725,0.6862670500347087,,
406,410,Jamison Crowder,WAS,WR162,2.382421579166131,14,,-2.0209164569769547,0.6856175130528944,,
408,411,MyCole Pruitt,PIT,TE78,2.3659941970409664,9,,-1.2081420437483676,0.7221527818755286,,
409,412,Colby Parkinson,LAR,TE79,2.3632601873706727,6,,-1.2108760534186613,0.7220298845787606,,
410,413,Nelson Agholor,BAL,WR163,2.363111786000476,14,,-2.04022625014261,0.6847495126917434,,
411,414,Michael Mayer,LV,TE80,2.3259968108183253,10,,-1.2481394299710087,0.7203548472530026,,
412,415,Albert Okwuegbunam,PHI,TE81,2.318641271453975,5,,-1.2554949693353592,0.7200242061751855,,
413,416,C.J. Uzomah,PHI,TE82,2.315923771259979,5,,-1.2582124695293548,0.7199020510008871,,
415,417,Mike Gesicki,CIN,TE83,2.303753916531041,12,,-1.2703823242582932,0.7193550001749538,,
416,418,Malik Willis,TEN,QB64,2.2942457596998227,5,,-15.35305096596041,0.08632069669477929,,
417,419,Lucas Krull,DEN,TE84,2.2859182593115963,14,,-1.2882179814777377,0.7185532641452081,,
418,420,Mo Alie-Cox,IND,TE85,2.278584910204192,14,,-1.295551330585142,0.7182236205483521,,
419,421,Hayden Hurst,LAC,TE86,2.2734827982997494,5,,-1.3006534424895846,0.7179942739708047,,
420,422,Harrison Bryant,LV,TE87,2.2692182088913326,10,,-1.3049180318980014,0.7178025751206457,,
421,423,Damiere Byrd,WAS,WR164,2.259182757503221,14,,-2.1441552786398645,0.6800777674536777,,
422,424,Jalen Tolbert,DAL,WR165,2.244269036655707,7,,-2.1590689994873786,0.6794073762707844,,
423,425,Andrew Ogletree,IND,TE88,2.235663243843455,14,,-1.338472996945879,0.7162942357236309,,
424,426,River Cracraft,MIA,WR166,2.204494022552732,6,,-2.1988440135903535,0.6776194375647617,,
426,427,Eric Tomlinson,IND,TE89,2.182690846940109,14,,-1.3914453938492248,0.7139130574661176,,
427,428,Nick Westbrook-Ikhine,TEN,WR167,2.173277145205052,5,,-2.2300608909380335,0.6762161982561199,,
428,429,Josh Reynolds,DEN,WR168,2.1638180703296044,14,,-2.2395199658134812,0.6757910005164234,,
429,430,Tyler Boyd,TEN,WR169,2.15589042511288,5,,-2.2474476110302057,0.6754346425351566,,
430,431,Devin Duvernay,JAX,WR170,2.1452595757694266,12,,-2.258078460373659,0.6749567720064411,,
431,432,Andrei Iosivas,CIN,WR171,2.128782068721192,12,,-2.2745559674218936,0.6742160865963988,,
432,433,Luke Schoonmaker,DAL,TE90,2.1275238717116176,7,,-1.4466123690777164,0.7114332300536156,,
433,434,David Bell,CLE,WR172,2.115041165835266,10,,-2.2882968703078195,0.6735984151089207,,
434,435,David Moore,CAR,WR173,2.1112184760311345,11,,-2.292119560111951,0.6734265802217166,,
435,436,A.T. Perry,NO,WR174,2.101431508039709,12,,-2.301906528103377,0.6729866432592514,,
436,437,C.J. Beathard,JAX,QB65,2.070927097367892,12,,-15.57636962829234,0.0762822318654079,,
437,438,Olamide Zaccheaus,WAS,WR175,2.069498683147349,14,,-2.3338393529957364,0.671551221175682,,
438,439,Cade Otton,TB,TE91,2.0649412677530097,11,,-1.5091949730363243,0.708620060468016,,
439,440,Adam Trautman,DEN,TE92,2.0502679567543938,14,,-1.5238682840349402,0.707960476021056,,
440,441,Josh Whyle,TEN,TE93,2.028646961770636,5,,-1.5454892790186978,0.7069885841269614,,
441,442,Quintin Morris,BUF,TE94,2.0229911724456167,12,,-1.5511450683437173,0.7067343490279836,,
442,443,Tommy Tremble,CAR,TE95,2.0208680024517145,11,,-1.5532682383376195,0.7066389097705208,,
443,444,Quez Watkins,PIT,WR176,2.0157556925457443,9,,-2.3875823435973413,0.6691354037274404,,
444,445,Scott Miller,PIT,WR177,2.004056652727614,9,,-2.3992813834154716,0.6686095166451635,,
445,446,Devin Asiasi,TEN,TE96,2.0005049144472618,5,,-1.5736313263420723,0.7057235624340484,,
446,447,Jelani Woods,IND,TE97,1.993427853488632,14,,-1.580708387300702,0.7054054393233926,,
447,448,Ko Kieft,TB,TE98,1.9873260218118585,11,,-1.5868102189774755,0.7051311540395636,,
448,449,Lawrence Cager,NYG,WR178,1.9748759367057047,11,,-2.4284620994373807,0.6672978054409902,,
449,450,Sam Darnold,MIN,QB66,1.9670217120865967,6,,-15.680275013573636,0.07161154942070372,,
450,451,Isaiah Hodgins,NYG,WR179,1.942807393308713,11,,-2.4605306428343727,0.6658562826338125,,
451,452,Donald Parham,LAC,TE99,1.9013550442440803,5,,-1.6727811965452537,0.7012666465879738,,
452,453,Juwan Johnson,NO,WR180,1.845379271944414,12,,-2.5579587641986716,0.6614767616412788,,
453,454,Kyle Allen,PIT,QB67,1.7938009516623905,9,,-15.853495773997842,0.06382505055366867,,
454,455,Cooper Rush,DAL,QB68,1.6998707125618957,7,,-15.947426013098337,0.05960276392621588,,
455,456,Blaine Gabbert,KC,QB69,1.5242496197245612,6,,-16.123047105935672,0.05170836698986414,,
456,457,Matt Barkley,JAX,QB70,1.4925825247954023,12,,-16.15471420086483,0.05028488981435507,,
457,458,Logan Woodside,CIN,QB71,0.3739299698754587,12,,-17.273366755784775,0.0,,
