team,position,penalty,GP,player_display_name,age,carries,rushing_yards,rushing_tds,rushing_fumbles_lost,rushing_first_downs,rushing_epa,rushing_2pt_conversions,receptions,targets,receiving_yards,receiving_tds,receiving_fumbles_lost,receiving_air_yards,receiving_yards_after_catch,receiving_first_downs,receiving_epa,receiving_2pt_conversions,special_teams_tds,rrtd,PPG,oline,rb,wr,qb,te
den,RB,1.0,8,Michael Burton,32.0,0.875,1.125,0.0,0.0,0.5,0,0.125,0.375,0.375,1.0,0.0,0.0,0.25,0.75,0.25,0,0.0,0.0,0.0,0.21250000000000002,70.92287450660986,12.9536826874965,0,18.75997934731319,0
nor,RB,0.9285714285714286,7,Adam Prentice,27.0,0.8571428571428571,3.0,0.0,0.14285714285714285,0.5714285714285714,0,0.0,0.7142857142857143,0.8571428571428571,3.0,0.0,0.0,0.2857142857142857,3.7142857142857144,0.14285714285714285,0,0.0,0.0,0.0,0.3142857142857144,57.38988785163836,9.437816045639485,0,15.451812837844908,0
chi,RB,1.0,7,Khari Blasingame,28.0,1.1428571428571428,3.7142857142857144,0.0,0.0,0.0,0,0.0,0.42857142857142855,0.8571428571428571,0.2857142857142857,0.0,0.0,1.5714285714285714,0.7142857142857143,0.0,0,0.0,0.0,0.0,0.4,54.13194661988597,11.557447090992914,0,13.884231101746268,0
cin,RB,1.0,14,Trayveon Williams,27.0,1.0714285714285714,4.928571428571429,0.0,0.0,0.14285714285714285,0,0.0,0.5,0.6428571428571429,0.7142857142857143,0.0,0.0,-2.0,2.5,0.0,0,0.0,0.0,0.0,0.5642857142857143,47.86667502036213,10.174745658945705,0,12.288968735027105,0
crd,RB,1.0,10,DeeJay Dallas,26.0,1.0,3.6,0.0,0.0,0.2,0,0.0,0.6,0.9,2.6,0.0,0.0,-1.5,3.1,0.1,0,0.0,0.0,0.0,0.6200000000000001,42.854457740743065,8.496741511541593,0,11.16143802211102,0
car,RB,1.0,7,Mike Boone,29.0,0.7142857142857143,3.2857142857142856,0.0,0.0,0.2857142857142857,0,0.0,1.0,1.2857142857142858,5.714285714285714,0.0,0.0,1.2857142857142858,4.714285714285714,0.2857142857142857,0,0.0,0.0,0.0,0.9000000000000001,49.871561932209765,14.222381460872096,0,11.862108143022702,0
min,RB,0.875,12,Kene Nwangwu,26.0,2.25,7.333333333333333,0.0,0.0,0.3333333333333333,0,0.0,0.5,0.5833333333333334,2.5,0.0,0.0,-0.5,3.3333333333333335,0.08333333333333333,0,0.0,0.25,0.0,0.9833333333333334,46.86423156443832,12.63344667893255,0,11.336944111582293,0
den,RB,0.8125,8,Dwayne Washington,30.0,2.875,8.625,0.0,0.0,0.25,0,0.0,0.375,0.375,2.375,0.0,0.0,0.375,2.0,0.0,0,0.0,0.0,0.0,1.1,70.92287450660986,12.9536826874965,0,18.75997934731319,0
car,RB,1.0,8,Raheem Blackshear,25.0,1.75,5.75,0.0,0.0,0.125,0,0.125,0.75,0.875,5.625,0.0,0.0,1.625,4.75,0.125,0,0.0,0.0,0.0,1.1375000000000002,49.871561932209765,14.222381460872096,0,11.862108143022702,0
mia,RB,1.0,10,Alec Ingold,28.0,0.2,0.0,0.0,0.0,0.0,0,0.0,1.3,1.6,11.9,0.0,0.0,3.0,9.1,0.5,0,0.0,0.0,0.0,1.1900000000000002,39.09529478102876,8.02253454026843,0,10.11187299121118,0
pit,RB,0.8444444444444446,9,Jonathan Ward,27.0,1.8888888888888888,7.666666666666667,0.0,0.0,0.6666666666666666,0,0.0,0.5555555555555556,0.7777777777777778,4.555555555555555,0.0,0.0,1.8888888888888888,3.3333333333333335,0.2222222222222222,0,0.0,0.0,0.0,1.2222222222222223,46.36300983647641,8.472317941649438,0,12.262456404151788,0
rai,RB,1.0,16,Ameer Abdullah,31.0,0.9375,5.5625,0.0,0.0,0.375,0,0.0,1.1875,1.5,8.1875,0.0,0.0,2.875,5.5,0.25,0,0.0,0.0,0.0,1.375,38.09285132510495,10.179686962068738,0,9.238251003294872,0
ram,RB,1.0,10,Boston Scott,29.0,2.0,8.6,0.0,0.0,0.5,0,0.0,0.4,0.6,5.2,0.0,0.0,3.1,4.3,0.2,0,0.0,0.0,0.0,1.38,41.10018169287638,10.534824154216832,0,10.084202408081058,0
kan,RB,1.0,7,Keaontay Ingram,25.0,5.0,10.571428571428571,0.0,0.0,0.5714285714285714,0,0.0,0.5714285714285714,0.5714285714285714,3.7142857142857144,0.0,0.0,-0.7142857142857143,4.428571428571429,0.14285714285714285,0,0.0,0.0,0.0,1.4285714285714286,44.859344652590686,12.19568776065944,0,10.82523671383684,0
sdg,RB,1.0,9,Isaiah Spiller,23.0,4.111111111111111,10.666666666666666,0.0,0.0,0.1111111111111111,0,0.0,0.6666666666666666,0.6666666666666666,3.7777777777777777,0.0,0.0,-0.5555555555555556,4.333333333333333,0.1111111111111111,0,0.0,0.0,0.0,1.4444444444444444,58.39233130756218,13.009566953032737,0,14.835919960170887,0
min,RB,0.94,15,C.J. Ham,31.0,0.3333333333333333,0.9333333333333333,0.13333333333333333,0.0,0.2,0,0.0,1.1333333333333333,1.4,7.4,0.0,0.0,4.866666666666666,5.066666666666666,0.5333333333333333,0,0.0,0.0,0.13333333333333333,1.6333333333333335,46.86423156443832,12.63344667893255,0,11.336944111582293,0
atl,RB,0.9,14,Avery Williams,26.0,1.5714285714285714,7.785714285714286,0.07142857142857142,0.0,0.42857142857142855,0,0.0,0.9285714285714286,1.0,4.357142857142857,0.0,0.0,-1.9285714285714286,6.071428571428571,0.21428571428571427,0,0.0,0.0,0.07142857142857142,1.6428571428571428,46.36300983647641,7.513943652954624,0,12.51163371921244,0
nor,RB,0.9,8,Zander Horvath,26.0,0.5,1.0,0.0,0.0,0.25,0,0.0,0.625,1.0,1.0,0.25,0.0,0.75,0.125,0.25,0,0.0,0.0,0.25,1.7,57.38988785163836,9.437816045639485,0,15.451812837844908,0
jax,RB,1.0,13,Tank Bigsby,23.0,3.8461538461538463,10.153846153846153,0.15384615384615385,0.07692307692307693,0.9230769230769231,0,0.0,0.07692307692307693,0.3076923076923077,0.46153846153846156,0.0,0.0,0.46153846153846156,0.38461538461538464,0.0,0,0.0,0.0,0.15384615384615385,1.8307692307692307,29.572081949752523,5.65541393709543,0,7.756081944677975,0
sfo,RB,1.0,10,Patrick Taylor,26.0,3.2,14.1,0.0,0.0,0.7,0,0.0,1.1,1.7,4.9,0.0,0.0,-0.8,5.9,0.4,0,0.0,0.0,0.0,1.9000000000000001,49.1197293402669,14.891843060300976,0,11.45347635848502,0
tam,RB,1.0,13,Chase Edmonds,28.0,3.769230769230769,13.538461538461538,0.0,0.0,0.6153846153846154,0,0.0,1.0769230769230769,1.3076923076923077,6.230769230769231,0.0,0.0,-1.9230769230769231,8.538461538461538,0.38461538461538464,0,0.0,0.0,0.0,1.976923076923077,35.33613182131445,9.170362320063637,0,8.640578925033566,0
htx,RB,0.9352941176470588,17,Dare Ogunbowale,30.0,2.9411764705882355,9.294117647058824,0.058823529411764705,0.0,0.7058823529411765,0,0.0,1.2941176470588236,1.9411764705882353,7.176470588235294,0.0,0.0,1.1764705882352942,7.588235294117647,0.29411764705882354,0,0.0,0.0,0.058823529411764705,2.0,32.328801453543015,7.2364731804188915,0,8.20510302659651,0
oti,RB,0.9,7,Hassan Haskins,25.0,3.5714285714285716,13.285714285714286,0.0,0.0,0.7142857142857143,0,0.0,1.5714285714285714,1.7142857142857142,8.142857142857142,0.0,0.0,-0.8571428571428571,8.285714285714286,0.2857142857142857,0,0.0,0.0,0.0,2.1428571428571432,46.36300983647641,11.6242524827737,0,11.44295342345948,0
ram,RB,1.0,7,Ronnie Rivers,25.0,4.571428571428571,18.428571428571427,0.0,0.0,0.5714285714285714,0,0.0,0.7142857142857143,0.7142857142857143,3.142857142857143,0.0,0.0,-2.7142857142857144,5.857142857142857,0.0,0,0.0,0.0,0.0,2.157142857142857,41.10018169287638,10.534824154216832,0,10.084202408081058,0
clt,RB,1.0,8,Trey Sermon,25.0,4.375,20.0,0.0,0.0,0.875,0,0.0,0.375,0.75,1.625,0.0,0.0,1.375,0.75,0.0,0,0.0,0.0,0.0,2.1625,49.37034020424785,11.22889973391381,0,12.484032212907744,0
pit,RB,0.8111111111111112,9,Godwin Igwebuike,30.0,2.3333333333333335,13.555555555555555,0.1111111111111111,0.2222222222222222,0.7777777777777778,0,0.0,0.8888888888888888,1.2222222222222223,7.0,0.0,0.0,2.0,7.111111111111111,0.4444444444444444,0,0.0,0.0,0.1111111111111111,2.2777777777777777,46.36300983647641,8.472317941649438,0,12.262456404151788,0
crd,RB,1.0,15,Michael Carter,25.0,2.0,12.466666666666667,0.0,0.0,0.6,0,0.0,1.6,2.066666666666667,6.733333333333333,0.06666666666666667,0.0,2.2666666666666666,5.8,0.3333333333333333,0,0.0,0.0,0.06666666666666667,2.3200000000000003,42.854457740743065,8.496741511541593,0,11.16143802211102,0
sfo,RB,1.0,10,Kyle Juszczyk,33.0,0.5,0.6,0.0,0.0,0.2,0,0.0,1.4,1.7,11.9,0.2,0.0,7.3,5.8,0.8,0,0.0,0.0,0.2,2.45,49.1197293402669,14.891843060300976,0,11.45347635848502,0
cle,RB,0.9,16,Nyheim Hines,28.0,1.5,2.0625,0.0625,0.0,0.125,0,0.0,1.875,2.3125,15.0625,0.0625,0.0,7.25,11.875,0.6875,0,0.0,0.125,0.125,2.4625000000000004,35.0855209573335,6.38429149507052,0,9.286766749969717,0
htx,RB,0.7636363636363637,11,J.J. Taylor,26.0,4.7272727272727275,14.181818181818182,0.18181818181818182,0.0,0.7272727272727273,0,0.0,0.5454545454545454,0.6363636363636364,1.8181818181818181,0.0,0.09090909090909091,-0.5454545454545454,2.090909090909091,0.0,0,0.0,0.0,0.18181818181818182,2.509090909090909,32.328801453543015,7.2364731804188915,0,8.20510302659651,0
cle,RB,1.0,13,Pierre Strong,26.0,4.846153846153846,22.384615384615383,0.07692307692307693,0.07692307692307693,0.7692307692307693,0,0.0,0.38461538461538464,0.6153846153846154,3.6153846153846154,0.0,0.0,-0.38461538461538464,5.615384615384615,0.07692307692307693,0,0.0,0.0,0.07692307692307693,2.907692307692308,35.0855209573335,6.38429149507052,0,9.286766749969717,0
chi,RB,0.911111111111111,9,Travis Homer,26.0,2.111111111111111,8.222222222222221,0.0,0.0,0.4444444444444444,0,0.0,1.7777777777777777,2.111111111111111,17.444444444444443,0.1111111111111111,0.1111111111111111,2.888888888888889,14.333333333333334,0.7777777777777778,0,0.0,0.0,0.1111111111111111,3.0111111111111106,54.13194661988597,11.557447090992914,0,13.884231101746268,0
cin,RB,0.8428571428571429,14,Chris Evans,27.0,1.3571428571428572,6.357142857142857,0.0,0.0,0.21428571428571427,0,0.0,1.3571428571428572,1.5714285714285714,13.428571428571429,0.21428571428571427,0.0,7.428571428571429,8.642857142857142,0.5714285714285714,0,0.0,0.0,0.21428571428571427,3.2642857142857142,47.86667502036213,10.174745658945705,0,12.288968735027105,0
nwe,RB,0.9444444444444444,9,Kevin Harris,24.0,3.7777777777777777,13.0,0.2222222222222222,0.0,0.5555555555555556,0,0.0,0.3333333333333333,0.3333333333333333,6.444444444444445,0.0,0.0,-0.1111111111111111,6.555555555555555,0.2222222222222222,0,0.0,0.0,0.2222222222222222,3.2777777777777777,52.62828143600025,12.60448542669046,0,13.14285759709256,0
nor,RB,1.0,13,Jamaal Williams,29.0,8.153846153846153,23.53846153846154,0.07692307692307693,0.0,1.4615384615384615,0,0.0,1.3846153846153846,1.5384615384615385,4.769230769230769,0.0,0.0,-2.076923076923077,6.6923076923076925,0.07692307692307693,0,0.0,0.0,0.07692307692307693,3.2923076923076926,57.38988785163836,9.437816045639485,0,15.451812837844908,0
nwe,RB,0.9066666666666666,15,Jamycal Hasty,28.0,3.066666666666667,12.933333333333334,0.13333333333333333,0.0,0.4666666666666667,0,0.0,1.3333333333333333,1.8666666666666667,8.4,0.06666666666666667,0.0,-0.6666666666666666,8.933333333333334,0.4666666666666667,0,0.0,0.0,0.2,3.3333333333333335,52.62828143600025,12.60448542669046,0,13.14285759709256,0
crd,RB,0.9666666666666666,9,Tony Jones,27.0,4.0,13.222222222222221,0.2222222222222222,0.0,1.1111111111111112,0,0.0,1.3333333333333333,2.0,7.444444444444445,0.0,0.0,-4.444444444444445,8.666666666666666,0.1111111111111111,0,0.0,0.0,0.2222222222222222,3.4,42.854457740743065,8.496741511541593,0,11.16143802211102,0
was,RB,0.8,13,Jeremy McNichols,29.0,3.1538461538461537,12.0,0.0,0.0,0.46153846153846156,0,0.0,2.1538461538461537,2.923076923076923,18.46153846153846,0.07692307692307693,0.0,-0.15384615384615385,19.615384615384617,0.8461538461538461,0,0.0,0.0,0.07692307692307693,3.5076923076923077,37.84224046112399,9.878284986168143,0,9.238424927466967,0
kan,RB,1.0,15,Clyde Edwards-Helaire,25.0,4.666666666666667,14.866666666666667,0.06666666666666667,0.0,0.8,0,0.0,1.1333333333333333,1.4666666666666666,12.533333333333333,0.06666666666666667,0.0,-3.6,15.2,0.4666666666666667,0,0.0,0.0,0.13333333333333333,3.54,44.859344652590686,12.19568776065944,0,10.82523671383684,0
sdg,RB,0.8066666666666668,15,Jaret Patterson,25.0,5.666666666666667,22.933333333333334,0.13333333333333333,0.0,1.2,0,0.0,0.6666666666666666,0.8,4.866666666666666,0.0,0.0,0.06666666666666667,5.0,0.3333333333333333,0,0.0,0.0,0.13333333333333333,3.5800000000000005,58.39233130756218,13.009566953032737,0,14.835919960170887,0
buf,RB,1.0,7,Ty Johnson,27.0,4.285714285714286,18.857142857142858,0.0,0.0,1.1428571428571428,0,0.0,1.0,1.0,8.857142857142858,0.14285714285714285,0.0,0.2857142857142857,8.571428571428571,0.2857142857142857,0,0.0,0.0,0.14285714285714285,3.628571428571429,37.09040786918113,11.285326838142094,0,8.63802227726757,0
buf,RB,0.9666666666666666,9,Darrynton Evans,26.0,5.111111111111111,20.555555555555557,0.1111111111111111,0.0,1.4444444444444444,0,0.0,0.8888888888888888,1.4444444444444444,9.11111111111111,0.0,0.0,-1.3333333333333333,11.11111111111111,0.3333333333333333,0,0.0,0.0,0.1111111111111111,3.6333333333333333,37.09040786918113,11.285326838142094,0,8.63802227726757,0
sfo,RB,1.0,11,Elijah Mitchell,26.0,6.818181818181818,25.545454545454547,0.18181818181818182,0.0,1.2727272727272727,0,0.0,0.5454545454545454,0.7272727272727273,1.2727272727272727,0.0,0.0,-2.0,2.3636363636363638,0.18181818181818182,0,0.0,0.0,0.18181818181818182,3.772727272727273,49.1197293402669,14.891843060300976,0,11.45347635848502,0
car,RB,1.0,16,Miles Sanders,27.0,8.0625,27.0,0.0625,0.125,1.5,0,0.0,1.6875,2.5625,9.625,0.0,0.0,1.4375,9.875,0.5,0,0.0,0.0,0.0625,3.7875,49.871561932209765,14.222381460872096,0,11.862108143022702,0
mia,RB,1.0,7,Salvon Ahmed,26.0,3.142857142857143,8.714285714285714,0.14285714285714285,0.0,0.42857142857142855,0,0.0,2.2857142857142856,3.2857142857142856,12.571428571428571,0.14285714285714285,0.0,2.0,15.571428571428571,0.5714285714285714,0,0.0,0.0,0.2857142857142857,3.842857142857143,39.09529478102876,8.02253454026843,0,10.11187299121118,0
cin,RB,1.0,10,Chase Brown,24.0,4.4,17.9,0.0,0.0,0.6,0,0.0,1.4,1.5,15.6,0.1,0.0,-4.5,19.4,0.4,0,0.0,0.0,0.1,3.95,47.86667502036213,10.174745658945705,0,12.288968735027105,0
det,RB,0.9500000000000001,12,Craig Reynolds,28.0,5.333333333333333,23.416666666666668,0.08333333333333333,0.08333333333333333,1.25,0,0.0,1.1666666666666667,1.25,13.583333333333334,0.0,0.0,0.0,13.916666666666666,0.5833333333333334,0,0.0,0.0,0.08333333333333333,4.033333333333333,46.61362070045736,9.49967027799756,0,12.073535386263334,0
phi,RB,1.0,16,Kenneth Gainwell,25.0,5.25,22.75,0.125,0.0625,1.1875,0,0.0625,1.875,2.3125,11.4375,0.0,0.0,4.4375,10.9375,0.6875,0,0.0,0.0,0.125,4.04375,53.12950316396216,14.57062837082567,0,12.78804161074152,0
crd,RB,0.85,10,Marlon Mack,28.0,4.4,18.5,0.1,0.0,1.0,0,0.0,1.0,1.5,10.7,0.1,0.0,0.0,11.8,0.2,0,0.0,0.0,0.2,4.120000000000001,42.854457740743065,8.496741511541593,0,11.16143802211102,0
den,RB,1.0,17,Samaje Perine,29.0,3.1176470588235294,14.0,0.058823529411764705,0.058823529411764705,0.8235294117647058,0,0.0,2.9411764705882355,3.2941176470588234,26.764705882352942,0.0,0.058823529411764705,-0.5882352941176471,27.176470588235293,1.3529411764705883,0,0.0,0.0,0.058823529411764705,4.194117647058825,70.92287450660986,12.9536826874965,0,18.75997934731319,0
den,RB,1.0,17,Jaleel McLaughlin,24.0,4.470588235294118,24.11764705882353,0.058823529411764705,0.0,0.9411764705882353,0,0.0,1.8235294117647058,2.1176470588235294,9.411764705882353,0.11764705882352941,0.0,-8.235294117647058,17.058823529411764,0.29411764705882354,0,0.0,0.0,0.17647058823529413,4.411764705882353,70.92287450660986,12.9536826874965,0,18.75997934731319,0
was,RB,1.0,8,Chris Rodriguez,24.0,6.375,30.875,0.25,0.125,1.75,0,0.0,0.25,0.25,1.5,0.0,0.0,-0.875,2.375,0.125,0,0.0,0.0,0.25,4.487500000000001,37.84224046112399,9.878284986168143,0,9.238424927466967,0
rai,RB,1.0,13,Zamir White,25.0,8.0,34.69230769230769,0.07692307692307693,0.07692307692307693,1.4615384615384615,0,0.0,1.1538461538461537,1.4615384615384615,7.538461538461538,0.0,0.0,0.3076923076923077,7.230769230769231,0.3076923076923077,0,0.0,0.0,0.07692307692307693,4.530769230769231,38.09285132510495,10.179686962068738,0,9.238251003294872,0
chi,RB,1.0,15,Roschon Johnson,23.0,5.4,23.466666666666665,0.13333333333333333,0.0,1.0666666666666667,0,0.0,2.2666666666666666,2.6666666666666665,13.933333333333334,0.0,0.0,-2.2,16.466666666666665,0.4,0,0.0,0.0,0.13333333333333333,4.54,54.13194661988597,11.557447090992914,0,13.884231101746268,0
sea,RB,1.0,16,Zach Charbonnet,23.0,6.75,28.875,0.0625,0.0,2.0,0,0.0,2.0625,2.5,13.0625,0.0,0.0,-2.5625,15.5,0.4375,0,0.0,0.0,0.0625,4.5687500000000005,53.12950316396216,15.29204594774266,0,12.600473040743104,0
sfo,RB,1.0,9,Jordan Mason,25.0,4.444444444444445,22.88888888888889,0.3333333333333333,0.0,1.4444444444444444,0,0.0,0.3333333333333333,0.4444444444444444,3.4444444444444446,0.0,0.0,1.3333333333333333,2.5555555555555554,0.1111111111111111,0,0.0,0.0,0.3333333333333333,4.633333333333334,49.1197293402669,14.891843060300976,0,11.45347635848502,0
dal,RB,1.0,16,Rico Dowdle,26.0,5.5625,22.5625,0.125,0.0,1.0625,0,0.0,1.0625,1.375,9.0,0.125,0.0,-0.6875,10.625,0.375,0,0.0,0.0,0.25,4.65625,54.633168347847885,10.741696934588004,0,14.25270732153566,0
crd,RB,1.0,11,Emari Demercado,25.0,5.2727272727272725,25.818181818181817,0.18181818181818182,0.0,1.0909090909090908,0,0.0,1.9090909090909092,2.727272727272727,10.818181818181818,0.0,0.0,2.4545454545454546,9.909090909090908,0.36363636363636365,0,0.0,0.0,0.18181818181818182,4.754545454545455,42.854457740743065,8.496741511541593,0,11.16143802211102,0
nor,RB,1.0,7,Kendre Miller,22.0,5.857142857142857,22.285714285714285,0.14285714285714285,0.0,1.4285714285714286,0,0.0,1.4285714285714286,1.5714285714285714,16.714285714285715,0.0,0.0,-1.1428571428571428,18.285714285714285,0.7142857142857143,0,0.0,0.0,0.14285714285714285,4.757142857142858,57.38988785163836,9.437816045639485,0,15.451812837844908,0
htx,RB,1.0,13,Dameon Pierce,24.0,11.153846153846153,32.0,0.15384615384615385,0.0,1.0769230769230769,0,0.0,1.0,1.3076923076923077,7.769230769230769,0.0,0.0,1.0769230769230769,7.3076923076923075,0.23076923076923078,0,0.0,0.07692307692307693,0.15384615384615385,4.9,32.328801453543015,7.2364731804188915,0,8.20510302659651,0
nwe,RB,1.0,16,Antonio Gibson,26.0,4.0625,16.5625,0.0625,0.0625,0.8125,0,0.0,3.0,3.6875,24.3125,0.125,0.0625,-0.125,23.5625,1.1875,0,0.0,0.0,0.1875,4.9625,52.62828143600025,12.60448542669046,0,13.14285759709256,0
dal,RB,1.0,9,Royce Freeman,28.0,8.555555555555555,35.44444444444444,0.2222222222222222,0.0,1.8888888888888888,0,0.0,0.1111111111111111,0.2222222222222222,1.4444444444444444,0.0,0.0,0.0,1.5555555555555556,0.1111111111111111,0,0.0,0.0,0.2222222222222222,5.022222222222222,54.633168347847885,10.741696934588004,0,14.25270732153566,0
was,RB,0.8400000000000001,10,Derrick Gore,30.0,5.4,28.2,0.2,0.0,1.3,0,0.0,0.8,0.9,10.5,0.0,0.0,1.1,9.0,0.3,0,0.0,0.0,0.2,5.07,37.84224046112399,9.878284986168143,0,9.238424927466967,0
rav,RB,1.0,16,Justice Hill,27.0,5.25,24.1875,0.1875,0.0,1.125,0,0.0,1.75,2.4375,12.875,0.0625,0.0625,1.4375,14.8125,0.5,0,0.0,0.0,0.25,5.081250000000001,35.83735354927636,6.904745642344119,0,9.386020440364756,0
min,RB,1.0,7,Cam Akers,25.0,8.571428571428571,23.857142857142858,0.2857142857142857,0.0,1.7142857142857142,0,0.0,1.5714285714285714,1.7142857142857142,10.0,0.0,0.0,-1.8571428571428572,11.142857142857142,0.2857142857142857,0,0.0,0.0,0.2857142857142857,5.1,46.86423156443832,12.63344667893255,0,11.336944111582293,0
det,RB,0.9222222222222223,9,Zonovan Knight,23.0,9.777777777777779,34.77777777777778,0.1111111111111111,0.0,1.5555555555555556,0,0.0,1.5555555555555556,1.6666666666666667,12.0,0.0,0.0,-3.888888888888889,16.11111111111111,0.5555555555555556,0,0.0,0.0,0.1111111111111111,5.344444444444445,46.61362070045736,9.49967027799756,0,12.073535386263334,0
oti,RB,1.0,17,Tyjae Spears,23.0,5.882352941176471,26.647058823529413,0.11764705882352941,0.0,1.411764705882353,0,0.0,3.0588235294117645,4.117647058823529,22.647058823529413,0.058823529411764705,0.0,-0.7058823529411765,27.058823529411764,1.0,0,0.0,0.0,0.17647058823529413,5.988235294117648,46.36300983647641,11.6242524827737,0,11.44295342345948,0
min,RB,1.0,13,Ty Chandler,26.0,7.846153846153846,35.46153846153846,0.23076923076923078,0.0,1.5384615384615385,0,0.0,1.6153846153846154,1.9230769230769231,12.23076923076923,0.0,0.0,-3.6153846153846154,15.846153846153847,0.5384615384615384,0,0.0,0.0,0.23076923076923078,6.153846153846154,46.86423156443832,12.63344667893255,0,11.336944111582293,0
rai,RB,1.0,16,Alexander Mattison,26.0,11.25,43.75,0.0,0.125,1.75,0,0.0,1.875,2.75,12.0,0.1875,0.0,1.5,11.3125,0.3125,0,0.0,0.0,0.1875,6.45,38.09285132510495,10.179686962068738,0,9.238251003294872,0
nor,RB,0.9083333333333333,12,James Robinson,26.0,9.25,35.583333333333336,0.25,0.0,1.8333333333333333,0,0.0,1.0,1.25,4.083333333333333,0.16666666666666666,0.0,-0.16666666666666666,5.333333333333333,0.4166666666666667,0,0.0,0.0,0.4166666666666667,6.466666666666667,57.38988785163836,9.437816045639485,0,15.451812837844908,0
car,RB,0.9375,8,Rashaad Penny,28.0,8.5,47.375,0.25,0.0,2.0,0,0.0,0.625,0.75,2.625,0.0,0.0,-1.625,4.25,0.25,0,0.0,0.0,0.25,6.5,49.871561932209765,14.222381460872096,0,11.862108143022702,0
min,RB,0.8105263157894738,19,Myles Gaskin,27.0,9.631578947368421,33.578947368421055,0.15789473684210525,0.05263157894736842,1.4210526315789473,0,0.0,2.789473684210526,3.6315789473684212,13.789473684210526,0.21052631578947367,0.0,2.5789473684210527,14.210526315789474,0.6842105263157895,0,0.0,0.0,0.3684210526315789,6.842105263157896,46.86423156443832,12.63344667893255,0,11.336944111582293,0
atl,RB,1.0,17,Tyler Allgeier,24.0,10.941176470588236,40.1764705882353,0.23529411764705882,0.0,2.2941176470588234,0,0.0,1.0588235294117647,1.3529411764705883,11.352941176470589,0.058823529411764705,0.0,-1.3529411764705883,12.764705882352942,0.35294117647058826,0,0.058823529411764705,0.0,0.29411764705882354,6.91764705882353,46.36300983647641,7.513943652954624,0,12.51163371921244,0
dal,RB,1.0,17,Ezekiel Elliott,29.0,10.823529411764707,37.76470588235294,0.17647058823529413,0.0,1.9411764705882353,0,0.0,3.0,3.823529411764706,18.41176470588235,0.11764705882352941,0.058823529411764705,-2.4705882352941178,22.0,0.7058823529411765,0,0.0,0.0,0.29411764705882354,7.264705882352942,54.633168347847885,10.741696934588004,0,14.25270732153566,0
chi,RB,1.0,12,Khalil Herbert,26.0,11.0,50.916666666666664,0.16666666666666666,0.0,2.0833333333333335,0,0.08333333333333333,1.6666666666666667,2.5833333333333335,11.166666666666666,0.08333333333333333,0.08333333333333333,1.4166666666666667,11.5,0.75,0,0.0,0.0,0.25,7.541666666666667,54.13194661988597,11.557447090992914,0,13.884231101746268,0
nyg,RB,1.0,17,Devin Singletary,27.0,12.705882352941176,52.8235294117647,0.23529411764705882,0.0,2.3529411764705883,0,0.0,1.7647058823529411,2.235294117647059,11.352941176470589,0.0,0.0,0.29411764705882354,13.117647058823529,0.4117647058823529,0,0.0,0.0,0.23529411764705882,7.829411764705882,33.331244909466825,6.438620967877493,0,8.7253069601055,0
pit,RB,1.0,17,Jaylen Warren,26.0,8.764705882352942,46.11764705882353,0.23529411764705882,0.058823529411764705,2.1176470588235294,0,0.0,3.588235294117647,4.352941176470588,21.764705882352942,0.0,0.058823529411764705,-6.764705882352941,28.352941176470587,1.1176470588235294,0,0.0,0.0,0.23529411764705882,7.964705882352941,46.36300983647641,8.472317941649438,0,12.262456404151788,0
den,RB,1.0,16,Javonte Williams,24.0,13.5625,48.375,0.1875,0.0,2.5625,0,0.0625,2.9375,3.625,14.25,0.125,0.0625,-6.1875,18.8125,0.625,0,0.0625,0.0,0.3125,8.0125,70.92287450660986,12.9536826874965,0,18.75997934731319,0
car,RB,1.0,17,Chuba Hubbard,25.0,14.0,53.05882352941177,0.29411764705882354,0.0,3.4705882352941178,0,0.0,2.2941176470588234,2.588235294117647,13.705882352941176,0.0,0.0,-2.0,15.823529411764707,0.5294117647058824,0,0.0,0.0,0.29411764705882354,8.441176470588236,49.871561932209765,14.222381460872096,0,11.862108143022702,0
rav,RB,1.0,7,Keaton Mitchell,22.0,6.714285714285714,56.57142857142857,0.2857142857142857,0.0,2.7142857142857144,0,0.0,1.2857142857142858,1.5714285714285714,13.285714285714286,0.0,0.0,-0.2857142857142857,17.428571428571427,0.7142857142857143,0,0.0,0.0,0.2857142857142857,8.700000000000001,35.83735354927636,6.904745642344119,0,9.386020440364756,0
nwe,RB,1.0,12,Rhamondre Stevenson,26.0,13.0,51.583333333333336,0.3333333333333333,0.08333333333333333,3.0,0,0.0,3.1666666666666665,4.25,19.833333333333332,0.0,0.0,1.0833333333333333,21.75,0.6666666666666666,0,0.0,0.0,0.3333333333333333,8.975000000000001,52.62828143600025,12.60448542669046,0,13.14285759709256,0
sdg,RB,0.911111111111111,9,J.K. Dobbins,26.0,11.11111111111111,60.22222222222222,0.3333333333333333,0.0,3.0,0,0.0,1.0,1.2222222222222223,6.333333333333333,0.1111111111111111,0.0,0.7777777777777778,6.0,0.3333333333333333,0,0.0,0.0,0.4444444444444444,9.322222222222221,58.39233130756218,13.009566953032737,0,14.835919960170887,0
min,RB,1.0,11,Aaron Jones,30.0,12.909090909090908,59.63636363636363,0.18181818181818182,0.09090909090909091,3.090909090909091,0,0.0,2.727272727272727,3.909090909090909,21.181818181818183,0.09090909090909091,0.0,-4.363636363636363,24.636363636363637,1.1818181818181819,0,0.0,0.0,0.2727272727272727,9.536363636363637,46.86423156443832,12.63344667893255,0,11.336944111582293,0
was,RB,1.0,14,Austin Ekeler,29.0,12.785714285714286,44.857142857142854,0.35714285714285715,0.14285714285714285,2.4285714285714284,0,0.0,3.642857142857143,5.285714285714286,31.142857142857142,0.07142857142857142,0.14285714285714285,-5.857142857142857,38.07142857142857,1.5,0,0.0,0.0,0.42857142857142855,9.6,37.84224046112399,9.878284986168143,0,9.238424927466967,0
oti,RB,1.0,17,Tony Pollard,27.0,14.823529411764707,59.11764705882353,0.35294117647058826,0.058823529411764705,3.2941176470588234,0,0.058823529411764705,3.235294117647059,3.9411764705882355,18.294117647058822,0.0,0.0,1.588235294117647,18.88235294117647,0.7058823529411765,0,0.0,0.0,0.35294117647058826,9.741176470588236,46.36300983647641,11.6242524827737,0,11.44295342345948,0
pit,RB,1.0,17,Najee Harris,26.0,15.0,60.88235294117647,0.47058823529411764,0.058823529411764705,3.0,0,0.0,1.7058823529411764,2.235294117647059,10.0,0.0,0.0,0.5294117647058824,10.294117647058824,0.5294117647058824,0,0.0,0.0,0.47058823529411764,9.794117647058824,46.36300983647641,8.472317941649438,0,12.262456404151788,0
cle,RB,1.0,17,Jerome Ford,25.0,12.0,47.8235294117647,0.23529411764705882,0.0,1.9411764705882353,0,0.058823529411764705,2.588235294117647,3.7058823529411766,18.764705882352942,0.29411764705882354,0.0,1.7647058823529411,17.88235294117647,0.9411764705882353,0,0.0,0.0,0.5294117647058824,9.83529411764706,35.0855209573335,6.38429149507052,0,9.286766749969717,0
cin,RB,1.0,14,Zack Moss,27.0,13.071428571428571,56.714285714285715,0.35714285714285715,0.0,3.0714285714285716,0,0.0,1.9285714285714286,2.642857142857143,13.714285714285714,0.14285714285714285,0.0,-1.0,13.5,0.7142857142857143,0,0.07142857142857142,0.0,0.5,10.042857142857144,47.86667502036213,10.174745658945705,0,12.288968735027105,0
sdg,RB,1.0,17,Gus Edwards,29.0,11.647058823529411,47.64705882352941,0.7647058823529411,0.11764705882352941,2.8823529411764706,0,0.058823529411764705,0.7058823529411765,0.7647058823529411,10.588235294117647,0.0,0.0,1.8823529411764706,8.529411764705882,0.29411764705882354,0,0.0,0.0,0.7647058823529411,10.176470588235293,58.39233130756218,13.009566953032737,0,14.835919960170887,0
atl,RB,1.0,17,Bijan Robinson,22.0,12.588235294117647,57.411764705882355,0.23529411764705882,0.17647058823529413,2.9411764705882355,0,0.0,3.411764705882353,5.0588235294117645,28.647058823529413,0.23529411764705882,0.0,1.411764705882353,30.529411764705884,1.411764705882353,0,0.0,0.0,0.47058823529411764,11.076470588235297,46.36300983647641,7.513943652954624,0,12.51163371921244,0
gnb,RB,1.0,13,Josh Jacobs,26.0,17.923076923076923,61.92307692307692,0.46153846153846156,0.07692307692307693,2.6153846153846154,0,0.0,2.8461538461538463,4.153846153846154,22.76923076923077,0.0,0.0,2.923076923076923,22.53846153846154,1.1538461538461537,0,0.0,0.0,0.46153846153846156,11.084615384615386,53.88133575590502,12.8230247810059,0,13.476990312780831,0
buf,RB,1.0,17,James Cook,25.0,13.941176470588236,66.0,0.11764705882352941,0.058823529411764705,3.1176470588235294,0,0.0,2.588235294117647,3.176470588235294,26.176470588235293,0.23529411764705882,0.058823529411764705,8.058823529411764,23.41176470588235,0.9411764705882353,0,0.0,0.0,0.35294117647058826,11.100000000000001,37.09040786918113,11.285326838142094,0,8.63802227726757,0
nor,RB,1.0,13,Alvin Kamara,29.0,13.846153846153847,53.38461538461539,0.38461538461538464,0.0,3.230769230769231,0,0.15384615384615385,5.769230769230769,6.615384615384615,35.84615384615385,0.07692307692307693,0.0,0.38461538461538464,38.53846153846154,1.7692307692307692,0,0.07692307692307693,0.0,0.46153846153846156,11.692307692307693,57.38988785163836,9.437816045639485,0,15.451812837844908,0
tam,RB,1.0,17,Rachaad White,25.0,16.0,58.23529411764706,0.35294117647058826,0.058823529411764705,2.7058823529411766,0,0.0,3.764705882352941,4.117647058823529,32.294117647058826,0.17647058823529413,0.058823529411764705,-1.9411764705882353,35.94117647058823,1.3529411764705883,0,0.0,0.0,0.5294117647058824,11.994117647058825,35.33613182131445,9.170362320063637,0,8.640578925033566,0
kan,RB,1.0,14,Isiah Pacheco,25.0,14.642857142857142,66.78571428571429,0.5,0.07142857142857142,3.7857142857142856,0,0.0,3.142857142857143,3.5,17.428571428571427,0.14285714285714285,0.0,-8.071428571428571,25.642857142857142,0.8571428571428571,0,0.0,0.0,0.6428571428571429,12.13571428571429,44.859344652590686,12.19568776065944,0,10.82523671383684,0
rav,RB,1.0,17,Derrick Henry,30.0,16.470588235294116,68.6470588235294,0.7058823529411765,0.0,3.7058823529411766,0,0.0,1.6470588235294117,2.1176470588235294,12.588235294117647,0.0,0.0,-5.882352941176471,16.176470588235293,0.4117647058823529,0,0.0,0.0,0.7058823529411765,12.358823529411765,35.83735354927636,6.904745642344119,0,9.386020440364756,0
nyj,RB,1.0,17,Breece Hall,23.0,13.117647058823529,58.470588235294116,0.29411764705882354,0.0,2.3529411764705883,0,0.058823529411764705,4.470588235294118,5.588235294117647,34.76470588235294,0.23529411764705882,0.0,-2.823529411764706,38.1764705882353,1.6470588235294117,0,0.0,0.0,0.5294117647058824,12.500000000000002,35.0855209573335,10.613626249479308,0,8.187139713823433,0
htx,RB,1.0,17,Joe Mixon,28.0,15.117647058823529,60.8235294117647,0.5294117647058824,0.0,3.4705882352941178,0,0.0,3.0588235294117645,3.764705882352941,22.11764705882353,0.17647058823529413,0.0,-6.705882352941177,27.235294117647058,0.8235294117647058,0,0.058823529411764705,0.0,0.7058823529411765,12.52941176470588,32.328801453543015,7.2364731804188915,0,8.20510302659651,0
det,RB,1.0,15,Jahmyr Gibbs,22.0,12.133333333333333,63.0,0.6666666666666666,0.06666666666666667,2.8,0,0.0,3.466666666666667,4.733333333333333,21.066666666666666,0.06666666666666667,0.0,0.5333333333333333,20.933333333333334,1.3333333333333333,0,0.0,0.0,0.7333333333333333,12.673333333333336,46.61362070045736,9.49967027799756,0,12.073535386263334,0
phi,RB,1.0,14,Saquon Barkley,27.0,17.642857142857142,68.71428571428571,0.42857142857142855,0.14285714285714285,3.642857142857143,0,0.07142857142857142,2.9285714285714284,4.285714285714286,20.0,0.2857142857142857,0.0,9.571428571428571,16.142857142857142,1.1428571428571428,0,0.0,0.0,0.7142857142857143,12.87142857142857,53.12950316396216,14.57062837082567,0,12.78804161074152,0
jax,RB,1.0,17,Travis Etienne,25.0,15.705882352941176,59.294117647058826,0.6470588235294118,0.0,3.1176470588235294,0,0.11764705882352941,3.411764705882353,4.294117647058823,28.0,0.058823529411764705,0.0,-3.9411764705882355,30.764705882352942,1.3529411764705883,0,0.0,0.0,0.7058823529411765,12.964705882352943,29.572081949752523,5.65541393709543,0,7.756081944677975,0
crd,RB,1.0,13,James Conner,29.0,16.0,80.0,0.5384615384615384,0.0,4.384615384615385,0,0.0,2.076923076923077,2.5384615384615383,12.692307692307692,0.15384615384615385,0.0,-1.7692307692307692,17.0,0.8461538461538461,0,0.0,0.0,0.6923076923076923,13.423076923076923,42.854457740743065,8.496741511541593,0,11.16143802211102,0
det,RB,1.0,14,David Montgomery,27.0,15.642857142857142,72.5,0.9285714285714286,0.07142857142857142,4.214285714285714,0,0.07142857142857142,1.1428571428571428,1.7142857142857142,8.357142857142858,0.0,0.0,-1.3571428571428572,10.642857142857142,0.5,0,0.0,0.0,0.9285714285714286,13.514285714285714,46.61362070045736,9.49967027799756,0,12.073535386263334,0
clt,RB,1.0,10,Jonathan Taylor,25.0,16.9,74.1,0.7,0.0,4.2,0,0.0,1.9,2.3,15.3,0.1,0.0,-2.1,17.4,0.5,0,0.0,0.0,0.8,13.74,49.37034020424785,11.22889973391381,0,12.484032212907744,0
cle,RB,0.9105263157894737,19,Nick Chubb,29.0,17.36842105263158,89.21052631578948,0.631578947368421,0.05263157894736842,4.052631578947368,0,0.05263157894736842,1.631578947368421,2.1578947368421053,13.68421052631579,0.05263157894736842,0.0,0.05263157894736842,14.68421052631579,0.6842105263157895,0,0.0,0.0,0.6842105263157895,14.289473684210527,35.0855209573335,6.38429149507052,0,9.286766749969717,0
mia,RB,1.0,15,Raheem Mostert,32.0,13.933333333333334,67.46666666666667,1.2,0.06666666666666667,3.933333333333333,0,0.0,1.6666666666666667,2.1333333333333333,11.666666666666666,0.2,0.0,-1.3333333333333333,14.2,0.4,0,0.0,0.0,1.4,16.18,39.09529478102876,8.02253454026843,0,10.11187299121118,0
ram,RB,1.0,12,Kyren Williams,24.0,19.0,95.33333333333333,1.0,0.08333333333333333,5.166666666666667,0,0.08333333333333333,2.6666666666666665,4.0,17.166666666666668,0.25,0.08333333333333333,0.8333333333333334,23.083333333333332,0.75,0,0.0,0.0,1.25,18.416666666666668,41.10018169287638,10.534824154216832,0,10.084202408081058,0
sfo,RB,1.0,16,Christian McCaffrey,28.0,17.0,91.1875,0.875,0.125,5.1875,0,0.0,4.1875,5.1875,35.25,0.4375,0.0,9.5625,28.8125,1.9375,0,0.0,0.0,1.3125,20.26875,49.1197293402669,14.891843060300976,0,11.45347635848502,0
