team,position,penalty,GP,player_display_name,age,carries,rushing_yards,rushing_tds,rushing_fumbles_lost,rushing_first_downs,rushing_2pt_conversions,receptions,targets,receiving_yards,receiving_tds,receiving_fumbles_lost,receiving_air_yards,receiving_yards_after_catch,receiving_first_downs,receiving_2pt_conversions,special_teams_tds,rrtd,PPG,oline,qb,rb,wrte,dst
crd,WR,1.0,9,Zach Pascal,30.0,0.0,0.0,0.0,0.0,0.0,0.0,0.4444444444444444,1.6666666666666667,2.111111111111111,0.0,0.0,17.77777777777778,1.3333333333333333,0.1111111111111111,0.0,0.0,0.0,0.43333333333333335,0.0994475138121551,0.5678119349005424,0.9337231968810916,0.545348837209302,0.1283783783783763
dal,WR,0.8444444444444444,9,Racey McMath,25.0,0.1111111111111111,0.4444444444444444,0.0,0.0,0.0,0.0,0.4444444444444444,1.5555555555555556,5.333333333333333,0.0,0.1111111111111111,27.0,1.7777777777777777,0.1111111111111111,0.0,0.0,0.0,0.5777777777777777,0.2336227308603002,0.91500904159132,0.1695906432748537,0.4058139534883715,1.0
kan,WR,0.8999999999999999,9,Montrell Washington,25.0,0.5555555555555556,3.3333333333333335,0.0,0.0,0.0,0.0,0.4444444444444444,1.0,0.2222222222222222,0.0,0.0,17.0,1.4444444444444444,0.0,0.0,0.0,0.0,0.5777777777777777,0.5185477505919498,0.9240506329113922,0.3879142300194931,0.5546511627906976,0.2740240240240252
nyg,WR,0.9285714285714286,14,Gunner Olszewski,28.0,0.5714285714285714,2.7857142857142856,0.0,0.0,0.21428571428571427,0.0,0.5,0.6428571428571429,3.7857142857142856,0.0,0.14285714285714285,3.9285714285714284,0.9285714285714286,0.07142857142857142,0.0,0.14285714285714285,0.0,0.6214285714285714,0.0,0.4267631103074141,0.1325536062378169,0.4593023255813953,0.3355855855855862
nyg,WR,0.9571428571428572,7,Miles Boykin,28.0,0.0,0.0,0.0,0.0,0.0,0.0,0.7142857142857143,1.0,4.0,0.0,0.0,9.285714285714286,0.2857142857142857,0.14285714285714285,0.0,0.0,0.0,0.7571428571428571,0.0,0.4267631103074141,0.1325536062378169,0.4593023255813953,0.3355855855855862
dal,WR,0.82,10,Tyron Johnson,28.0,0.0,0.0,0.0,0.0,0.0,0.0,0.6,1.2,4.8,0.0,0.0,20.0,3.8,0.2,0.0,0.0,0.0,0.78,0.2336227308603002,0.91500904159132,0.1695906432748537,0.4058139534883715,1.0
dal,TE,1.0,7,Peyton Hendershot,25.0,0.14285714285714285,0.0,0.0,0.0,0.0,0.0,0.5714285714285714,1.0,5.428571428571429,0.0,0.0,3.857142857142857,4.0,0.14285714285714285,0.0,0.0,0.0,0.8285714285714286,0.2336227308603002,0.91500904159132,0.1695906432748537,0.4058139534883715,1.0
chi,WR,1.0,8,DeAndre Carter,31.0,0.375,2.25,0.0,0.0,0.25,0.0,0.5,0.875,4.875,0.0,0.0,0.5,6.25,0.0,0.0,0.0,0.0,0.9625,0.4175217048145221,0.9204339963833632,0.3684210526315792,0.96860465116279,0.2747747747747748
nyg,TE,0.9400000000000001,10,Chris Manhertz,32.0,0.0,0.0,0.0,0.0,0.0,0.0,0.8,1.2,5.8,0.0,0.0,3.3,4.5,0.3,0.0,0.0,0.0,0.98,0.0,0.4267631103074141,0.1325536062378169,0.4593023255813953,0.3355855855855862
rav,WR,0.9285714285714286,7,Tylan Wallace,25.0,0.0,0.0,0.0,0.0,0.0,0.0,0.7142857142857143,1.2857142857142858,6.285714285714286,0.0,0.0,16.714285714285715,1.2857142857142858,0.2857142857142857,0.0,0.14285714285714285,0.0,0.9857142857142858,0.653512233622731,0.922242314647378,0.680311890838206,0.3395348837209302,0.7312312312312299
car,WR,0.9,12,Cam Sims,28.0,0.0,0.0,0.0,0.0,0.0,0.0,0.6666666666666666,1.5,7.416666666666667,0.0,0.0,19.333333333333332,1.5,0.4166666666666667,0.0,0.0,0.0,1.075,0.3417521704814521,0.3001808318264014,0.8421052631578942,0.3825581395348836,0.3671171171171163
clt,WR,0.8555555555555556,9,Juwann Winfree,28.0,0.0,0.0,0.0,0.0,0.0,0.0,1.0,2.0,8.333333333333334,0.0,0.1111111111111111,17.0,4.0,0.6666666666666666,0.0,0.0,0.0,1.1111111111111112,0.7316495659037092,0.2314647377938518,0.130604288499025,0.2965116279069768,0.671171171171169
nwe,TE,1.0,9,Mitchell Wilcox,28.0,0.0,0.0,0.0,0.0,0.0,0.0,1.0,1.3333333333333333,6.222222222222222,0.0,0.0,1.3333333333333333,5.333333333333333,0.2222222222222222,0.0,0.0,0.0,1.1222222222222222,0.4577742699289659,0.8173598553345387,0.2417153996101362,0.1046511627906974,0.561561561561561
gnb,TE,0.8555555555555556,9,Tyler Davis,27.0,0.0,0.0,0.0,0.0,0.0,0.0,0.8888888888888888,1.3333333333333333,6.777777777777778,0.0,0.0,7.222222222222222,4.444444444444445,0.2222222222222222,0.0,0.0,0.0,1.1222222222222222,0.5161799526440412,0.7992766726943941,0.2962962962962963,0.3186046511627909,0.6021021021021014
ram,TE,0.8555555555555556,9,Tyler Davis,27.0,0.0,0.0,0.0,0.0,0.0,0.0,0.8888888888888888,1.3333333333333333,6.777777777777778,0.0,0.0,7.222222222222222,4.444444444444445,0.2222222222222222,0.0,0.0,0.0,1.1222222222222222,0.5509076558800321,0.8824593128390597,0.7582846003898633,0.38953488372093,0.2695195195195197
cle,WR,0.9222222222222223,9,James Proche,28.0,0.0,0.0,0.0,0.0,0.0,0.0,0.8888888888888888,2.4444444444444446,6.888888888888889,0.0,0.0,26.77777777777778,1.7777777777777777,0.3333333333333333,0.0,0.0,0.0,1.1333333333333333,0.4530386740331487,0.5045207956600362,0.4756335282651065,0.2209302325581394,0.6771771771771764
car,TE,1.0,7,Ian Thomas,28.0,0.0,0.0,0.0,0.0,0.0,0.0,0.7142857142857143,1.2857142857142858,8.0,0.0,0.0,11.142857142857142,4.714285714285714,0.14285714285714285,0.0,0.0,0.0,1.1571428571428573,0.3417521704814521,0.3001808318264014,0.8421052631578942,0.3825581395348836,0.3671171171171163
sfo,WR,0.9333333333333333,9,Trent Taylor,30.0,0.5555555555555556,1.4444444444444444,0.0,0.0,0.0,0.0,0.6666666666666666,1.3333333333333333,6.888888888888889,0.0,0.0,5.0,4.777777777777778,0.1111111111111111,0.0,0.0,0.0,1.1666666666666667,0.3520126282557223,0.867992766726944,0.6822612085769979,1.0,0.942942942942941
buf,WR,0.8857142857142858,7,Andy Isabella,28.0,0.2857142857142857,0.2857142857142857,0.0,0.0,0.0,0.0,0.7142857142857143,1.5714285714285714,7.857142857142857,0.0,0.0,20.857142857142858,2.4285714285714284,0.7142857142857143,0.0,0.0,0.0,1.1714285714285715,0.5074980268350431,0.9529837251356236,0.6569200779727091,0.3453488372093023,0.5195195195195188
pit,TE,1.0,8,Darnell Washington,23.0,0.0,0.0,0.0,0.0,0.0,0.0,0.875,1.25,7.625,0.0,0.0,1.375,6.25,0.5,0.0,0.0,0.0,1.2000000000000002,0.4925019731649569,0.6889692585895117,0.5692007797270953,0.1825581395348834,0.7087087087087065
cle,WR,0.8461538461538461,13,Jaelon Darden,25.0,0.23076923076923078,1.1538461538461537,0.0,0.0,0.07692307692307693,0.0,0.7692307692307693,1.2307692307692308,7.3076923076923075,0.0,0.0,13.538461538461538,4.3076923076923075,0.23076923076923078,0.0,0.0,0.0,1.2307692307692308,0.4530386740331487,0.5045207956600362,0.4756335282651065,0.2209302325581394,0.6771771771771764
atl,TE,0.8888888888888888,9,Charlie Woerner,27.0,0.0,0.0,0.0,0.0,0.0,0.0,0.8888888888888888,1.2222222222222223,9.333333333333334,0.0,0.0,11.88888888888889,3.2222222222222223,0.4444444444444444,0.0,0.0,0.0,1.3777777777777778,0.7355958958168909,0.8444846292947557,0.5165692007797271,0.0,0.4752252252252242
clt,WR,0.7777777777777778,9,Tyrie Cleveland,27.0,0.0,0.0,0.0,0.0,0.0,0.0,0.8888888888888888,1.8888888888888888,10.11111111111111,0.0,0.0,20.333333333333332,3.888888888888889,0.5555555555555556,0.0,0.0,0.0,1.4555555555555555,0.7316495659037092,0.2314647377938518,0.130604288499025,0.2965116279069768,0.671171171171169
gnb,WR,1.0,8,Samori Toure,26.0,0.0,0.0,0.0,0.0,0.0,0.0,1.0,2.25,9.75,0.0,0.0,39.5,2.25,0.5,0.125,0.0,0.0,1.475,0.5161799526440412,0.7992766726943941,0.2962962962962963,0.3186046511627909,0.6021021021021014
det,TE,0.8999999999999999,9,Parker Hesse,29.0,0.0,0.0,0.0,0.0,0.0,0.0,1.0,1.2222222222222223,9.88888888888889,0.0,0.0,7.222222222222222,4.0,0.6666666666666666,0.0,0.0,0.0,1.488888888888889,1.0,0.8372513562386981,0.5925925925925921,0.5895348837209302,0.4339339339339343
min,TE,1.0,11,Robert Tonyan,30.0,0.0,0.0,0.0,0.0,0.0,0.0,1.0,1.5454545454545454,10.181818181818182,0.0,0.0,13.181818181818182,5.181818181818182,0.5454545454545454,0.0,0.0,0.0,1.5181818181818183,0.3938437253354379,0.9258589511754068,0.6179337231968809,0.5162790697674415,0.8295795795795788
jax,WR,1.0,9,Tim Jones,26.0,0.0,0.0,0.0,0.0,0.0,0.0,1.2222222222222223,2.0,9.222222222222221,0.0,0.0,16.88888888888889,3.4444444444444446,0.4444444444444444,0.0,0.0,0.0,1.5333333333333332,0.209944751381216,0.72875226039783,0.0740740740740744,0.3372093023255806,0.5683183183183171
cle,TE,1.0,13,Jordan Akins,32.0,0.0,0.0,0.0,0.0,0.0,0.0,1.1538461538461537,1.7692307692307692,10.153846153846153,0.0,0.0,8.384615384615385,4.461538461538462,0.46153846153846156,0.0,0.0,0.0,1.5923076923076922,0.4530386740331487,0.5045207956600362,0.4756335282651065,0.2209302325581394,0.6771771771771764
det,TE,0.875,8,Sean McKeon,27.0,0.0,0.0,0.0,0.0,0.0,0.0,0.75,1.375,4.75,0.125,0.0,5.125,2.125,0.375,0.0,0.0,0.125,1.6,1.0,0.8372513562386981,0.5925925925925921,0.5895348837209302,0.4339339339339343
oti,TE,0.9090909090909091,11,Nick Vannett,31.0,0.0,0.0,0.0,0.0,0.0,0.0,1.1818181818181819,1.7272727272727273,10.272727272727273,0.0,0.0,5.909090909090909,5.818181818181818,0.2727272727272727,0.0,0.0,0.0,1.6181818181818182,0.5406471981057615,0.4394213381555154,0.5614035087719298,0.2116279069767439,0.0
rai,TE,0.9,14,Zach Gentry,28.0,0.0,0.0,0.0,0.0,0.0,0.0,1.3571428571428572,1.6428571428571428,9.428571428571429,0.0,0.0,4.571428571428571,7.285714285714286,0.42857142857142855,0.0,0.0,0.0,1.6214285714285714,0.2991318074191005,0.4792043399638337,0.1559454191033138,0.4767441860465116,0.2860360360360356
htx,WR,1.0,11,Xavier Hutchinson,24.0,0.45454545454545453,4.454545454545454,0.0,0.0,0.2727272727272727,0.0,0.7272727272727273,1.7272727272727273,8.181818181818182,0.0,0.0,19.636363636363637,1.8181818181818181,0.2727272727272727,0.0,0.0,0.0,1.6272727272727274,0.0276243093922654,0.7902350813743217,0.2241715399610138,0.8093023255813949,0.4684684684684672
nyg,WR,1.0,9,Isaiah McKenzie,29.0,0.3333333333333333,1.5555555555555556,0.0,0.0,0.0,0.0,1.2222222222222223,1.5555555555555556,9.11111111111111,0.0,0.0,3.888888888888889,8.0,0.4444444444444444,0.0,0.0,0.0,1.6777777777777778,0.0,0.4267631103074141,0.1325536062378169,0.4593023255813953,0.3355855855855862
nyg,TE,0.9357142857142857,14,Jack Stoll,26.0,0.0,0.0,0.0,0.0,0.0,0.0,1.1428571428571428,1.5714285714285714,11.5,0.0,0.0,8.214285714285714,5.285714285714286,0.5,0.0,0.0,0.0,1.7214285714285715,0.0,0.4267631103074141,0.1325536062378169,0.4593023255813953,0.3355855855855862
sdg,WR,1.0,14,Derius Davis,24.0,1.0,7.214285714285714,0.0,0.0,0.35714285714285715,0.0,1.0714285714285714,1.2142857142857142,4.714285714285714,0.0,0.0,-2.7142857142857144,8.214285714285714,0.0,0.0,0.07142857142857142,0.0,1.7285714285714286,0.4640883977900549,0.833634719710669,0.0331384015594542,0.2860465116279065,0.400150150150151
htx,WR,1.0,14,John Metchie,24.0,0.07142857142857142,0.2857142857142857,0.0,0.0,0.0,0.0,1.1428571428571428,2.142857142857143,11.285714285714286,0.0,0.0,19.0,6.0,0.5,0.0,0.0,0.0,1.7285714285714286,0.0276243093922654,0.7902350813743217,0.2241715399610138,0.8093023255813949,0.4684684684684672
tam,WR,1.0,10,Sterling Shepard,31.0,0.1,0.6,0.0,0.0,0.0,0.0,1.0,2.2,5.7,0.1,0.0,16.0,3.3,0.4,0.0,0.0,0.1,1.7300000000000002,0.2865035516969221,0.6835443037974682,0.5886939571150096,0.1546511627906976,0.4121621621621623
was,TE,1.0,14,John Bates,27.0,0.0,0.0,0.0,0.0,0.0,0.0,1.3571428571428572,2.0,10.785714285714286,0.0,0.0,12.5,4.642857142857143,0.42857142857142855,0.0,0.0,0.0,1.7571428571428573,0.5138121546961325,1.0,0.1949317738791425,0.0848837209302324,0.2907907907907914
car,WR,0.9285714285714286,7,Mike Strachan,27.0,0.0,0.0,0.0,0.0,0.0,0.0,0.5714285714285714,1.7142857142857142,14.857142857142858,0.0,0.0,28.857142857142858,3.0,0.5714285714285714,0.0,0.0,0.0,1.7714285714285714,0.3417521704814521,0.3001808318264014,0.8421052631578942,0.3825581395348836,0.3671171171171163
oti,TE,0.7857142857142857,7,Devin Asiasi,27.0,0.0,0.0,0.0,0.0,0.0,0.0,0.5714285714285714,1.5714285714285714,6.285714285714286,0.14285714285714285,0.0,18.0,0.8571428571428571,0.2857142857142857,0.0,0.0,0.14285714285714285,1.7714285714285714,0.5406471981057615,0.4394213381555154,0.5614035087719298,0.2116279069767439,0.0
det,TE,0.9,8,Anthony Firkser,29.0,0.0,0.0,0.0,0.0,0.0,0.0,1.125,1.625,12.5,0.0,0.0,13.5,2.5,0.625,0.0,0.0,0.0,1.8125,1.0,0.8372513562386981,0.5925925925925921,0.5895348837209302,0.4339339339339343
was,WR,0.9,7,Dax Milne,25.0,0.0,0.0,0.0,0.0,0.0,0.0,0.8571428571428571,1.0,5.285714285714286,0.14285714285714285,0.0,5.428571428571429,1.8571428571428572,0.2857142857142857,0.0,0.0,0.14285714285714285,1.8142857142857143,0.5138121546961325,1.0,0.1949317738791425,0.0848837209302324,0.2907907907907914
det,WR,1.0,24,Donovan Peoples-Jones,25.0,0.0,0.0,0.0,0.0,0.0,0.0,1.0833333333333333,2.0833333333333335,12.916666666666666,0.0,0.0,22.75,2.9166666666666665,0.5833333333333334,0.0,0.0,0.0,1.8333333333333335,1.0,0.8372513562386981,0.5925925925925921,0.5895348837209302,0.4339339339339343
car,TE,1.0,10,Stephen Sullivan,28.0,0.0,0.0,0.0,0.0,0.0,0.0,1.2,2.4,12.5,0.0,0.0,25.5,0.8,0.5,0.0,0.0,0.0,1.85,0.3417521704814521,0.3001808318264014,0.8421052631578942,0.3825581395348836,0.3671171171171163
htx,WR,1.0,9,Ben Skowronek,27.0,0.2222222222222222,1.0,0.0,0.0,0.1111111111111111,0.0,0.8888888888888888,1.3333333333333333,7.333333333333333,0.1111111111111111,0.0,9.777777777777779,3.3333333333333335,0.3333333333333333,0.0,0.0,0.1111111111111111,1.9444444444444444,0.0276243093922654,0.7902350813743217,0.2241715399610138,0.8093023255813949,0.4684684684684672
sfo,TE,0.9352941176470588,17,Eric Saubert,30.0,0.0,0.0,0.0,0.0,0.0,0.0,1.2352941176470589,1.7647058823529411,10.117647058823529,0.058823529411764705,0.0,12.588235294117647,5.117647058823529,0.47058823529411764,0.0,0.0,0.058823529411764705,1.9823529411764707,0.3520126282557223,0.867992766726944,0.6822612085769979,1.0,0.942942942942941
den,WR,0.9,7,Michael Bandy,27.0,0.0,0.0,0.0,0.0,0.0,0.0,1.4285714285714286,3.0,12.714285714285714,0.0,0.0,26.285714285714285,3.5714285714285716,0.7142857142857143,0.0,0.0,0.0,1.9857142857142858,0.5051302288871349,0.969258589511754,0.1773879142300192,0.0720930232558139,0.1118618618618612
chi,TE,0.8125000000000001,8,Tommy Sweeney,29.0,0.0,0.0,0.0,0.0,0.0,0.0,1.25,1.625,6.375,0.125,0.0,8.5,2.75,0.5,0.0,0.0,0.125,2.0125,0.4175217048145221,0.9204339963833632,0.3684210526315792,0.96860465116279,0.2747747747747748
dal,TE,1.0,11,Luke Schoonmaker,26.0,0.0,0.0,0.0,0.0,0.0,0.0,0.7272727272727273,1.3636363636363635,5.909090909090909,0.18181818181818182,0.0,7.363636363636363,2.4545454545454546,0.45454545454545453,0.0,0.0,0.18181818181818182,2.0454545454545454,0.2336227308603002,0.91500904159132,0.1695906432748537,0.4058139534883715,1.0
cle,TE,0.9142857142857144,7,Giovanni Ricci,28.0,0.0,0.0,0.0,0.0,0.0,0.0,1.2857142857142858,1.4285714285714286,14.571428571428571,0.0,0.0,7.714285714285714,7.857142857142857,0.42857142857142855,0.0,0.0,0.0,2.1,0.4530386740331487,0.5045207956600362,0.4756335282651065,0.2209302325581394,0.6771771771771764
chi,WR,1.0,13,Tyler Scott,23.0,0.5384615384615384,3.1538461538461537,0.0,0.0,0.15384615384615385,0.0,1.3076923076923077,2.4615384615384617,12.923076923076923,0.0,0.07692307692307693,28.46153846153846,5.384615384615385,0.7692307692307693,0.0,0.0,0.0,2.1076923076923078,0.4175217048145221,0.9204339963833632,0.3684210526315792,0.96860465116279,0.2747747747747748
nwe,WR,1.0,9,Jalen Reagor,25.0,0.1111111111111111,1.8888888888888888,0.0,0.0,0.1111111111111111,0.0,0.7777777777777778,2.5555555555555554,15.333333333333334,0.0,0.0,39.888888888888886,2.0,0.5555555555555556,0.0,0.1111111111111111,0.0,2.111111111111111,0.4577742699289659,0.8173598553345387,0.2417153996101362,0.1046511627906974,0.561561561561561
gnb,WR,1.0,12,Malik Heath,24.0,0.0,0.0,0.0,0.0,0.0,0.0,1.25,2.0,10.416666666666666,0.08333333333333333,0.0,17.5,2.9166666666666665,0.5,0.0,0.0,0.08333333333333333,2.166666666666667,0.5161799526440412,0.7992766726943941,0.2962962962962963,0.3186046511627909,0.6021021021021014
jax,TE,0.9307692307692308,13,Josiah Deguara,27.0,0.0,0.0,0.0,0.0,0.0,0.0,1.6153846153846154,1.7692307692307692,13.76923076923077,0.0,0.0,5.769230769230769,7.846153846153846,0.5384615384615384,0.0,0.0,0.0,2.184615384615385,0.209944751381216,0.72875226039783,0.0740740740740744,0.3372093023255806,0.5683183183183171
htx,WR,0.9153846153846155,13,Steven Sims,27.0,1.0769230769230769,5.461538461538462,0.0,0.0,0.38461538461538464,0.0,1.3076923076923077,2.0,9.923076923076923,0.0,0.0,9.76923076923077,6.6923076923076925,0.46153846153846156,0.0,0.0,0.0,2.1923076923076925,0.0276243093922654,0.7902350813743217,0.2241715399610138,0.8093023255813949,0.4684684684684672
chi,WR,0.8250000000000001,8,Collin Johnson,27.0,0.0,0.0,0.0,0.0,0.0,0.0,1.5,2.75,14.5,0.0,0.0,23.125,2.75,0.875,0.0,0.0,0.0,2.2,0.4175217048145221,0.9204339963833632,0.3684210526315792,0.96860465116279,0.2747747747747748
tam,TE,0.9272727272727272,11,Ko Kieft,26.0,0.0,0.0,0.0,0.0,0.0,0.0,0.7272727272727273,1.3636363636363635,7.454545454545454,0.18181818181818182,0.0,10.727272727272727,3.0,0.5454545454545454,0.0,0.0,0.18181818181818182,2.2,0.2865035516969221,0.6835443037974682,0.5886939571150096,0.1546511627906976,0.4121621621621623
was,WR,1.0,13,Dyami Brown,25.0,0.07692307692307693,0.0,0.0,0.0,0.0,0.0,0.9230769230769231,1.7692307692307692,12.923076923076923,0.07692307692307693,0.0,29.76923076923077,5.846153846153846,0.6153846153846154,0.0,0.0,0.07692307692307693,2.2153846153846155,0.5138121546961325,1.0,0.1949317738791425,0.0848837209302324,0.2907907907907914
min,WR,1.0,9,Trent Sherfield,28.0,0.0,0.0,0.0,0.0,0.0,0.0,1.2222222222222223,2.4444444444444446,9.555555555555555,0.1111111111111111,0.0,21.11111111111111,5.444444444444445,0.4444444444444444,0.0,0.0,0.1111111111111111,2.2333333333333334,0.3938437253354379,0.9258589511754068,0.6179337231968809,0.5162790697674415,0.8295795795795788
pit,WR,1.0,28,Van Jefferson,28.0,0.07142857142857142,0.2857142857142857,0.0,0.0,0.0,0.0,1.4285714285714286,3.0714285714285716,14.928571428571429,0.0,0.0,49.0,1.7857142857142858,0.7142857142857143,0.0,0.0,0.0,2.2357142857142858,0.4925019731649569,0.6889692585895117,0.5692007797270953,0.1825581395348834,0.7087087087087065
car,WR,0.95,8,David Moore,29.0,0.0,0.0,0.0,0.0,0.0,0.0,0.625,1.375,11.75,0.125,0.0,13.125,7.75,0.375,0.0,0.0,0.125,2.2375,0.3417521704814521,0.3001808318264014,0.8421052631578942,0.3825581395348836,0.3671171171171163
nwe,TE,1.0,16,Austin Hooper,30.0,0.0,0.0,0.0,0.0,0.0,0.0,1.5625,1.9375,14.625,0.0,0.0,8.125,8.875,0.75,0.0,0.0,0.0,2.2437500000000004,0.4577742699289659,0.8173598553345387,0.2417153996101362,0.1046511627906974,0.561561561561561
sdg,TE,1.0,12,Stone Smartt,26.0,0.0,0.0,0.0,0.0,0.0,0.0,0.9166666666666666,1.75,12.916666666666666,0.08333333333333333,0.0,15.0,4.666666666666667,0.5,0.0,0.0,0.08333333333333333,2.25,0.4640883977900549,0.833634719710669,0.0331384015594542,0.2860465116279065,0.400150150150151
phi,TE,1.0,7,C.J. Uzomah,31.0,0.0,0.0,0.0,0.0,0.0,0.0,1.1428571428571428,1.7142857142857142,8.285714285714286,0.14285714285714285,0.0,9.142857142857142,4.714285714285714,0.7142857142857143,0.0,0.0,0.14285714285714285,2.257142857142857,0.5240726124704027,0.8553345388788427,0.0,0.3720930232558137,0.3633633633633639
den,WR,0.9,7,David Sills,28.0,0.0,0.0,0.0,0.0,0.0,0.0,1.5714285714285714,2.4285714285714284,15.142857142857142,0.0,0.0,19.0,5.714285714285714,1.0,0.0,0.0,0.0,2.3,0.5051302288871349,0.969258589511754,0.1773879142300192,0.0720930232558139,0.1118618618618612
nwe,WR,1.0,9,Tyquan Thornton,24.0,0.3333333333333333,5.666666666666667,0.0,0.0,0.1111111111111111,0.0,1.4444444444444444,2.5555555555555554,10.11111111111111,0.0,0.0,25.555555555555557,5.555555555555555,0.3333333333333333,0.0,0.0,0.0,2.3000000000000003,0.4577742699289659,0.8173598553345387,0.2417153996101362,0.1046511627906974,0.561561561561561
nyj,WR,0.7777777777777777,9,Malik Taylor,29.0,0.1111111111111111,1.0,0.0,0.0,0.0,0.0,1.0,1.4444444444444444,10.333333333333334,0.1111111111111111,0.0,17.666666666666668,6.888888888888889,0.5555555555555556,0.0,0.0,0.1111111111111111,2.3000000000000003,0.5564325177584846,0.0,0.3099415204678362,0.4639534883720926,0.963213213213212
nyj,TE,1.0,10,Jeremy Ruckert,24.0,0.0,0.0,0.0,0.0,0.0,0.0,1.6,2.2,15.1,0.0,0.0,13.9,5.1,0.6,0.0,0.0,0.0,2.31,0.5564325177584846,0.0,0.3099415204678362,0.4639534883720926,0.963213213213212
atl,WR,1.0,13,KhaDarel Hodge,29.0,0.07692307692307693,0.0,0.0,0.0,0.0,0.0,1.0769230769230769,1.7692307692307692,17.846153846153847,0.0,0.0,25.384615384615383,6.384615384615385,1.0,0.0,0.0,0.0,2.3230769230769233,0.7355958958168909,0.8444846292947557,0.5165692007797271,0.0,0.4752252252252242
phi,TE,0.9285714285714286,7,Grant Calcaterra,26.0,0.0,0.0,0.0,0.0,0.0,0.0,1.2857142857142858,1.8571428571428572,17.142857142857142,0.0,0.0,12.571428571428571,10.428571428571429,0.8571428571428571,0.0,0.0,0.0,2.357142857142857,0.5240726124704027,0.8553345388788427,0.0,0.3720930232558137,0.3633633633633639
rav,WR,1.0,12,Deonte Harty,27.0,0.3333333333333333,0.0,0.0,0.0,0.0,0.0,1.25,1.75,12.5,0.08333333333333333,0.0,18.916666666666668,6.583333333333333,0.75,0.0,0.08333333333333333,0.08333333333333333,2.375,0.653512233622731,0.922242314647378,0.680311890838206,0.3395348837209302,0.7312312312312299
pit,TE,1.0,9,MyCole Pruitt,32.0,0.0,0.0,0.0,0.0,0.0,0.0,1.0,1.3333333333333333,12.222222222222221,0.1111111111111111,0.0,6.888888888888889,5.666666666666667,0.6666666666666666,0.0,0.0,0.1111111111111111,2.388888888888889,0.4925019731649569,0.6889692585895117,0.5692007797270953,0.1825581395348834,0.7087087087087065
sfo,WR,0.911111111111111,9,Chris Conley,32.0,0.0,0.0,0.0,0.0,0.0,0.0,1.2222222222222223,2.2222222222222223,17.88888888888889,0.0,0.0,27.555555555555557,3.7777777777777777,0.6666666666666666,0.0,0.0,0.0,2.4000000000000004,0.3520126282557223,0.867992766726944,0.6822612085769979,1.0,0.942942942942941
det,WR,0.8454545454545456,11,Tom Kennedy,28.0,0.0,0.0,0.0,0.0,0.0,0.0,1.2727272727272727,2.272727272727273,17.727272727272727,0.0,0.0,19.181818181818183,8.181818181818182,0.8181818181818182,0.0,0.0,0.0,2.409090909090909,1.0,0.8372513562386981,0.5925925925925921,0.5895348837209302,0.4339339339339343
rai,TE,1.0,13,Harrison Bryant,26.0,0.38461538461538464,0.6153846153846154,0.0,0.07692307692307693,0.3076923076923077,0.0,1.0,1.5384615384615385,6.230769230769231,0.23076923076923078,0.0,6.230769230769231,2.6923076923076925,0.3076923076923077,0.0,0.0,0.23076923076923078,2.4153846153846152,0.2991318074191005,0.4792043399638337,0.1559454191033138,0.4767441860465116,0.2860360360360356
jax,TE,1.0,9,Luke Farrell,27.0,0.0,0.0,0.0,0.0,0.0,0.0,1.4444444444444444,1.6666666666666667,17.22222222222222,0.0,0.0,7.888888888888889,10.666666666666666,0.5555555555555556,0.0,0.0,0.0,2.4444444444444446,0.209944751381216,0.72875226039783,0.0740740740740744,0.3372093023255806,0.5683183183183171
crd,WR,0.9,7,Jeff Smith,27.0,0.0,0.0,0.0,0.0,0.0,0.0,1.1428571428571428,1.5714285714285714,19.142857142857142,0.0,0.0,20.571428571428573,5.285714285714286,0.7142857142857143,0.0,0.0,0.0,2.4857142857142858,0.0994475138121551,0.5678119349005424,0.9337231968810916,0.545348837209302,0.1283783783783763
oti,TE,1.0,8,Josh Whyle,25.0,0.0,0.0,0.0,0.0,0.0,0.0,1.125,1.875,11.75,0.125,0.0,18.25,5.0,1.0,0.0,0.0,0.125,2.4875,0.5406471981057615,0.4394213381555154,0.5614035087719298,0.2116279069767439,0.0
was,TE,1.0,7,Cole Turner,24.0,0.0,0.0,0.0,0.0,0.0,0.0,1.5714285714285714,2.142857142857143,17.142857142857142,0.0,0.0,14.571428571428571,7.142857142857143,0.5714285714285714,0.0,0.0,0.0,2.5,0.5138121546961325,1.0,0.1949317738791425,0.0848837209302324,0.2907907907907914
mia,WR,0.8333333333333335,18,Anthony Schwartz,24.0,0.5555555555555556,5.333333333333333,0.05555555555555555,0.0,0.3333333333333333,0.0,0.7777777777777778,1.8333333333333333,10.333333333333334,0.05555555555555555,0.05555555555555555,29.88888888888889,2.0555555555555554,0.4444444444444444,0.0,0.0,0.1111111111111111,2.511111111111111,0.3007103393843731,0.8589511754068717,1.0,0.6627906976744184,0.721471471471471
buf,WR,1.0,14,Chase Claypool,26.0,0.0,0.0,0.0,0.0,0.0,0.0,1.1428571428571428,3.0,11.0,0.14285714285714285,0.0,32.857142857142854,3.5714285714285716,0.5714285714285714,0.0,0.0,0.14285714285714285,2.5285714285714285,0.5074980268350431,0.9529837251356236,0.6569200779727091,0.3453488372093023,0.5195195195195188
phi,WR,1.0,8,Parris Campbell,27.0,0.0,0.0,0.0,0.0,0.0,0.0,2.5,3.375,13.0,0.0,0.0,11.375,8.125,0.25,0.0,0.0,0.0,2.55,0.5240726124704027,0.8553345388788427,0.0,0.3720930232558137,0.3633633633633639
pit,TE,1.0,11,Connor Heyward,25.0,0.09090909090909091,0.0,0.0,0.0,0.0,0.0,2.090909090909091,3.090909090909091,15.181818181818182,0.0,0.0,15.909090909090908,8.545454545454545,0.7272727272727273,0.0,0.0,0.0,2.5636363636363635,0.4925019731649569,0.6889692585895117,0.5692007797270953,0.1825581395348834,0.7087087087087065
den,WR,0.9125,16,Phillip Dorsett,31.0,0.0,0.0,0.0,0.0,0.0,0.0,1.25,2.6875,16.0625,0.0625,0.0,32.6875,3.875,0.6875,0.0,0.0,0.0625,2.60625,0.5051302288871349,0.969258589511754,0.1773879142300192,0.0720930232558139,0.1118618618618612
sdg,TE,1.0,12,Will Dissly,28.0,0.0,0.0,0.0,0.0,0.0,0.0,1.4166666666666667,1.8333333333333333,14.333333333333334,0.08333333333333333,0.0,5.166666666666667,10.0,0.6666666666666666,0.0,0.0,0.08333333333333333,2.641666666666667,0.4640883977900549,0.833634719710669,0.0331384015594542,0.2860465116279065,0.400150150150151
det,TE,0.9199999999999999,10,James Mitchell,25.0,0.0,0.0,0.0,0.0,0.0,0.0,1.3,1.3,14.1,0.1,0.0,6.7,7.4,0.8,0.0,0.0,0.1,2.66,1.0,0.8372513562386981,0.5925925925925921,0.5895348837209302,0.4339339339339343
pit,WR,0.8999999999999999,9,Denzel Mims,27.0,0.0,0.0,0.0,0.0,0.0,0.0,1.2222222222222223,2.7777777777777777,20.666666666666668,0.0,0.0,34.77777777777778,8.333333333333334,0.7777777777777778,0.0,0.0,0.0,2.677777777777778,0.4925019731649569,0.6889692585895117,0.5692007797270953,0.1825581395348834,0.7087087087087065
clt,TE,1.0,11,Will Mallory,25.0,0.0,0.0,0.0,0.0,0.0,0.0,1.6363636363636365,2.3636363636363638,18.818181818181817,0.0,0.0,18.454545454545453,8.090909090909092,1.0,0.0,0.0,0.0,2.7,0.7316495659037092,0.2314647377938518,0.130604288499025,0.2965116279069768,0.671171171171169
det,TE,1.0,8,Brock Wright,26.0,0.0,0.0,0.0,0.0,0.0,0.0,1.625,1.75,11.375,0.125,0.0,5.0,6.125,0.25,0.0,0.0,0.125,2.7,1.0,0.8372513562386981,0.5925925925925921,0.5895348837209302,0.4339339339339343
den,TE,1.0,7,Lucas Krull,26.0,0.0,0.0,0.0,0.0,0.0,0.0,1.1428571428571428,2.0,13.571428571428571,0.14285714285714285,0.0,19.0,7.142857142857143,0.7142857142857143,0.0,0.0,0.14285714285714285,2.7857142857142856,0.5051302288871349,0.969258589511754,0.1773879142300192,0.0720930232558139,0.1118618618618612
cin,TE,1.0,14,Drew Sample,28.0,0.0,0.0,0.0,0.0,0.0,0.0,1.5714285714285714,1.9285714285714286,11.642857142857142,0.14285714285714285,0.0,2.0714285714285716,12.357142857142858,0.6428571428571429,0.0,0.0,0.14285714285714285,2.807142857142857,0.4293606945540653,0.6962025316455696,0.1033138401559456,0.4302325581395343,0.2687687687687692
rai,WR,1.0,7,Jalen Guyton,27.0,0.0,0.0,0.0,0.0,0.0,0.0,1.4285714285714286,3.0,12.714285714285714,0.14285714285714285,0.0,31.142857142857142,4.571428571428571,0.8571428571428571,0.0,0.0,0.14285714285714285,2.842857142857143,0.2991318074191005,0.4792043399638337,0.1559454191033138,0.4767441860465116,0.2860360360360356
buf,WR,1.0,16,Marquez Valdes-Scantling,30.0,0.0,0.0,0.0,0.0,0.0,0.0,1.3125,2.625,19.6875,0.0625,0.0625,46.375,5.75,0.875,0.0,0.0,0.0625,2.875,0.5074980268350431,0.9529837251356236,0.6569200779727091,0.3453488372093023,0.5195195195195188
kan,WR,1.0,14,Mecole Hardman,26.0,0.14285714285714285,0.42857142857142855,0.0,0.0,0.0,0.0,2.142857142857143,3.4285714285714284,17.714285714285715,0.0,0.0,19.571428571428573,15.428571428571429,1.1428571428571428,0.0,0.0,0.0,2.885714285714286,0.5185477505919498,0.9240506329113922,0.3879142300194931,0.5546511627906976,0.2740240240240252
nor,WR,0.9238095238095237,21,Equanimeous St. Brown,28.0,0.2857142857142857,2.5714285714285716,0.0,0.0,0.09523809523809523,0.0,1.2380952380952381,2.0952380952380953,18.333333333333332,0.047619047619047616,0.047619047619047616,26.095238095238095,5.0,0.8095238095238095,0.0,0.0,0.047619047619047616,2.9,0.348066298342542,0.6835443037974682,0.1559454191033138,0.1802325581395347,0.5315315315315301
nyg,TE,1.0,13,Daniel Bellinger,24.0,0.0,0.0,0.0,0.0,0.0,0.0,1.9230769230769231,2.1538461538461537,19.615384615384617,0.0,0.0,10.0,10.307692307692308,0.46153846153846156,0.0,0.0,0.0,2.9230769230769234,0.0,0.4267631103074141,0.1325536062378169,0.4593023255813953,0.3355855855855862
phi,TE,0.9142857142857144,7,Albert Okwuegbunam,26.0,0.0,0.0,0.0,0.0,0.0,0.0,1.4285714285714286,2.7142857142857144,13.571428571428571,0.14285714285714285,0.0,15.571428571428571,8.428571428571429,0.5714285714285714,0.0,0.0,0.14285714285714285,2.928571428571429,0.5240726124704027,0.8553345388788427,0.0,0.3720930232558137,0.3633633633633639
chi,TE,0.9454545454545454,11,Marcedes Lewis,40.0,0.0,0.0,0.0,0.0,0.0,0.0,0.9090909090909091,1.0909090909090908,8.636363636363637,0.2727272727272727,0.0,6.090909090909091,3.909090909090909,0.6363636363636364,0.09090909090909091,0.0,0.2727272727272727,2.9545454545454546,0.4175217048145221,0.9204339963833632,0.3684210526315792,0.96860465116279,0.2747747747747748
pit,WR,0.9,10,Marquez Callaway,26.0,0.0,0.0,0.0,0.0,0.0,0.0,1.6,3.2,15.8,0.1,0.0,38.9,3.5,1.1,0.0,0.0,0.1,2.9800000000000004,0.4925019731649569,0.6889692585895117,0.5692007797270953,0.1825581395348834,0.7087087087087065
nyg,WR,1.0,15,Allen Robinson,31.0,0.0,0.0,0.0,0.0,0.0,0.0,2.2666666666666666,3.2666666666666666,18.666666666666668,0.0,0.0,24.666666666666668,4.533333333333333,0.6,0.0,0.0,0.0,3.0,0.0,0.4267631103074141,0.1325536062378169,0.4593023255813953,0.3355855855855862
was,WR,1.0,11,Olamide Zaccheaus,27.0,0.0,0.0,0.0,0.0,0.0,0.0,0.9090909090909091,1.8181818181818181,14.909090909090908,0.18181818181818182,0.0,18.818181818181817,4.7272727272727275,0.6363636363636364,0.0,0.0,0.18181818181818182,3.0363636363636366,0.5138121546961325,1.0,0.1949317738791425,0.0848837209302324,0.2907907907907914
kan,WR,1.0,13,Kadarius Toney,25.0,0.8461538461538461,2.3846153846153846,0.0,0.0,0.15384615384615385,0.0,2.076923076923077,2.923076923076923,13.0,0.07692307692307693,0.0,8.615384615384615,9.846153846153847,0.9230769230769231,0.0,0.0,0.07692307692307693,3.0384615384615383,0.5185477505919498,0.9240506329113922,0.3879142300194931,0.5546511627906976,0.2740240240240252
clt,TE,0.9,8,Eric Tomlinson,32.0,0.0,0.0,0.0,0.0,0.0,0.0,1.125,1.625,9.875,0.25,0.0,7.375,5.5,0.625,0.0,0.0,0.25,3.05,0.7316495659037092,0.2314647377938518,0.130604288499025,0.2965116279069768,0.671171171171169
cle,WR,1.0,11,Cedric Tillman,24.0,0.09090909090909091,0.7272727272727273,0.0,0.0,0.0,0.0,1.9090909090909092,4.0,20.363636363636363,0.0,0.0,42.54545454545455,8.0,1.0909090909090908,0.0,0.0,0.0,3.063636363636364,0.4530386740331487,0.5045207956600362,0.4756335282651065,0.2209302325581394,0.6771771771771764
den,TE,1.0,16,Adam Trautman,27.0,0.0,0.0,0.0,0.0,0.0,0.0,1.375,2.1875,12.75,0.1875,0.0,14.125,6.125,0.625,0.0,0.0,0.1875,3.0875000000000004,0.5051302288871349,0.969258589511754,0.1773879142300192,0.0720930232558139,0.1118618618618612
htx,TE,0.93,10,Teagan Quitoriano,24.0,0.0,0.0,0.0,0.0,0.0,0.0,0.9,1.7,14.6,0.2,0.0,19.0,7.1,0.7,0.0,0.0,0.2,3.1100000000000003,0.0276243093922654,0.7902350813743217,0.2241715399610138,0.8093023255813949,0.4684684684684672
clt,TE,1.0,10,Andrew Ogletree,26.0,0.0,0.0,0.0,0.0,0.0,0.0,0.9,2.1,14.7,0.2,0.0,20.9,3.0,0.8,0.0,0.0,0.2,3.12,0.7316495659037092,0.2314647377938518,0.130604288499025,0.2965116279069768,0.671171171171169
clt,TE,1.0,13,Mo Alie-Cox,31.0,0.0,0.0,0.0,0.0,0.0,0.0,1.0,1.6923076923076923,12.384615384615385,0.23076923076923078,0.0,17.076923076923077,6.153846153846154,0.6923076923076923,0.07692307692307693,0.0,0.23076923076923078,3.123076923076923,0.7316495659037092,0.2314647377938518,0.130604288499025,0.2965116279069768,0.671171171171169
pit,WR,1.0,14,Calvin Austin,25.0,0.7857142857142857,4.071428571428571,0.07142857142857142,0.0,0.2857142857142857,0.0,1.2142857142857142,2.142857142857143,12.857142857142858,0.07142857142857142,0.0,27.0,5.214285714285714,0.5,0.0,0.0,0.14285714285714285,3.157142857142857,0.4925019731649569,0.6889692585895117,0.5692007797270953,0.1825581395348834,0.7087087087087065
oti,WR,1.0,8,Kyle Philips,25.0,0.0,0.0,0.0,0.0,0.0,0.0,1.875,2.75,22.625,0.0,0.0,24.625,9.875,1.125,0.0,0.0,0.0,3.2,0.5406471981057615,0.4394213381555154,0.5614035087719298,0.2116279069767439,0.0
atl,WR,1.0,7,Ray-Ray McCloud,28.0,0.42857142857142855,4.285714285714286,0.0,0.0,0.2857142857142857,0.0,1.7142857142857142,2.142857142857143,19.285714285714285,0.0,0.0,13.428571428571429,12.428571428571429,1.0,0.0,0.0,0.0,3.2142857142857144,0.7355958958168909,0.8444846292947557,0.5165692007797271,0.0,0.4752252252252242
car,WR,1.0,7,Ihmir Smith-Marsette,25.0,1.1428571428571428,10.571428571428571,0.14285714285714285,0.0,0.5714285714285714,0.0,1.1428571428571428,1.4285714285714286,7.285714285714286,0.0,0.0,1.2857142857142858,6.857142857142857,0.7142857142857143,0.0,0.14285714285714285,0.14285714285714285,3.2142857142857144,0.3417521704814521,0.3001808318264014,0.8421052631578942,0.3825581395348836,0.3671171171171163
buf,TE,0.925,8,Quintin Morris,25.0,0.0,0.0,0.0,0.0,0.0,0.0,1.25,1.75,13.75,0.25,0.125,13.75,5.375,0.875,0.0,0.0,0.25,3.25,0.5074980268350431,0.9529837251356236,0.6569200779727091,0.3453488372093023,0.5195195195195188
nor,TE,1.0,11,Foster Moreau,27.0,0.0,0.0,0.0,0.0,0.0,0.0,1.9090909090909092,2.272727272727273,17.545454545454547,0.09090909090909091,0.0,11.090909090909092,8.727272727272727,0.8181818181818182,0.0,0.0,0.09090909090909091,3.254545454545455,0.348066298342542,0.6835443037974682,0.1559454191033138,0.1802325581395347,0.5315315315315301
crd,WR,1.0,9,Elijah Higgins,24.0,0.0,0.0,0.0,0.0,0.0,0.0,1.5555555555555556,2.111111111111111,18.11111111111111,0.1111111111111111,0.0,14.222222222222221,7.444444444444445,1.0,0.0,0.0,0.1111111111111111,3.2555555555555555,0.0994475138121551,0.5678119349005424,0.9337231968810916,0.545348837209302,0.1283783783783763
nyj,WR,1.0,14,Xavier Gipson,23.0,0.5714285714285714,4.857142857142857,0.07142857142857142,0.0,0.2857142857142857,0.0,1.5,2.7142857142857144,16.357142857142858,0.0,0.0,25.571428571428573,7.785714285714286,0.6428571428571429,0.0,0.07142857142857142,0.07142857142857142,3.3000000000000003,0.5564325177584846,0.0,0.3099415204678362,0.4639534883720926,0.963213213213212
kan,WR,1.0,13,Skyy Moore,24.0,0.23076923076923078,1.7692307692307692,0.0,0.0,0.07692307692307693,0.0,1.6153846153846154,2.923076923076923,18.76923076923077,0.07692307692307693,0.0,26.076923076923077,8.384615384615385,1.0,0.0,0.0,0.07692307692307693,3.3230769230769237,0.5185477505919498,0.9240506329113922,0.3879142300194931,0.5546511627906976,0.2740240240240252
sea,WR,1.0,14,Jake Bobo,26.0,0.07142857142857142,0.21428571428571427,0.07142857142857142,0.0,0.07142857142857142,0.0,1.3571428571428572,1.7857142857142858,14.0,0.14285714285714285,0.0,10.714285714285714,6.214285714285714,0.6428571428571429,0.0,0.0,0.21428571428571427,3.385714285714286,0.2091554853985795,0.786618444846293,0.539961013645224,0.3313953488372085,0.5510510510510498
cin,TE,1.0,15,Mike Gesicki,29.0,0.0,0.0,0.0,0.0,0.0,0.0,1.9333333333333333,3.0,16.266666666666666,0.13333333333333333,0.0,25.533333333333335,5.866666666666666,0.7333333333333333,0.0,0.0,0.13333333333333333,3.3933333333333335,0.4293606945540653,0.6962025316455696,0.1033138401559456,0.4302325581395343,0.2687687687687692
mia,WR,1.0,13,Braxton Berrios,29.0,0.07692307692307693,0.8461538461538461,0.0,0.0,0.07692307692307693,0.0,2.076923076923077,2.5384615384615383,18.307692307692307,0.07692307692307693,0.0,17.615384615384617,6.538461538461538,1.1538461538461537,0.0,0.0,0.07692307692307693,3.4153846153846157,0.3007103393843731,0.8589511754068717,1.0,0.6627906976744184,0.721471471471471
sfo,WR,1.0,8,Ronnie Bell,24.0,0.0,0.0,0.0,0.0,0.0,0.0,0.75,1.625,8.5,0.375,0.0,20.0,1.25,0.625,0.0,0.0,0.375,3.475,0.3520126282557223,0.867992766726944,0.6822612085769979,1.0,0.942942942942941
sea,TE,1.0,9,Pharaoh Brown,30.0,0.0,0.0,0.0,0.0,0.0,0.0,1.4444444444444444,1.6666666666666667,23.11111111111111,0.1111111111111111,0.1111111111111111,11.555555555555555,13.444444444444445,0.8888888888888888,0.0,0.0,0.1111111111111111,3.477777777777778,0.2091554853985795,0.786618444846293,0.539961013645224,0.3313953488372085,0.5510510510510498
was,WR,0.9076923076923078,13,Damiere Byrd,31.0,0.0,0.0,0.0,0.0,0.0,0.0,1.0,1.9230769230769231,20.615384615384617,0.15384615384615385,0.0,39.46153846153846,8.076923076923077,0.6923076923076923,0.0,0.0,0.15384615384615385,3.4846153846153847,0.5138121546961325,1.0,0.1949317738791425,0.0848837209302324,0.2907907907907914
sfo,WR,1.0,12,Jauan Jennings,27.0,0.0,0.0,0.0,0.0,0.0,0.0,1.5833333333333333,2.75,22.083333333333332,0.08333333333333333,0.0,28.333333333333332,7.416666666666667,1.0,0.0,0.0,0.08333333333333333,3.5,0.3520126282557223,0.867992766726944,0.6822612085769979,1.0,0.942942942942941
ram,TE,1.0,14,Colby Parkinson,25.0,0.0,0.0,0.0,0.0,0.0,0.0,1.7857142857142858,2.4285714285714284,17.642857142857142,0.14285714285714285,0.0,15.571428571428571,6.142857142857143,0.7857142857142857,0.0,0.0,0.14285714285714285,3.5142857142857142,0.5509076558800321,0.8824593128390597,0.7582846003898633,0.38953488372093,0.2695195195195197
mia,WR,0.9428571428571428,14,River Cracraft,30.0,0.0,0.0,0.0,0.0,0.0,0.0,1.2857142857142858,1.8571428571428572,15.928571428571429,0.21428571428571427,0.0,15.285714285714286,5.357142857142857,1.1428571428571428,0.0,0.0,0.21428571428571427,3.5214285714285714,0.3007103393843731,0.8589511754068717,1.0,0.6627906976744184,0.721471471471471
min,TE,1.0,9,Johnny Mundt,30.0,0.0,0.0,0.0,0.0,0.0,0.0,1.8888888888888888,2.5555555555555554,19.11111111111111,0.1111111111111111,0.0,12.666666666666666,10.444444444444445,0.8888888888888888,0.0,0.0,0.1111111111111111,3.522222222222222,0.3938437253354379,0.9258589511754068,0.6179337231968809,0.5162790697674415,0.8295795795795788
min,TE,1.0,12,Josh Oliver,27.0,0.0,0.0,0.0,0.0,0.0,0.0,1.8333333333333333,2.3333333333333335,17.75,0.16666666666666666,0.08333333333333333,6.0,13.5,1.0,0.0,0.0,0.16666666666666666,3.5250000000000004,0.3938437253354379,0.9258589511754068,0.6179337231968809,0.5162790697674415,0.8295795795795788
nyg,WR,1.0,14,Isaiah Hodgins,26.0,0.0,0.0,0.0,0.0,0.0,0.0,1.5,2.357142857142857,16.428571428571427,0.21428571428571427,0.07142857142857142,19.214285714285715,5.357142857142857,0.8571428571428571,0.0,0.0,0.21428571428571427,3.5357142857142856,0.0,0.4267631103074141,0.1325536062378169,0.4593023255813953,0.3355855855855862
kan,TE,1.0,16,Noah Gray,25.0,0.0625,0.0625,0.0,0.0,0.0,0.0,1.75,2.5625,19.0625,0.125,0.0,16.875,8.75,1.0,0.0,0.0,0.125,3.5375,0.5185477505919498,0.9240506329113922,0.3879142300194931,0.5546511627906976,0.2740240240240252
oti,WR,1.0,9,Treylon Burks,24.0,0.5555555555555556,2.0,0.0,0.0,0.0,0.0,1.7777777777777777,3.3333333333333335,24.555555555555557,0.0,0.0,60.77777777777778,7.888888888888889,0.8888888888888888,0.0,0.0,0.0,3.5444444444444447,0.5406471981057615,0.4394213381555154,0.5614035087719298,0.2116279069767439,0.0
rav,TE,0.9857142857142858,7,Charlie Kolar,25.0,0.0,0.0,0.0,0.0,0.0,0.0,1.5714285714285714,2.142857142857143,19.428571428571427,0.14285714285714285,0.0,19.571428571428573,5.285714285714286,1.1428571428571428,0.0,0.0,0.14285714285714285,3.5857142857142854,0.653512233622731,0.922242314647378,0.680311890838206,0.3395348837209302,0.7312312312312299
atl,TE,0.8888888888888888,9,Ross Dwelley,29.0,0.0,0.0,0.0,0.0,0.0,0.0,0.8888888888888888,1.3333333333333333,18.666666666666668,0.2222222222222222,0.0,16.11111111111111,6.666666666666667,0.6666666666666666,0.0,0.0,0.2222222222222222,3.644444444444445,0.7355958958168909,0.8444846292947557,0.5165692007797271,0.0,0.4752252252252242
sdg,TE,1.0,9,Hayden Hurst,31.0,0.0,0.0,0.0,0.0,0.0,0.0,2.0,3.5555555555555554,20.444444444444443,0.1111111111111111,0.0,26.88888888888889,7.444444444444445,0.7777777777777778,0.0,0.0,0.1111111111111111,3.711111111111111,0.4640883977900549,0.833634719710669,0.0331384015594542,0.2860465116279065,0.400150150150151
pit,WR,1.0,9,Scott Miller,27.0,0.0,0.0,0.0,0.0,0.0,0.0,1.2222222222222223,1.7777777777777777,17.88888888888889,0.2222222222222222,0.0,21.666666666666668,8.88888888888889,0.6666666666666666,0.0,0.0,0.2222222222222222,3.7333333333333334,0.4925019731649569,0.6889692585895117,0.5692007797270953,0.1825581395348834,0.7087087087087065
nyj,WR,1.0,13,Allen Lazard,29.0,0.0,0.0,0.0,0.0,0.0,0.0,1.7692307692307692,3.769230769230769,23.923076923076923,0.07692307692307693,0.0,45.92307692307692,4.3076923076923075,1.3076923076923077,0.0,0.0,0.07692307692307693,3.7384615384615385,0.5564325177584846,0.0,0.3099415204678362,0.4639534883720926,0.963213213213212
nyg,WR,1.0,13,Jalin Hyatt,23.0,0.0,0.0,0.0,0.0,0.0,0.0,1.7692307692307692,3.076923076923077,28.692307692307693,0.0,0.0,64.6923076923077,3.6923076923076925,0.8461538461538461,0.0,0.0,0.0,3.7538461538461543,0.0,0.4267631103074141,0.1325536062378169,0.4593023255813953,0.3355855855855862
car,TE,1.0,13,Tommy Tremble,24.0,0.0,0.0,0.0,0.0,0.0,0.0,1.7692307692307692,2.4615384615384617,14.923076923076923,0.23076923076923078,0.0,15.692307692307692,7.3076923076923075,0.7692307692307693,0.0,0.0,0.23076923076923078,3.7615384615384615,0.3417521704814521,0.3001808318264014,0.8421052631578942,0.3825581395348836,0.3671171171171163
buf,WR,1.0,9,Mack Hollins,31.0,0.0,0.0,0.0,0.0,0.0,0.0,2.0,3.3333333333333335,27.88888888888889,0.0,0.0,41.666666666666664,6.111111111111111,1.0,0.0,0.0,0.0,3.788888888888889,0.5074980268350431,0.9529837251356236,0.6569200779727091,0.3453488372093023,0.5195195195195188
crd,WR,1.0,15,Chris Moore,31.0,0.13333333333333333,2.6,0.0,0.0,0.06666666666666667,0.0,1.4666666666666666,2.3333333333333335,28.266666666666666,0.0,0.0,42.733333333333334,3.8,1.0666666666666667,0.0,0.0,0.0,3.8200000000000003,0.0994475138121551,0.5678119349005424,0.9337231968810916,0.545348837209302,0.1283783783783763
dal,WR,1.0,13,Jalen Tolbert,25.0,0.0,0.0,0.0,0.0,0.0,0.0,1.6923076923076923,2.769230769230769,20.615384615384617,0.15384615384615385,0.0,36.46153846153846,2.6153846153846154,1.0,0.0,0.0,0.15384615384615385,3.830769230769231,0.2336227308603002,0.91500904159132,0.1695906432748537,0.4058139534883715,1.0
den,WR,1.0,15,Marvin Mims,22.0,0.6,2.0,0.0,0.0,0.13333333333333333,0.0,1.4666666666666666,2.2,25.133333333333333,0.06666666666666667,0.0,33.13333333333333,10.266666666666667,0.6,0.0,0.06666666666666667,0.06666666666666667,3.846666666666667,0.5051302288871349,0.969258589511754,0.1773879142300192,0.0720930232558139,0.1118618618618612
ram,WR,0.8125,16,Tyler Johnson,26.0,0.0,0.0,0.0,0.0,0.0,0.0,2.375,3.625,23.0,0.0625,0.0,28.0,8.625,0.9375,0.0,0.0,0.0625,3.8625000000000003,0.5509076558800321,0.8824593128390597,0.7582846003898633,0.38953488372093,0.2695195195195197
clt,TE,1.0,15,Kylen Granson,26.0,0.06666666666666667,0.13333333333333333,0.0,0.0,0.06666666666666667,0.0,2.0,3.3333333333333335,24.533333333333335,0.06666666666666667,0.0,26.8,8.533333333333333,1.2666666666666666,0.0,0.0,0.06666666666666667,3.8666666666666667,0.7316495659037092,0.2314647377938518,0.130604288499025,0.2965116279069768,0.671171171171169
phi,WR,0.8,9,John Ross,29.0,0.1111111111111111,1.7777777777777777,0.0,0.0,0.1111111111111111,0.0,1.2222222222222223,2.2222222222222223,24.88888888888889,0.1111111111111111,0.0,34.888888888888886,4.444444444444445,0.8888888888888888,0.0,0.0,0.1111111111111111,3.944444444444444,0.5240726124704027,0.8553345388788427,0.0,0.3720930232558137,0.3633633633633639
chi,WR,0.9,14,Dante Pettis,29.0,0.14285714285714285,2.642857142857143,0.0,0.0,0.14285714285714285,0.0,1.3571428571428572,2.9285714285714284,17.5,0.21428571428571427,0.0,26.5,4.5,0.6428571428571429,0.0,0.0,0.21428571428571427,3.9785714285714286,0.4175217048145221,0.9204339963833632,0.3684210526315792,0.96860465116279,0.2747747747747748
nyg,WR,0.92,15,Lawrence Cager,27.0,0.0,0.0,0.0,0.0,0.0,0.0,2.0,2.8666666666666667,18.133333333333333,0.2,0.0,16.066666666666666,12.2,1.2,0.0,0.0,0.2,4.013333333333334,0.0,0.4267631103074141,0.1325536062378169,0.4593023255813953,0.3355855855855862
rav,WR,1.0,15,Rashod Bateman,25.0,0.06666666666666667,1.2,0.0,0.0,0.06666666666666667,0.0,2.1333333333333333,3.7333333333333334,24.466666666666665,0.06666666666666667,0.0,54.06666666666667,3.933333333333333,1.3333333333333333,0.0,0.0,0.06666666666666667,4.033333333333333,0.653512233622731,0.922242314647378,0.680311890838206,0.3395348837209302,0.7312312312312299
sea,TE,1.0,14,Noah Fant,27.0,0.0,0.0,0.0,0.0,0.0,0.0,2.2857142857142856,3.0714285714285716,29.571428571428573,0.0,0.0,21.285714285714285,12.642857142857142,1.1428571428571428,0.0,0.0,0.0,4.1,0.2091554853985795,0.786618444846293,0.539961013645224,0.3313953488372085,0.5510510510510498
buf,TE,1.0,10,Dawson Knox,28.0,0.0,0.0,0.0,0.0,0.0,0.0,2.2,3.6,18.6,0.2,0.0,25.3,9.6,1.3,0.1,0.0,0.2,4.16,0.5074980268350431,0.9529837251356236,0.6569200779727091,0.3453488372093023,0.5195195195195188
mia,TE,1.0,13,Durham Smythe,29.0,0.0,0.0,0.0,0.0,0.0,0.0,2.6923076923076925,3.3076923076923075,28.153846153846153,0.0,0.0,21.846153846153847,10.692307692307692,1.6923076923076923,0.0,0.0,0.0,4.161538461538462,0.3007103393843731,0.8589511754068717,1.0,0.6627906976744184,0.721471471471471
min,WR,1.0,13,Brandon Powell,29.0,0.38461538461538464,1.3076923076923077,0.0,0.0,0.07692307692307693,0.0,2.230769230769231,3.3846153846153846,24.923076923076923,0.07692307692307693,0.0,25.53846153846154,8.0,1.3846153846153846,0.0,0.0,0.07692307692307693,4.2,0.3938437253354379,0.9258589511754068,0.6179337231968809,0.5162790697674415,0.8295795795795788
chi,WR,0.8272727272727274,22,Freddie Swain,26.0,0.22727272727272727,1.4545454545454546,0.0,0.0,0.09090909090909091,0.0,1.5,2.3636363636363638,22.318181818181817,0.18181818181818182,0.0,20.363636363636363,11.818181818181818,0.8181818181818182,0.0,0.0,0.18181818181818182,4.218181818181819,0.4175217048145221,0.9204339963833632,0.3684210526315792,0.96860465116279,0.2747747747747748
car,WR,1.0,15,Jonathan Mingo,23.0,0.0,0.0,0.0,0.0,0.0,0.0,2.8666666666666667,5.666666666666667,27.866666666666667,0.0,0.0,61.4,10.333333333333334,1.0,0.0,0.0,0.0,4.220000000000001,0.3417521704814521,0.3001808318264014,0.8421052631578942,0.3825581395348836,0.3671171171171163
nwe,WR,1.0,11,JuJu Smith-Schuster,28.0,0.0,0.0,0.0,0.0,0.0,0.0,2.6363636363636362,4.2727272727272725,23.636363636363637,0.09090909090909091,0.0,30.727272727272727,8.545454545454545,1.1818181818181819,0.0,0.0,0.09090909090909091,4.2272727272727275,0.4577742699289659,0.8173598553345387,0.2417153996101362,0.1046511627906974,0.561561561561561
was,WR,1.0,7,Jamison Crowder,31.0,0.0,0.0,0.0,0.0,0.0,0.0,2.2857142857142856,2.857142857142857,22.714285714285715,0.14285714285714285,0.0,17.428571428571427,11.428571428571429,1.1428571428571428,0.0,0.0,0.14285714285714285,4.271428571428572,0.5138121546961325,1.0,0.1949317738791425,0.0848837209302324,0.2907907907907914
sdg,WR,1.0,17,Quentin Johnston,23.0,0.17647058823529413,0.5294117647058824,0.0,0.0,0.0,0.0,2.235294117647059,3.9411764705882355,25.352941176470587,0.11764705882352941,0.0,50.64705882352941,8.941176470588236,1.1764705882352942,0.0,0.0,0.11764705882352941,4.411764705882353,0.4640883977900549,0.833634719710669,0.0331384015594542,0.2860465116279065,0.400150150150151
rai,WR,1.0,16,Michael Gallup,28.0,0.0,0.0,0.0,0.0,0.0,0.0,2.125,3.5625,26.125,0.125,0.0,39.0,6.5,1.1875,0.0,0.0,0.125,4.425000000000001,0.2991318074191005,0.4792043399638337,0.1559454191033138,0.4767441860465116,0.2860360360360356
det,TE,0.9,8,Shane Zylstra,28.0,0.0,0.0,0.0,0.0,0.0,0.0,1.375,1.875,7.5,0.5,0.0,9.75,1.625,0.75,0.0,0.0,0.5,4.4375,1.0,0.8372513562386981,0.5925925925925921,0.5895348837209302,0.4339339339339343
tam,WR,1.0,17,Trey Palmer,23.0,0.17647058823529413,1.2941176470588236,0.0,0.0,0.058823529411764705,0.0,2.2941176470588234,4.0,22.647058823529413,0.17647058823529413,0.058823529411764705,43.294117647058826,6.0588235294117645,1.0,0.0,0.0,0.17647058823529413,4.482352941176471,0.2865035516969221,0.6835443037974682,0.5886939571150096,0.1546511627906976,0.4121621621621623
atl,WR,1.0,14,Darnell Mooney,27.0,0.14285714285714285,0.35714285714285715,0.0,0.0,0.0,0.0,2.2142857142857144,4.357142857142857,29.571428571428573,0.07142857142857142,0.0,45.0,12.928571428571429,1.4285714285714286,0.0,0.0,0.07142857142857142,4.5285714285714285,0.7355958958168909,0.8444846292947557,0.5165692007797271,0.0,0.4752252252252242
pit,WR,0.9238095238095237,21,Quez Watkins,26.0,0.14285714285714285,0.047619047619047616,0.0,0.0,0.0,0.0,2.2857142857142856,3.4285714285714284,23.61904761904762,0.19047619047619047,0.047619047619047616,34.333333333333336,9.142857142857142,1.0,0.0,0.0,0.19047619047619047,4.557142857142857,0.4925019731649569,0.6889692585895117,0.5692007797270953,0.1825581395348834,0.7087087087087065
cle,WR,0.8,14,Jakeem Grant,32.0,0.7142857142857143,4.714285714285714,0.0,0.0,0.2857142857142857,0.0,1.5714285714285714,2.4285714285714284,18.857142857142858,0.2857142857142857,0.14285714285714285,11.428571428571429,14.714285714285714,1.0,0.0,0.14285714285714285,0.2857142857142857,4.571428571428571,0.4530386740331487,0.5045207956600362,0.4756335282651065,0.2209302325581394,0.6771771771771764
cle,WR,1.0,9,David Bell,24.0,0.0,0.0,0.0,0.0,0.0,0.0,1.5555555555555556,2.5555555555555554,18.555555555555557,0.3333333333333333,0.0,15.777777777777779,8.11111111111111,1.0,0.0,0.0,0.3333333333333333,4.633333333333334,0.4530386740331487,0.5045207956600362,0.4756335282651065,0.2209302325581394,0.6771771771771764
rai,TE,1.0,12,Michael Mayer,23.0,0.0,0.0,0.0,0.0,0.0,0.0,2.25,3.3333333333333335,25.333333333333332,0.16666666666666666,0.0,18.916666666666668,13.666666666666666,1.5833333333333333,0.08333333333333333,0.0,0.16666666666666666,4.658333333333333,0.2991318074191005,0.4792043399638337,0.1559454191033138,0.4767441860465116,0.2860360360360356
clt,WR,1.0,17,Alec Pierce,24.0,0.0,0.0,0.0,0.0,0.0,0.0,1.8823529411764706,3.823529411764706,30.235294117647058,0.11764705882352941,0.0,57.470588235294116,5.705882352941177,1.411764705882353,0.0,0.0,0.11764705882352941,4.670588235294118,0.7316495659037092,0.2314647377938518,0.130604288499025,0.2965116279069768,0.671171171171169
min,WR,0.9285714285714286,7,Jalen Nailor,25.0,0.0,0.0,0.0,0.0,0.0,0.0,1.7142857142857142,2.7142857142857144,29.714285714285715,0.14285714285714285,0.0,29.285714285714285,12.571428571428571,1.1428571428571428,0.0,0.0,0.14285714285714285,4.685714285714286,0.3938437253354379,0.9258589511754068,0.6179337231968809,0.5162790697674415,0.8295795795795788
det,WR,1.0,17,Kalif Raymond,30.0,0.4117647058823529,4.411764705882353,0.0,0.0,0.11764705882352941,0.0,2.0588235294117645,2.588235294117647,28.764705882352942,0.058823529411764705,0.0,22.823529411764707,12.588235294117647,1.1764705882352942,0.0,0.0,0.058823529411764705,4.700000000000001,1.0,0.8372513562386981,0.5925925925925921,0.5895348837209302,0.4339339339339343
htx,TE,1.0,9,Brevin Jordan,24.0,0.0,0.0,0.0,0.0,0.0,0.0,1.8888888888888888,2.3333333333333335,24.333333333333332,0.2222222222222222,0.0,12.777777777777779,13.777777777777779,1.4444444444444444,0.0,0.0,0.2222222222222222,4.711111111111111,0.0276243093922654,0.7902350813743217,0.2241715399610138,0.8093023255813949,0.4684684684684672
cin,WR,1.0,9,Andrei Iosivas,25.0,0.0,0.0,0.0,0.0,0.0,0.0,1.6666666666666667,2.7777777777777777,12.88888888888889,0.4444444444444444,0.0,23.88888888888889,3.888888888888889,1.2222222222222223,0.0,0.0,0.4444444444444444,4.788888888888889,0.4293606945540653,0.6962025316455696,0.1033138401559456,0.4302325581395343,0.2687687687687692
rai,WR,1.0,13,Tre Tucker,23.0,0.7692307692307693,5.923076923076923,0.0,0.0,0.3076923076923077,0.0,1.4615384615384615,2.6153846153846154,25.46153846153846,0.15384615384615385,0.0,48.0,2.1538461538461537,0.9230769230769231,0.0,0.0,0.15384615384615385,4.792307692307692,0.2991318074191005,0.4792043399638337,0.1559454191033138,0.4767441860465116,0.2860360360360356
jax,WR,0.93,20,Devin Duvernay,27.0,0.8,4.95,0.05,0.0,0.35,0.0,2.05,2.9,21.25,0.15,0.0,25.9,8.8,0.95,0.0,0.05,0.2,4.845,0.209944751381216,0.72875226039783,0.0740740740740744,0.3372093023255806,0.5683183183183171
rav,WR,1.0,16,Nelson Agholor,31.0,0.0,0.0,0.0,0.0,0.0,0.0,2.1875,2.8125,23.8125,0.25,0.0,26.125,8.8125,1.1875,0.0,0.0,0.25,4.975,0.653512233622731,0.922242314647378,0.680311890838206,0.3395348837209302,0.7312312312312299
clt,WR,0.9,7,Ashton Dulin,27.0,0.2857142857142857,1.1428571428571428,0.0,0.0,0.14285714285714285,0.0,2.142857142857143,3.142857142857143,29.571428571428573,0.14285714285714285,0.0,36.0,5.0,1.7142857142857142,0.0,0.0,0.14285714285714285,5.0,0.7316495659037092,0.2314647377938518,0.130604288499025,0.2965116279069768,0.671171171171169
atl,WR,1.0,17,Rondale Moore,24.0,1.6470588235294117,10.470588235294118,0.058823529411764705,0.0,0.29411764705882354,0.0,2.3529411764705883,3.6470588235294117,20.705882352941178,0.058823529411764705,0.0,18.941176470588236,12.705882352941176,1.0,0.0,0.0,0.11764705882352941,5.0,0.7355958958168909,0.8444846292947557,0.5165692007797271,0.0,0.4752252252252242
cin,WR,1.0,10,Trenton Irwin,29.0,0.0,0.0,0.0,0.0,0.0,0.0,2.5,3.2,31.6,0.1,0.0,33.7,11.0,1.5,0.0,0.0,0.1,5.01,0.4293606945540653,0.6962025316455696,0.1033138401559456,0.4302325581395343,0.2687687687687692
kan,WR,1.0,15,Justin Watson,29.0,0.0,0.0,0.0,0.0,0.0,0.0,1.8,3.533333333333333,30.666666666666668,0.2,0.06666666666666667,61.86666666666667,3.1333333333333333,1.4,0.0,0.0,0.2,5.033333333333334,0.5185477505919498,0.9240506329113922,0.3879142300194931,0.5546511627906976,0.2740240240240252
cin,TE,1.0,12,Tanner Hudson,30.0,0.0,0.0,0.0,0.0,0.0,0.0,3.25,4.166666666666667,29.333333333333332,0.08333333333333333,0.0,22.416666666666668,12.333333333333334,1.75,0.0,0.0,0.08333333333333333,5.058333333333334,0.4293606945540653,0.6962025316455696,0.1033138401559456,0.4302325581395343,0.2687687687687692
sdg,TE,1.0,13,Donald Parham,27.0,0.0,0.0,0.0,0.0,0.0,0.0,2.076923076923077,3.1538461538461537,21.923076923076923,0.3076923076923077,0.0,23.53846153846154,9.692307692307692,1.6923076923076923,0.0,0.0,0.3076923076923077,5.076923076923077,0.4640883977900549,0.833634719710669,0.0331384015594542,0.2860465116279065,0.400150150150151
oti,TE,1.0,17,Chigoziem Okonkwo,25.0,0.11764705882352941,0.35294117647058826,0.0,0.0,0.058823529411764705,0.0,3.176470588235294,4.529411764705882,31.058823529411764,0.058823529411764705,0.0,30.88235294117647,15.294117647058824,1.4705882352941178,0.0,0.0,0.058823529411764705,5.08235294117647,0.5406471981057615,0.4394213381555154,0.5614035087719298,0.2116279069767439,0.0
clt,TE,0.9,12,Jelani Woods,26.0,0.0,0.0,0.0,0.0,0.0,0.0,2.0833333333333335,3.3333333333333335,26.0,0.25,0.0,33.166666666666664,10.0,1.3333333333333333,0.0,0.0,0.25,5.141666666666667,0.7316495659037092,0.2314647377938518,0.130604288499025,0.2965116279069768,0.671171171171169
gnb,TE,1.0,11,Luke Musgrave,24.0,0.0,0.0,0.0,0.0,0.0,0.0,3.090909090909091,4.181818181818182,32.0,0.09090909090909091,0.0,31.272727272727273,15.363636363636363,1.2727272727272727,0.0,0.0,0.09090909090909091,5.290909090909091,0.5161799526440412,0.7992766726943941,0.2962962962962963,0.3186046511627909,0.6021021021021014
oti,WR,1.0,13,Nick Westbrook-Ikhine,27.0,0.0,0.0,0.0,0.0,0.0,0.0,2.1538461538461537,3.4615384615384617,28.46153846153846,0.23076923076923078,0.0,42.46153846153846,8.23076923076923,1.3846153846153846,0.07692307692307693,0.0,0.23076923076923078,5.3076923076923075,0.5406471981057615,0.4394213381555154,0.5614035087719298,0.2116279069767439,0.0
htx,WR,1.0,13,Robert Woods,32.0,0.07692307692307693,0.5384615384615384,0.0,0.0,0.0,0.0,3.076923076923077,5.769230769230769,32.76923076923077,0.07692307692307693,0.0,56.30769230769231,9.692307692307692,2.0,0.0,0.0,0.07692307692307693,5.3307692307692305,0.0276243093922654,0.7902350813743217,0.2241715399610138,0.8093023255813949,0.4684684684684672
pit,TE,1.0,11,Pat Freiermuth,26.0,0.0,0.0,0.0,0.0,0.0,0.0,2.909090909090909,4.2727272727272725,28.0,0.18181818181818182,0.0,28.272727272727273,13.181818181818182,1.5454545454545454,0.09090909090909091,0.0,0.18181818181818182,5.345454545454546,0.4925019731649569,0.6889692585895117,0.5692007797270953,0.1825581395348834,0.7087087087087065
nyj,TE,1.0,17,Tyler Conklin,29.0,0.058823529411764705,0.0,0.0,0.0,0.0,0.0,3.588235294117647,5.117647058823529,36.529411764705884,0.0,0.0,35.0,14.470588235294118,1.588235294117647,0.0,0.0,0.0,5.447058823529412,0.5564325177584846,0.0,0.3099415204678362,0.4639534883720926,0.963213213213212
was,TE,1.0,7,Zach Ertz,34.0,0.0,0.0,0.0,0.0,0.0,0.0,3.857142857142857,6.142857142857143,26.714285714285715,0.14285714285714285,0.0,47.42857142857143,6.571428571428571,1.1428571428571428,0.0,0.0,0.14285714285714285,5.457142857142857,0.5138121546961325,1.0,0.1949317738791425,0.0848837209302324,0.2907907907907914
ram,TE,1.0,15,Tyler Higbee,31.0,0.0,0.0,0.0,0.0,0.0,0.0,3.1333333333333333,4.666666666666667,33.0,0.13333333333333333,0.0,27.066666666666666,16.4,1.7333333333333334,0.0,0.0,0.13333333333333333,5.666666666666667,0.5509076558800321,0.8824593128390597,0.7582846003898633,0.38953488372093,0.2695195195195197
tam,TE,1.0,16,Cade Otton,25.0,0.0,0.0,0.0,0.0,0.0,0.0,2.9375,4.1875,28.4375,0.25,0.0625,28.25,13.9375,1.375,0.0625,0.0,0.25,5.6875,0.2865035516969221,0.6835443037974682,0.5886939571150096,0.1546511627906976,0.4121621621621623
det,WR,1.0,12,Jameson Williams,23.0,0.25,2.4166666666666665,0.08333333333333333,0.0,0.08333333333333333,0.0,2.0,3.5,29.5,0.16666666666666666,0.0,55.416666666666664,8.75,1.1666666666666667,0.0,0.0,0.25,5.691666666666666,1.0,0.8372513562386981,0.5925925925925921,0.5895348837209302,0.4339339339339343
chi,TE,1.0,15,Gerald Everett,30.0,0.2,0.6666666666666666,0.0,0.0,0.0,0.0,3.4,4.666666666666667,27.4,0.2,0.0,18.8,18.333333333333332,1.6666666666666667,0.0,0.0,0.2,5.706666666666668,0.4175217048145221,0.9204339963833632,0.3684210526315792,0.96860465116279,0.2747747747747748
crd,WR,1.0,9,Greg Dortch,26.0,0.1111111111111111,0.5555555555555556,0.0,0.0,0.0,0.0,2.6666666666666665,4.555555555555555,31.11111111111111,0.2222222222222222,0.0,42.55555555555556,16.88888888888889,1.5555555555555556,0.0,0.0,0.2222222222222222,5.833333333333333,0.0994475138121551,0.5678119349005424,0.9337231968810916,0.545348837209302,0.1283783783783763
buf,WR,1.0,16,Khalil Shakir,24.0,0.0625,0.625,0.0,0.0,0.0625,0.0,2.4375,2.8125,38.1875,0.125,0.0,25.125,17.625,1.625,0.0,0.0,0.125,5.85,0.5074980268350431,0.9529837251356236,0.6569200779727091,0.3453488372093023,0.5195195195195188
was,WR,1.0,17,Jahan Dotson,24.0,0.0,0.0,0.0,0.0,0.0,0.0,2.8823529411764706,4.882352941176471,30.470588235294116,0.23529411764705882,0.0,45.1764705882353,6.764705882352941,1.588235294117647,0.0,0.0,0.23529411764705882,5.9,0.5138121546961325,1.0,0.1949317738791425,0.0848837209302324,0.2907907907907914
nwe,WR,1.0,14,Demario Douglas,24.0,0.5714285714285714,2.9285714285714284,0.0,0.0,0.14285714285714285,0.0,3.5,5.642857142857143,40.07142857142857,0.0,0.07142857142857142,46.285714285714285,24.0,1.8571428571428572,0.0,0.0,0.0,5.907142857142857,0.4577742699289659,0.8173598553345387,0.2417153996101362,0.1046511627906974,0.561561561561561
nor,WR,1.0,13,Juwan Johnson,28.0,0.0,0.0,0.0,0.0,0.0,0.0,2.8461538461538463,4.538461538461538,28.307692307692307,0.3076923076923077,0.0,34.15384615384615,11.153846153846153,1.7692307692307692,0.0,0.0,0.3076923076923077,6.1000000000000005,0.348066298342542,0.6835443037974682,0.1559454191033138,0.1802325581395347,0.5315315315315301
den,TE,0.9166666666666666,12,Greg Dulcich,24.0,0.0,0.0,0.0,0.0,0.0,0.0,3.0,4.916666666666667,36.333333333333336,0.16666666666666666,0.0,53.916666666666664,13.333333333333334,1.6666666666666667,0.0,0.0,0.16666666666666666,6.133333333333334,0.5051302288871349,0.969258589511754,0.1773879142300192,0.0720930232558139,0.1118618618618612
den,WR,1.0,10,Brandon Johnson,26.0,0.0,0.0,0.0,0.0,0.0,0.0,1.9,3.0,28.4,0.4,0.0,32.8,8.9,1.2,0.1,0.0,0.4,6.19,0.5051302288871349,0.969258589511754,0.1773879142300192,0.0720930232558139,0.1118618618618612
gnb,TE,1.0,10,Tucker Kraft,24.0,0.0,0.0,0.0,0.0,0.0,0.0,3.1,4.0,35.5,0.2,0.0,15.6,23.2,1.8,0.0,0.0,0.2,6.3,0.5161799526440412,0.7992766726943941,0.2962962962962963,0.3186046511627909,0.6021021021021014
ram,WR,1.0,14,Tutu Atwell,25.0,0.35714285714285715,2.2142857142857144,0.0,0.0,0.14285714285714285,0.0,2.7857142857142856,4.785714285714286,34.5,0.21428571428571427,0.0,54.785714285714285,7.428571428571429,1.8571428571428572,0.07142857142857142,0.0,0.21428571428571427,6.35,0.5509076558800321,0.8824593128390597,0.7582846003898633,0.38953488372093,0.2695195195195197
nwe,WR,1.0,15,K.J. Osborn,27.0,0.0,0.0,0.0,0.0,0.0,0.0,3.2,5.0,36.0,0.2,0.0,43.93333333333333,12.333333333333334,1.8666666666666667,0.0,0.0,0.2,6.4,0.4577742699289659,0.8173598553345387,0.2417153996101362,0.1046511627906974,0.561561561561561
cle,WR,1.0,16,Elijah Moore,24.0,0.5625,0.6875,0.0,0.0625,0.125,0.0,3.6875,6.5,40.0,0.125,0.0625,72.1875,11.9375,1.8125,0.0,0.0,0.125,6.4125,0.4530386740331487,0.5045207956600362,0.4756335282651065,0.2209302325581394,0.6771771771771764
atl,TE,1.0,17,Kyle Pitts,24.0,0.058823529411764705,-0.23529411764705882,0.0,0.0,0.0,0.0,3.1176470588235294,5.294117647058823,39.23529411764706,0.17647058823529413,0.0,60.529411764705884,7.882352941176471,2.0588235294117645,0.0,0.0,0.17647058823529413,6.517647058823529,0.7355958958168909,0.8444846292947557,0.5165692007797271,0.0,0.4752252252252242
mia,TE,1.0,15,Jonnu Smith,29.0,0.06666666666666667,0.0,0.0,0.0,0.0,0.0,3.3333333333333335,4.666666666666667,38.8,0.2,0.06666666666666667,30.533333333333335,23.8,1.7333333333333334,0.0,0.0,0.2,6.613333333333333,0.3007103393843731,0.8589511754068717,1.0,0.6627906976744184,0.721471471471471
rav,TE,1.0,13,Isaiah Likely,24.0,0.0,0.0,0.0,0.0,0.0,0.0,2.3076923076923075,3.076923076923077,31.615384615384617,0.38461538461538464,0.0,19.153846153846153,16.615384615384617,1.1538461538461537,0.0,0.0,0.38461538461538464,6.623076923076923,0.653512233622731,0.922242314647378,0.680311890838206,0.3395348837209302,0.7312312312312299
gnb,WR,1.0,15,Dontayvion Wicks,23.0,0.06666666666666667,0.06666666666666667,0.0,0.0,0.0,0.0,2.6,3.8666666666666667,38.733333333333334,0.26666666666666666,0.06666666666666667,39.4,14.066666666666666,1.9333333333333333,0.0,0.0,0.26666666666666666,6.6466666666666665,0.5161799526440412,0.7992766726943941,0.2962962962962963,0.3186046511627909,0.6021021021021014
oti,WR,1.0,17,Tyler Boyd,30.0,0.11764705882352941,0.6470588235294118,0.0,0.0,0.058823529411764705,0.0,3.9411764705882355,5.764705882352941,39.23529411764706,0.11764705882352941,0.0,37.0,16.41176470588235,1.6470588235294117,0.0,0.0,0.11764705882352941,6.6647058823529415,0.5406471981057615,0.4394213381555154,0.5614035087719298,0.2116279069767439,0.0
crd,WR,1.0,9,Zay Jones,29.0,0.0,0.0,0.0,0.0,0.0,0.0,3.7777777777777777,7.111111111111111,35.666666666666664,0.2222222222222222,0.0,96.77777777777777,5.666666666666667,1.5555555555555556,0.0,0.0,0.2222222222222222,6.788888888888888,0.0994475138121551,0.5678119349005424,0.9337231968810916,0.545348837209302,0.1283783783783763
den,WR,1.0,16,Josh Reynolds,29.0,0.0,0.0,0.0,0.0,0.0,0.0,2.5,4.0,38.0,0.3125,0.0625,40.3125,10.8125,2.0,0.0,0.0,0.3125,6.800000000000001,0.5051302288871349,0.969258589511754,0.1773879142300192,0.0720930232558139,0.1118618618618612
nor,WR,1.0,8,A.T. Perry,25.0,0.0,0.0,0.0,0.0,0.0,0.0,1.5,2.25,30.75,0.5,0.0,36.625,2.5,1.25,0.0,0.0,0.5,6.825,0.348066298342542,0.6835443037974682,0.1559454191033138,0.1802325581395347,0.5315315315315301
sea,WR,1.0,17,Jaxon Smith-Njigba,22.0,0.0,0.0,0.0,0.0,0.0,0.0,3.7058823529411766,5.470588235294118,36.94117647058823,0.23529411764705882,0.0,33.470588235294116,21.529411764705884,1.7058823529411764,0.0,0.0,0.23529411764705882,6.958823529411765,0.2091554853985795,0.786618444846293,0.539961013645224,0.3313953488372085,0.5510510510510498
buf,TE,1.0,16,Dalton Kincaid,25.0,0.0,0.0,0.0,0.0,0.0,0.0,4.5625,5.6875,42.0625,0.125,0.0625,33.625,19.6875,1.8125,0.0,0.0,0.125,7.1125,0.5074980268350431,0.9529837251356236,0.6569200779727091,0.3453488372093023,0.5195195195195188
cle,WR,1.0,16,Jerry Jeudy,25.0,0.0,0.0,0.0,0.0,0.0,0.0,3.375,5.4375,47.375,0.125,0.0,69.3125,20.1875,1.75,0.0,0.0,0.125,7.175,0.4530386740331487,0.5045207956600362,0.4756335282651065,0.2209302325581394,0.6771771771771764
crd,WR,1.0,13,Michael Wilson,24.0,0.0,0.0,0.0,0.0,0.0,0.0,2.923076923076923,4.461538461538462,43.46153846153846,0.23076923076923078,0.0,55.38461538461539,10.692307692307692,2.230769230769231,0.07692307692307693,0.0,0.23076923076923078,7.192307692307692,0.0994475138121551,0.5678119349005424,0.9337231968810916,0.545348837209302,0.1283783783783763
clt,WR,1.0,17,Josh Downs,23.0,0.0,0.0,0.0,0.0,0.0,0.0,4.0,5.764705882352941,45.35294117647059,0.11764705882352941,0.0,41.588235294117645,21.823529411764707,1.7647058823529411,0.0,0.0,0.11764705882352941,7.241176470588235,0.7316495659037092,0.2314647377938518,0.130604288499025,0.2965116279069768,0.671171171171169
nyg,WR,1.0,17,Darius Slayton,27.0,0.0,0.0,0.0,0.0,0.0,0.0,2.9411764705882355,4.647058823529412,45.294117647058826,0.23529411764705882,0.0,56.88235294117647,17.529411764705884,1.7058823529411764,0.0,0.0,0.23529411764705882,7.411764705882353,0.0,0.4267631103074141,0.1325536062378169,0.4593023255813953,0.3355855855855862
nwe,TE,1.0,13,Hunter Henry,30.0,0.0,0.0,0.0,0.0,0.0,0.0,3.230769230769231,4.6923076923076925,32.23076923076923,0.46153846153846156,0.0,41.38461538461539,6.0,2.230769230769231,0.0,0.0,0.46153846153846156,7.607692307692307,0.4577742699289659,0.8173598553345387,0.2417153996101362,0.1046511627906974,0.561561561561561
phi,TE,1.0,14,Dallas Goedert,29.0,0.07142857142857142,0.07142857142857142,0.0,0.0,0.0,0.0,4.214285714285714,5.928571428571429,42.285714285714285,0.21428571428571427,0.0,31.785714285714285,22.785714285714285,2.357142857142857,0.0,0.0,0.21428571428571427,7.628571428571428,0.5240726124704027,0.8553345388788427,0.0,0.3720930232558137,0.3633633633633639
buf,WR,1.0,16,Curtis Samuel,28.0,0.4375,2.4375,0.0625,0.0,0.25,0.0,3.875,5.6875,38.3125,0.25,0.0,37.375,16.25,1.625,0.0,0.0,0.3125,7.8875,0.5074980268350431,0.9529837251356236,0.6569200779727091,0.3453488372093023,0.5195195195195188
htx,TE,1.0,15,Dalton Schultz,28.0,0.0,0.0,0.0,0.0,0.0,0.0,3.933333333333333,5.866666666666666,42.333333333333336,0.3333333333333333,0.06666666666666667,44.6,17.266666666666666,2.3333333333333335,0.0,0.0,0.3333333333333333,8.066666666666666,0.0276243093922654,0.7902350813743217,0.2241715399610138,0.8093023255813949,0.4684684684684672
den,WR,0.8,16,Tim Patrick,31.0,0.0,0.0,0.0,0.0,0.0,0.0,3.3125,5.3125,45.875,0.3125,0.0,62.1875,12.625,2.4375,0.0,0.0,0.3125,8.11875,0.5051302288871349,0.969258589511754,0.1773879142300192,0.0720930232558139,0.1118618618618612
crd,TE,1.0,17,Trey McBride,25.0,0.0,0.0,0.0,0.0,0.0,0.0,4.764705882352941,6.235294117647059,48.529411764705884,0.17647058823529413,0.0,38.35294117647059,24.705882352941178,2.4705882352941178,0.0,0.0,0.17647058823529413,8.294117647058824,0.0994475138121551,0.5678119349005424,0.9337231968810916,0.545348837209302,0.1283783783783763
dal,TE,1.0,17,Jake Ferguson,25.0,0.0,0.0,0.0,0.0,0.0,0.0,4.176470588235294,6.0,44.76470588235294,0.29411764705882354,0.0,30.235294117647058,25.0,2.3529411764705883,0.0,0.0,0.29411764705882354,8.329411764705883,0.2336227308603002,0.91500904159132,0.1695906432748537,0.4058139534883715,1.0
kan,WR,1.0,13,Marquise Brown,27.0,0.15384615384615385,1.7692307692307692,0.0,0.0,0.07692307692307693,0.0,3.923076923076923,7.769230769230769,44.15384615384615,0.3076923076923077,0.0,91.23076923076923,12.615384615384615,2.4615384615384617,0.0,0.0,0.3076923076923077,8.4,0.5185477505919498,0.9240506329113922,0.3879142300194931,0.5546511627906976,0.2740240240240252
htx,WR,1.0,10,Noah Brown,28.0,0.1,-0.1,0.0,0.0,0.0,0.0,3.3,5.5,56.7,0.2,0.0,65.8,22.3,2.4,0.0,0.0,0.2,8.510000000000002,0.0276243093922654,0.7902350813743217,0.2241715399610138,0.8093023255813949,0.4684684684684672
gnb,WR,1.0,17,Romeo Doubs,24.0,0.0,0.0,0.0,0.0,0.0,0.0,3.4705882352941178,5.647058823529412,39.64705882352941,0.47058823529411764,0.0,66.23529411764706,7.882352941176471,2.411764705882353,0.0,0.0,0.47058823529411764,8.523529411764706,0.5161799526440412,0.7992766726943941,0.2962962962962963,0.3186046511627909,0.6021021021021014
atl,WR,1.0,16,Drake London,23.0,0.0,0.0,0.0,0.0,0.0,0.0,4.3125,6.875,56.5625,0.125,0.0,79.0,11.75,2.8125,0.0625,0.0,0.125,8.5625,0.7355958958168909,0.8444846292947557,0.5165692007797271,0.0,0.4752252252252242
nor,WR,1.0,15,Rashid Shaheed,26.0,0.4666666666666667,2.466666666666667,0.0,0.0,0.06666666666666667,0.0,3.066666666666667,5.0,47.93333333333333,0.3333333333333333,0.0,72.93333333333334,10.066666666666666,1.8,0.0,0.06666666666666667,0.3333333333333333,8.573333333333334,0.348066298342542,0.6835443037974682,0.1559454191033138,0.1802325581395347,0.5315315315315301
sdg,WR,1.0,10,Josh Palmer,25.0,0.1,0.6,0.0,0.0,0.0,0.0,3.8,6.1,58.1,0.2,0.1,69.3,19.6,2.2,0.0,0.0,0.2,8.77,0.4640883977900549,0.833634719710669,0.0331384015594542,0.2860465116279065,0.400150150150151
dal,WR,1.0,16,Brandin Cooks,31.0,0.3125,2.1875,0.0,0.0,0.0625,0.0,3.375,5.0625,41.0625,0.5,0.0,66.8125,7.8125,2.375,0.0625,0.0,0.5,9.0125,0.2336227308603002,0.91500904159132,0.1695906432748537,0.4058139534883715,1.0
ram,WR,1.0,8,Demarcus Robinson,30.0,0.125,2.875,0.0,0.0,0.125,0.0,3.25,4.875,46.375,0.5,0.125,59.75,11.125,2.5,0.0,0.0,0.5,9.3,0.5509076558800321,0.8824593128390597,0.7582846003898633,0.38953488372093,0.2695195195195197
sea,WR,1.0,17,Tyler Lockett,32.0,0.0,0.0,0.0,0.0,0.0,0.0,4.647058823529412,7.176470588235294,52.588235294117645,0.29411764705882354,0.0,77.76470588235294,12.352941176470589,2.764705882352941,0.11764705882352941,0.0,0.29411764705882354,9.347058823529412,0.2091554853985795,0.786618444846293,0.539961013645224,0.3313953488372085,0.5510510510510498
was,WR,1.0,17,Terry McLaurin,29.0,0.0,0.0,0.0,0.0,0.0,0.0,4.647058823529412,7.764705882352941,58.94117647058823,0.23529411764705882,0.0,89.05882352941177,20.58823529411765,2.764705882352941,0.0,0.0,0.23529411764705882,9.629411764705884,0.5138121546961325,1.0,0.1949317738791425,0.0848837209302324,0.2907907907907914
chi,TE,1.0,15,Cole Kmet,25.0,0.2,0.13333333333333333,0.0,0.0,0.13333333333333333,0.0,4.866666666666666,6.0,47.93333333333333,0.4,0.0,37.13333333333333,19.333333333333332,2.4,0.0,0.0,0.4,9.64,0.4175217048145221,0.9204339963833632,0.3684210526315792,0.96860465116279,0.2747747747747748
gnb,WR,1.0,9,Christian Watson,25.0,0.4444444444444444,1.2222222222222223,0.0,0.0,0.1111111111111111,0.0,3.111111111111111,5.888888888888889,46.888888888888886,0.5555555555555556,0.0,90.77777777777777,11.666666666666666,2.2222222222222223,0.0,0.0,0.5555555555555556,9.700000000000001,0.5161799526440412,0.7992766726943941,0.2962962962962963,0.3186046511627909,0.6021021021021014
cin,WR,1.0,12,Tee Higgins,25.0,0.0,0.0,0.0,0.0,0.0,0.0,3.5,6.333333333333333,54.666666666666664,0.4166666666666667,0.0,81.08333333333333,19.583333333333332,2.75,0.0,0.0,0.4166666666666667,9.716666666666667,0.4293606945540653,0.6962025316455696,0.1033138401559456,0.4302325581395343,0.2687687687687692
tam,WR,1.0,17,Chris Godwin,28.0,0.23529411764705882,2.235294117647059,0.058823529411764705,0.0,0.17647058823529413,0.0,4.882352941176471,7.647058823529412,60.23529411764706,0.11764705882352941,0.0,69.41176470588235,22.11764705882353,3.1176470588235294,0.058823529411764705,0.0,0.17647058823529413,9.74705882352941,0.2865035516969221,0.6835443037974682,0.5886939571150096,0.1546511627906976,0.4121621621621623
nyj,WR,1.0,17,Garrett Wilson,24.0,0.23529411764705882,0.0,0.0,0.0,0.058823529411764705,0.0,5.588235294117647,9.882352941176471,61.294117647058826,0.17647058823529413,0.11764705882352941,100.41176470588235,19.235294117647058,2.764705882352941,0.0,0.0,0.17647058823529413,9.74705882352941,0.5564325177584846,0.0,0.3099415204678362,0.4639534883720926,0.963213213213212
car,WR,1.0,13,Diontae Johnson,28.0,0.0,0.0,0.0,0.0,0.0,0.0,3.923076923076923,6.6923076923076925,55.15384615384615,0.38461538461538464,0.0,85.07692307692308,20.076923076923077,2.923076923076923,0.0,0.0,0.38461538461538464,9.784615384615385,0.3417521704814521,0.3001808318264014,0.8421052631578942,0.3825581395348836,0.3671171171171163
cle,TE,1.0,16,David Njoku,28.0,0.0,0.0,0.0,0.0,0.0,0.0,5.0625,7.6875,55.125,0.375,0.125,35.375,37.4375,2.1875,0.0,0.0,0.375,10.04375,0.4530386740331487,0.5045207956600362,0.4756335282651065,0.2209302325581394,0.6771771771771764
den,WR,1.0,16,Courtland Sutton,29.0,0.0,0.0,0.0,0.0,0.0,0.0,3.6875,5.625,48.25,0.625,0.1875,66.25,9.75,2.3125,0.0,0.0,0.625,10.04375,0.5051302288871349,0.969258589511754,0.1773879142300192,0.0720930232558139,0.1118618618618612
jax,WR,1.0,12,Christian Kirk,28.0,0.08333333333333333,0.5,0.0,0.0,0.0,0.0,4.75,7.083333333333333,65.58333333333333,0.25,0.16666666666666666,70.16666666666667,20.583333333333332,2.8333333333333335,0.0,0.0,0.25,10.150000000000002,0.209944751381216,0.72875226039783,0.0740740740740744,0.3372093023255806,0.5683183183183171
nwe,WR,1.0,8,Kendrick Bourne,29.0,0.125,0.5,0.0,0.0,0.125,0.0,4.625,6.875,50.75,0.5,0.125,71.75,25.375,1.875,0.0,0.0,0.5,10.1875,0.4577742699289659,0.8173598553345387,0.2417153996101362,0.1046511627906974,0.561561561561561
jax,TE,1.0,17,Evan Engram,30.0,0.0,0.0,0.0,0.0,0.0,0.0,6.705882352941177,8.411764705882353,56.64705882352941,0.23529411764705882,0.11764705882352941,42.11764705882353,30.352941176470587,2.764705882352941,0.0,0.0,0.23529411764705882,10.194117647058823,0.209944751381216,0.72875226039783,0.0740740740740744,0.3372093023255806,0.5683183183183171
rav,WR,1.0,16,Zay Flowers,24.0,0.5,3.5,0.0625,0.0,0.0625,0.0,4.8125,6.75,53.625,0.3125,0.0,57.5625,24.1875,2.5625,0.0625,0.0,0.375,10.36875,0.653512233622731,0.922242314647378,0.680311890838206,0.3395348837209302,0.7312312312312299
pit,WR,1.0,17,George Pickens,23.0,0.17647058823529413,1.0588235294117647,0.0,0.0,0.11764705882352941,0.0,3.7058823529411766,6.235294117647059,67.05882352941177,0.29411764705882354,0.0,84.0,22.823529411764707,2.411764705882353,0.0,0.0,0.29411764705882354,10.429411764705884,0.4925019731649569,0.6889692585895117,0.5692007797270953,0.1825581395348834,0.7087087087087065
car,WR,1.0,17,Adam Thielen,34.0,0.058823529411764705,0.35294117647058826,0.0,0.0,0.0,0.0,6.0588235294117645,8.058823529411764,59.64705882352941,0.23529411764705882,0.0,62.23529411764706,20.0,3.2941176470588234,0.058823529411764705,0.0,0.23529411764705882,10.441176470588236,0.3417521704814521,0.3001808318264014,0.8421052631578942,0.3825581395348836,0.3671171171171163
sfo,TE,1.0,16,George Kittle,31.0,0.0625,0.125,0.0,0.0,0.0625,0.0,4.0625,5.625,63.75,0.375,0.0,53.25,30.1875,2.625,0.0,0.0,0.375,10.66875,0.3520126282557223,0.867992766726944,0.6822612085769979,1.0,0.942942942942941
kan,WR,1.0,16,Rashee Rice,24.0,0.0625,-0.1875,0.0,0.0,0.0,0.0,4.9375,6.375,58.625,0.4375,0.0625,30.6875,40.875,2.75,0.0,0.0,0.4375,10.8125,0.5185477505919498,0.9240506329113922,0.3879142300194931,0.5546511627906976,0.2740240240240252
oti,WR,1.0,17,DeAndre Hopkins,32.0,0.11764705882352941,0.5294117647058824,0.0,0.0,0.0,0.0,4.411764705882353,8.058823529411764,62.1764705882353,0.4117647058823529,0.0,113.76470588235294,13.117647058823529,2.823529411764706,0.0,0.0,0.4117647058823529,10.947058823529414,0.5406471981057615,0.4394213381555154,0.5614035087719298,0.2116279069767439,0.0
min,WR,1.0,17,Jordan Addison,22.0,0.058823529411764705,0.11764705882352941,0.0,0.0,0.0,0.0,4.117647058823529,6.352941176470588,53.588235294117645,0.5882352941176471,0.0,79.23529411764706,15.411764705882353,2.235294117647059,0.0,0.0,0.5882352941176471,10.958823529411765,0.3938437253354379,0.9258589511754068,0.6179337231968809,0.5162790697674415,0.8295795795795788
ram,WR,1.0,12,Cooper Kupp,31.0,0.08333333333333333,-0.25,0.0,0.0,0.0,0.0,4.916666666666667,7.916666666666667,61.416666666666664,0.4166666666666667,0.0,65.08333333333333,26.833333333333332,2.75,0.08333333333333333,0.0,0.4166666666666667,11.075000000000001,0.5509076558800321,0.8824593128390597,0.7582846003898633,0.38953488372093,0.2695195195195197
rai,WR,1.0,16,Jakobi Meyers,28.0,0.25,1.5,0.125,0.0,0.1875,0.0,4.4375,6.625,50.4375,0.5,0.0,64.25,15.125,2.875,0.0,0.0,0.625,11.162500000000001,0.2991318074191005,0.4792043399638337,0.1559454191033138,0.4767441860465116,0.2860360360360356
oti,WR,1.0,17,Calvin Ridley,30.0,0.5294117647058824,1.3529411764705883,0.0,0.0,0.17647058823529413,0.0,4.470588235294118,8.0,59.76470588235294,0.47058823529411764,0.0,104.17647058823529,11.411764705882353,2.8823529411764706,0.058823529411764705,0.0,0.47058823529411764,11.170588235294119,0.5406471981057615,0.4394213381555154,0.5614035087719298,0.2116279069767439,0.0
rav,TE,1.0,10,Mark Andrews,29.0,0.1,0.0,0.0,0.0,0.0,0.0,4.5,6.1,54.4,0.6,0.0,44.3,21.7,2.7,0.0,0.0,0.6,11.29,0.653512233622731,0.922242314647378,0.680311890838206,0.3395348837209302,0.7312312312312299
det,TE,1.0,17,Sam LaPorta,23.0,0.058823529411764705,0.23529411764705882,0.0,0.0,0.0,0.0,5.0588235294117645,7.0588235294117645,52.294117647058826,0.5882352941176471,0.0,50.05882352941177,21.058823529411764,2.823529411764706,0.11764705882352941,0.0,0.5882352941176471,11.311764705882354,1.0,0.8372513562386981,0.5925925925925921,0.5895348837209302,0.4339339339339343
min,TE,1.0,15,T.J. Hockenson,27.0,0.0,0.0,0.0,0.0,0.0,0.0,6.333333333333333,8.466666666666667,64.0,0.3333333333333333,0.06666666666666667,65.06666666666666,22.4,3.2,0.0,0.0,0.3333333333333333,11.433333333333334,0.3938437253354379,0.9258589511754068,0.6179337231968809,0.5162790697674415,0.8295795795795788
gnb,WR,1.0,16,Jayden Reed,24.0,0.6875,7.4375,0.125,0.0,0.375,0.0,4.0,5.875,49.5625,0.5,0.0,60.625,20.9375,2.0,0.0625,0.0,0.625,11.450000000000001,0.5161799526440412,0.7992766726943941,0.2962962962962963,0.3186046511627909,0.6021021021021014
kan,TE,1.0,15,Travis Kelce,35.0,0.0,0.0,0.0,0.0,0.0,0.0,6.2,8.066666666666666,65.6,0.3333333333333333,0.06666666666666667,53.8,31.333333333333332,3.3333333333333335,0.0,0.0,0.3333333333333333,11.526666666666666,0.5185477505919498,0.9240506329113922,0.3879142300194931,0.5546511627906976,0.2740240240240252
nyj,WR,0.9187500000000001,16,Mike Williams,30.0,0.0625,0.1875,0.0,0.0,0.0,0.0,5.125,7.4375,71.5,0.3125,0.0,88.625,27.0,3.0,0.0,0.0,0.3125,11.60625,0.5564325177584846,0.0,0.3099415204678362,0.4639534883720926,0.963213213213212
nor,WR,1.0,16,Chris Olave,24.0,0.0,0.0,0.0,0.0,0.0,0.0,5.4375,8.625,70.1875,0.3125,0.0,114.625,21.6875,3.5625,0.0625,0.0,0.3125,11.6125,0.348066298342542,0.6835443037974682,0.1559454191033138,0.1802325581395347,0.5315315315315301
mia,WR,1.0,14,Jaylen Waddle,26.0,0.21428571428571427,0.8571428571428571,0.0,0.0,0.07142857142857142,0.0,5.142857142857143,7.428571428571429,72.42857142857143,0.2857142857142857,0.0,75.07142857142857,30.071428571428573,3.357142857142857,0.0,0.0,0.2857142857142857,11.614285714285714,0.3007103393843731,0.8589511754068717,1.0,0.6627906976744184,0.721471471471471
phi,WR,1.0,16,DeVonta Smith,26.0,0.0,0.0,0.0,0.0,0.0,0.0,5.0625,7.0,66.625,0.4375,0.0625,84.375,18.375,2.9375,0.0,0.0,0.4375,11.693750000000001,0.5240726124704027,0.8553345388788427,0.0,0.3720930232558137,0.3633633633633639
rai,WR,1.0,17,Davante Adams,32.0,0.0,0.0,0.0,0.0,0.0,0.0,6.0588235294117645,10.294117647058824,67.29411764705883,0.47058823529411764,0.0,111.52941176470588,19.764705882352942,3.4705882352941178,0.0,0.0,0.47058823529411764,12.582352941176472,0.2991318074191005,0.4792043399638337,0.1559454191033138,0.4767441860465116,0.2860360360360356
cle,WR,1.0,15,Amari Cooper,30.0,0.0,0.0,0.0,0.0,0.0,0.0,4.8,8.533333333333333,83.33333333333333,0.3333333333333333,0.06666666666666667,122.26666666666667,18.066666666666666,3.3333333333333335,0.06666666666666667,0.0,0.3333333333333333,12.600000000000001,0.4530386740331487,0.5045207956600362,0.4756335282651065,0.2209302325581394,0.6771771771771764
htx,WR,1.0,17,Stefon Diggs,31.0,0.058823529411764705,0.29411764705882354,0.0,0.0,0.058823529411764705,0.0,6.294117647058823,9.411764705882353,69.58823529411765,0.47058823529411764,0.058823529411764705,97.52941176470588,23.470588235294116,3.411764705882353,0.058823529411764705,0.0,0.47058823529411764,12.841176470588236,0.0276243093922654,0.7902350813743217,0.2241715399610138,0.8093023255813949,0.4684684684684672
sfo,WR,1.0,16,Brandon Aiyuk,26.0,0.0,0.0,0.0,0.0,0.0,0.0,4.6875,6.5625,83.875,0.4375,0.0625,91.6875,22.625,3.8125,0.0,0.0,0.4375,13.231250000000001,0.3520126282557223,0.867992766726944,0.6822612085769979,1.0,0.942942942942941
phi,WR,1.0,17,A.J. Brown,27.0,0.0,0.0,0.0,0.0,0.0,0.0,6.235294117647059,9.294117647058824,85.6470588235294,0.4117647058823529,0.11764705882352941,109.0,27.823529411764707,4.117647058823529,0.0,0.0,0.4117647058823529,13.91764705882353,0.5240726124704027,0.8553345388788427,0.0,0.3720930232558137,0.3633633633633639
chi,WR,1.0,17,D.J. Moore,27.0,0.23529411764705882,1.2352941176470589,0.058823529411764705,0.0,0.058823529411764705,0.0,5.647058823529412,8.0,80.23529411764706,0.47058823529411764,0.058823529411764705,86.82352941176471,31.705882352941178,3.764705882352941,0.0,0.0,0.5294117647058824,14.029411764705884,0.4175217048145221,0.9204339963833632,0.3684210526315792,0.96860465116279,0.2747747747747748
htx,WR,1.0,10,Tank Dell,25.0,1.1,5.1,0.0,0.0,0.3,0.0,4.7,7.5,70.9,0.7,0.0,107.0,15.2,3.4,0.0,0.0,0.7,14.15,0.0276243093922654,0.7902350813743217,0.2241715399610138,0.8093023255813949,0.4684684684684672
sfo,WR,1.0,15,Deebo Samuel,28.0,2.466666666666667,15.0,0.3333333333333333,0.0,0.8666666666666667,0.0,4.0,5.933333333333334,59.46666666666667,0.4666666666666667,0.0,39.06666666666667,35.13333333333333,2.2666666666666666,0.0,0.0,0.8,14.246666666666666,0.3520126282557223,0.867992766726944,0.6822612085769979,1.0,0.942942942942941
tam,WR,1.0,17,Mike Evans,31.0,0.0,0.0,0.0,0.0,0.0,0.0,4.647058823529412,8.0,73.82352941176471,0.7647058823529411,0.0,112.11764705882354,18.941176470588236,3.176470588235294,0.0,0.0,0.7647058823529411,14.294117647058824,0.2865035516969221,0.6835443037974682,0.5886939571150096,0.1546511627906976,0.4121621621621623
ram,WR,1.0,17,Puka Nacua,23.0,0.7058823529411765,5.235294117647059,0.0,0.0,0.29411764705882354,0.0,6.176470588235294,9.411764705882353,87.41176470588235,0.35294117647058826,0.0,85.47058823529412,37.588235294117645,4.0,0.0,0.0,0.35294117647058826,14.470588235294116,0.5509076558800321,0.8824593128390597,0.7582846003898633,0.38953488372093,0.2695195195195197
htx,WR,1.0,15,Nico Collins,25.0,0.06666666666666667,0.4666666666666667,0.0,0.0,0.0,0.0,5.333333333333333,7.266666666666667,86.46666666666667,0.5333333333333333,0.0,79.06666666666666,36.6,3.533333333333333,0.06666666666666667,0.0,0.5333333333333333,14.56,0.0276243093922654,0.7902350813743217,0.2241715399610138,0.8093023255813949,0.4684684684684672
chi,WR,1.0,13,Keenan Allen,32.0,0.15384615384615385,0.46153846153846156,0.0,0.0,0.07692307692307693,0.0,8.307692307692308,11.538461538461538,95.61538461538461,0.5384615384615384,0.07692307692307693,111.6923076923077,30.46153846153846,4.3076923076923075,0.0,0.0,0.5384615384615384,16.838461538461537,0.4175217048145221,0.9204339963833632,0.3684210526315792,0.96860465116279,0.2747747747747748
det,WR,1.0,16,Amon-Ra St. Brown,25.0,0.25,1.5,0.0,0.0,0.125,0.0,7.4375,10.25,94.6875,0.625,0.0625,79.4375,41.75,4.6875,0.0,0.0,0.625,16.9625,1.0,0.8372513562386981,0.5925925925925921,0.5895348837209302,0.4339339339339343
min,WR,1.0,10,Justin Jefferson,25.0,0.1,-1.2,0.0,0.0,0.0,0.0,6.8,10.0,107.4,0.5,0.0,125.8,26.0,5.1,0.0,0.0,0.5,17.020000000000003,0.3938437253354379,0.9258589511754068,0.6179337231968809,0.5162790697674415,0.8295795795795788
dal,WR,1.0,17,CeeDee Lamb,25.0,0.8235294117647058,6.647058823529412,0.11764705882352941,0.0,0.35294117647058826,0.0,7.9411764705882355,10.647058823529411,102.88235294117646,0.7058823529411765,0.058823529411764705,101.29411764705883,40.0,4.705882352941177,0.058823529411764705,0.0,0.8235294117647058,19.747058823529414,0.2336227308603002,0.91500904159132,0.1695906432748537,0.4058139534883715,1.0
mia,WR,1.0,16,Tyreek Hill,30.0,0.375,0.9375,0.0,0.0,0.125,0.0,7.4375,10.6875,112.4375,0.8125,0.0625,115.4375,40.75,5.1875,0.0,0.0,0.8125,19.80625,0.3007103393843731,0.8589511754068717,1.0,0.6627906976744184,0.721471471471471
